relpath,dataset,method,params,case,seed,verdict,correct
addendum/lmdraft/gsm8k_qwen3/r_fuzzy/alpha0.25/case_001/seed_0,gsm8k_qwen3,r_fuzzy,alpha0.25,case_001,0,wrong,0
addendum/lmdraft/gsm8k_qwen3/r_fuzzy/alpha0.25/case_002/seed_0,gsm8k_qwen3,r_fuzzy,alpha0.25,case_002,0,correct,1
addendum/lmdraft/gsm8k_qwen3/r_fuzzy/alpha0.25/case_003/seed_0,gsm8k_qwen3,r_fuzzy,alpha0.25,case_003,0,wrong,0
addendum/lmdraft/gsm8k_qwen3/r_fuzzy/alpha0.25/case_004/seed_0,gsm8k_qwen3,r_fuzzy,alpha0.25,case_004,0,correct,1
addendum/lmdraft/gsm8k_qwen3/r_fuzzy/alpha0.25/case_005/seed_0,gsm8k_qwen3,r_fuzzy,alpha0.25,case_005,0,correct,1
addendum/lmdraft/gsm8k_qwen3/r_fuzzy/alpha0.25/case_006/seed_0,gsm8k_qwen3,r_fuzzy,alpha0.25,case_006,0,correct,1
addendum/lmdraft/gsm8k_qwen3/r_fuzzy/alpha0.25/case_007/seed_0,gsm8k_qwen3,r_fuzzy,alpha0.25,case_007,0,correct,1
addendum/lmdraft/gsm8k_qwen3/r_fuzzy/alpha0.25/case_008/seed_0,gsm8k_qwen3,r_fuzzy,alpha0.25,case_008,0,correct,1
addendum/lmdraft/gsm8k_qwen3/r_fuzzy/alpha0.25/case_009/seed_0,gsm8k_qwen3,r_fuzzy,alpha0.25,case_009,0,wrong,0
addendum/lmdraft/gsm8k_qwen3/r_fuzzy/alpha0.25/case_010/seed_0,gsm8k_qwen3,r_fuzzy,alpha0.25,case_010,0,correct,1
addendum/lmdraft/gsm8k_qwen3/r_fuzzy/alpha0.25/case_011/seed_0,gsm8k_qwen3,r_fuzzy,alpha0.25,case_011,0,correct,1
addendum/lmdraft/gsm8k_qwen3/r_fuzzy/alpha0.25/case_012/seed_0,gsm8k_qwen3,r_fuzzy,alpha0.25,case_012,0,correct,1
addendum/lmdraft/gsm8k_qwen3/r_fuzzy/alpha0.25/case_013/seed_0,gsm8k_qwen3,r_fuzzy,alpha0.25,case_013,0,wrong,0
addendum/lmdraft/gsm8k_qwen3/r_fuzzy/alpha0.25/case_014/seed_0,gsm8k_qwen3,r_fuzzy,alpha0.25,case_014,0,wrong,0
addendum/lmdraft/gsm8k_qwen3/r_fuzzy/alpha0.25/case_015/seed_0,gsm8k_qwen3,r_fuzzy,alpha0.25,case_015,0,correct,1
addendum/lmdraft/gsm8k_qwen3/r_fuzzy/alpha0.25/case_016/seed_0,gsm8k_qwen3,r_fuzzy,alpha0.25,case_016,0,correct,1
addendum/lmdraft/gsm8k_qwen3/r_fuzzy/alpha0.25/case_017/seed_0,gsm8k_qwen3,r_fuzzy,alpha0.25,case_017,0,correct,1
addendum/lmdraft/gsm8k_qwen3/r_fuzzy/alpha0.25/case_018/seed_0,gsm8k_qwen3,r_fuzzy,alpha0.25,case_018,0,correct,1
addendum/lmdraft/gsm8k_qwen3/r_fuzzy/alpha0.25/case_019/seed_0,gsm8k_qwen3,r_fuzzy,alpha0.25,case_019,0,correct,1
addendum/lmdraft/gsm8k_qwen3/r_fuzzy/alpha0.25/case_020/seed_0,gsm8k_qwen3,r_fuzzy,alpha0.25,case_020,0,wrong,0
addendum/lmdraft/gsm8k_qwen3/r_fuzzy/alpha0.25/case_021/seed_0,gsm8k_qwen3,r_fuzzy,alpha0.25,case_021,0,wrong,0
addendum/lmdraft/gsm8k_qwen3/r_fuzzy/alpha0.25/case_022/seed_0,gsm8k_qwen3,r_fuzzy,alpha0.25,case_022,0,wrong,0
addendum/lmdraft/gsm8k_qwen3/r_fuzzy/alpha0.25/case_023/seed_0,gsm8k_qwen3,r_fuzzy,alpha0.25,case_023,0,correct,1
addendum/lmdraft/gsm8k_qwen3/r_fuzzy/alpha0.25/case_024/seed_0,gsm8k_qwen3,r_fuzzy,alpha0.25,case_024,0,correct,1
addendum/lmdraft/gsm8k_qwen3/r_fuzzy/alpha0.25/case_025/seed_0,gsm8k_qwen3,r_fuzzy,alpha0.25,case_025,0,correct,1
addendum/lmdraft/gsm8k_qwen3/r_fuzzy/alpha0.25/case_026/seed_0,gsm8k_qwen3,r_fuzzy,alpha0.25,case_026,0,correct,1
addendum/lmdraft/gsm8k_qwen3/r_fuzzy/alpha0.25/case_027/seed_0,gsm8k_qwen3,r_fuzzy,alpha0.25,case_027,0,correct,1
addendum/lmdraft/gsm8k_qwen3/r_fuzzy/alpha0.25/case_028/seed_0,gsm8k_qwen3,r_fuzzy,alpha0.25,case_028,0,correct,1
addendum/lmdraft/gsm8k_qwen3/r_fuzzy/alpha0.25/case_029/seed_0,gsm8k_qwen3,r_fuzzy,alpha0.25,case_029,0,correct,1
addendum/lmdraft/gsm8k_qwen3/r_fuzzy/alpha0.25/case_030/seed_0,gsm8k_qwen3,r_fuzzy,alpha0.25,case_030,0,correct,1
addendum/lmdraft/gsm8k_qwen3/r_fuzzy/alpha0.25/case_031/seed_0,gsm8k_qwen3,r_fuzzy,alpha0.25,case_031,0,correct,1
addendum/lmdraft/gsm8k_qwen3/r_fuzzy/alpha0.25/case_032/seed_0,gsm8k_qwen3,r_fuzzy,alpha0.25,case_032,0,correct,1
addendum/lmdraft/gsm8k_qwen3/r_fuzzy/alpha0.25/case_033/seed_0,gsm8k_qwen3,r_fuzzy,alpha0.25,case_033,0,correct,1
addendum/lmdraft/gsm8k_qwen3/r_fuzzy/alpha0.25/case_034/seed_0,gsm8k_qwen3,r_fuzzy,alpha0.25,case_034,0,correct,1
addendum/lmdraft/gsm8k_qwen3/r_fuzzy/alpha0.25/case_035/seed_0,gsm8k_qwen3,r_fuzzy,alpha0.25,case_035,0,correct,1
addendum/lmdraft/gsm8k_qwen3/r_fuzzy/alpha0.25/case_036/seed_0,gsm8k_qwen3,r_fuzzy,alpha0.25,case_036,0,correct,1
addendum/lmdraft/gsm8k_qwen3/r_fuzzy/alpha0.25/case_037/seed_0,gsm8k_qwen3,r_fuzzy,alpha0.25,case_037,0,correct,1
addendum/lmdraft/gsm8k_qwen3/r_fuzzy/alpha0.25/case_038/seed_0,gsm8k_qwen3,r_fuzzy,alpha0.25,case_038,0,wrong,0
addendum/lmdraft/gsm8k_qwen3/r_fuzzy/alpha0.25/case_039/seed_0,gsm8k_qwen3,r_fuzzy,alpha0.25,case_039,0,wrong,0
addendum/lmdraft/gsm8k_qwen3/r_fuzzy/alpha0.25/case_040/seed_0,gsm8k_qwen3,r_fuzzy,alpha0.25,case_040,0,wrong,0
addendum/lmdraft/gsm8k_qwen3/r_fuzzy/alpha0.25/case_041/seed_0,gsm8k_qwen3,r_fuzzy,alpha0.25,case_041,0,wrong,0
addendum/lmdraft/gsm8k_qwen3/r_fuzzy/alpha0.25/case_042/seed_0,gsm8k_qwen3,r_fuzzy,alpha0.25,case_042,0,wrong,0
addendum/lmdraft/gsm8k_qwen3/r_fuzzy/alpha0.25/case_043/seed_0,gsm8k_qwen3,r_fuzzy,alpha0.25,case_043,0,correct,1
addendum/lmdraft/gsm8k_qwen3/r_fuzzy/alpha0.25/case_044/seed_0,gsm8k_qwen3,r_fuzzy,alpha0.25,case_044,0,correct,1
addendum/lmdraft/gsm8k_qwen3/r_fuzzy/alpha0.25/case_045/seed_0,gsm8k_qwen3,r_fuzzy,alpha0.25,case_045,0,correct,1
addendum/lmdraft/gsm8k_qwen3/r_fuzzy/alpha0.25/case_046/seed_0,gsm8k_qwen3,r_fuzzy,alpha0.25,case_046,0,correct,1
addendum/lmdraft/gsm8k_qwen3/r_fuzzy/alpha0.25/case_047/seed_0,gsm8k_qwen3,r_fuzzy,alpha0.25,case_047,0,correct,1
addendum/lmdraft/gsm8k_qwen3/r_fuzzy/alpha0.25/case_048/seed_0,gsm8k_qwen3,r_fuzzy,alpha0.25,case_048,0,correct,1
addendum/lmdraft/gsm8k_qwen3/r_fuzzy/alpha0.25/case_049/seed_0,gsm8k_qwen3,r_fuzzy,alpha0.25,case_049,0,correct,1
addendum/lmdraft/gsm8k_qwen3/r_fuzzy/alpha0.25/case_050/seed_0,gsm8k_qwen3,r_fuzzy,alpha0.25,case_050,0,correct,1
addendum/lmdraft/gsm8k_qwen3/r_fuzzy/alpha0.25/case_051/seed_0,gsm8k_qwen3,r_fuzzy,alpha0.25,case_051,0,correct,1
addendum/lmdraft/gsm8k_qwen3/r_fuzzy/alpha0.25/case_052/seed_0,gsm8k_qwen3,r_fuzzy,alpha0.25,case_052,0,correct,1
addendum/lmdraft/gsm8k_qwen3/r_fuzzy/alpha0.25/case_053/seed_0,gsm8k_qwen3,r_fuzzy,alpha0.25,case_053,0,correct,1
addendum/lmdraft/gsm8k_qwen3/r_fuzzy/alpha0.25/case_054/seed_0,gsm8k_qwen3,r_fuzzy,alpha0.25,case_054,0,correct,1
addendum/lmdraft/gsm8k_qwen3/r_fuzzy/alpha0.25/case_055/seed_0,gsm8k_qwen3,r_fuzzy,alpha0.25,case_055,0,correct,1
addendum/lmdraft/gsm8k_qwen3/r_fuzzy/alpha0.25/case_056/seed_0,gsm8k_qwen3,r_fuzzy,alpha0.25,case_056,0,correct,1
addendum/lmdraft/gsm8k_qwen3/r_fuzzy/alpha0.25/case_057/seed_0,gsm8k_qwen3,r_fuzzy,alpha0.25,case_057,0,correct,1
addendum/lmdraft/gsm8k_qwen3/r_fuzzy/alpha0.25/case_058/seed_0,gsm8k_qwen3,r_fuzzy,alpha0.25,case_058,0,correct,1
addendum/lmdraft/gsm8k_qwen3/r_fuzzy/alpha0.25/case_059/seed_0,gsm8k_qwen3,r_fuzzy,alpha0.25,case_059,0,wrong,0
addendum/lmdraft/gsm8k_qwen3/r_fuzzy/alpha0.25/case_060/seed_0,gsm8k_qwen3,r_fuzzy,alpha0.25,case_060,0,correct,1
addendum/lmdraft/gsm8k_qwen3/r_fuzzy/alpha0.25/case_061/seed_0,gsm8k_qwen3,r_fuzzy,alpha0.25,case_061,0,wrong,0
addendum/lmdraft/gsm8k_qwen3/r_fuzzy/alpha0.25/case_062/seed_0,gsm8k_qwen3,r_fuzzy,alpha0.25,case_062,0,correct,1
addendum/lmdraft/gsm8k_qwen3/r_fuzzy/alpha0.25/case_063/seed_0,gsm8k_qwen3,r_fuzzy,alpha0.25,case_063,0,wrong,0
addendum/lmdraft/gsm8k_qwen3/r_fuzzy/alpha0.25/case_064/seed_0,gsm8k_qwen3,r_fuzzy,alpha0.25,case_064,0,correct,1
addendum/lmdraft/gsm8k_qwen3/r_fuzzy/alpha0.25/case_065/seed_0,gsm8k_qwen3,r_fuzzy,alpha0.25,case_065,0,wrong,0
addendum/lmdraft/gsm8k_qwen3/r_fuzzy/alpha0.25/case_066/seed_0,gsm8k_qwen3,r_fuzzy,alpha0.25,case_066,0,correct,1
addendum/lmdraft/gsm8k_qwen3/r_fuzzy/alpha0.25/case_067/seed_0,gsm8k_qwen3,r_fuzzy,alpha0.25,case_067,0,correct,1
addendum/lmdraft/gsm8k_qwen3/r_fuzzy/alpha0.25/case_068/seed_0,gsm8k_qwen3,r_fuzzy,alpha0.25,case_068,0,correct,1
addendum/lmdraft/gsm8k_qwen3/r_fuzzy/alpha0.25/case_069/seed_0,gsm8k_qwen3,r_fuzzy,alpha0.25,case_069,0,correct,1
addendum/lmdraft/gsm8k_qwen3/r_fuzzy/alpha0.25/case_070/seed_0,gsm8k_qwen3,r_fuzzy,alpha0.25,case_070,0,correct,1
addendum/lmdraft/gsm8k_qwen3/r_fuzzy/alpha0.25/case_071/seed_0,gsm8k_qwen3,r_fuzzy,alpha0.25,case_071,0,correct,1
addendum/lmdraft/gsm8k_qwen3/r_fuzzy/alpha0.25/case_072/seed_0,gsm8k_qwen3,r_fuzzy,alpha0.25,case_072,0,correct,1
addendum/lmdraft/gsm8k_qwen3/r_fuzzy/alpha0.25/case_073/seed_0,gsm8k_qwen3,r_fuzzy,alpha0.25,case_073,0,correct,1
addendum/lmdraft/gsm8k_qwen3/r_fuzzy/alpha0.25/case_074/seed_0,gsm8k_qwen3,r_fuzzy,alpha0.25,case_074,0,wrong,0
addendum/lmdraft/gsm8k_qwen3/r_fuzzy/alpha0.25/case_075/seed_0,gsm8k_qwen3,r_fuzzy,alpha0.25,case_075,0,correct,1
addendum/lmdraft/gsm8k_qwen3/r_fuzzy/alpha0.25/case_076/seed_0,gsm8k_qwen3,r_fuzzy,alpha0.25,case_076,0,wrong,0
addendum/lmdraft/gsm8k_qwen3/r_fuzzy/alpha0.25/case_077/seed_0,gsm8k_qwen3,r_fuzzy,alpha0.25,case_077,0,correct,1
addendum/lmdraft/gsm8k_qwen3/r_fuzzy/alpha0.25/case_078/seed_0,gsm8k_qwen3,r_fuzzy,alpha0.25,case_078,0,correct,1
addendum/lmdraft/gsm8k_qwen3/r_fuzzy/alpha0.25/case_079/seed_0,gsm8k_qwen3,r_fuzzy,alpha0.25,case_079,0,correct,1
addendum/lmdraft/gsm8k_qwen3/r_fuzzy/alpha0.25/case_080/seed_0,gsm8k_qwen3,r_fuzzy,alpha0.25,case_080,0,correct,1
addendum/lmdraft/gsm8k_qwen3/r_fuzzy/alpha0.25/case_081/seed_0,gsm8k_qwen3,r_fuzzy,alpha0.25,case_081,0,correct,1
addendum/lmdraft/gsm8k_qwen3/r_fuzzy/alpha0.25/case_082/seed_0,gsm8k_qwen3,r_fuzzy,alpha0.25,case_082,0,correct,1
addendum/lmdraft/gsm8k_qwen3/r_fuzzy/alpha0.25/case_083/seed_0,gsm8k_qwen3,r_fuzzy,alpha0.25,case_083,0,correct,1
addendum/lmdraft/gsm8k_qwen3/r_fuzzy/alpha0.25/case_084/seed_0,gsm8k_qwen3,r_fuzzy,alpha0.25,case_084,0,correct,1
addendum/lmdraft/gsm8k_qwen3/r_fuzzy/alpha0.25/case_085/seed_0,gsm8k_qwen3,r_fuzzy,alpha0.25,case_085,0,correct,1
addendum/lmdraft/gsm8k_qwen3/r_fuzzy/alpha0.25/case_086/seed_0,gsm8k_qwen3,r_fuzzy,alpha0.25,case_086,0,wrong,0
addendum/lmdraft/gsm8k_qwen3/r_fuzzy/alpha0.25/case_087/seed_0,gsm8k_qwen3,r_fuzzy,alpha0.25,case_087,0,correct,1
addendum/lmdraft/gsm8k_qwen3/r_fuzzy/alpha0.25/case_088/seed_0,gsm8k_qwen3,r_fuzzy,alpha0.25,case_088,0,wrong,0
addendum/lmdraft/gsm8k_qwen3/r_fuzzy/alpha0.25/case_089/seed_0,gsm8k_qwen3,r_fuzzy,alpha0.25,case_089,0,correct,1
addendum/lmdraft/gsm8k_qwen3/r_fuzzy/alpha0.25/case_090/seed_0,gsm8k_qwen3,r_fuzzy,alpha0.25,case_090,0,wrong,0
addendum/lmdraft/gsm8k_qwen3/r_fuzzy/alpha0.25/case_091/seed_0,gsm8k_qwen3,r_fuzzy,alpha0.25,case_091,0,correct,1
addendum/lmdraft/gsm8k_qwen3/r_fuzzy/alpha0.25/case_092/seed_0,gsm8k_qwen3,r_fuzzy,alpha0.25,case_092,0,correct,1
addendum/lmdraft/gsm8k_qwen3/r_fuzzy/alpha0.25/case_093/seed_0,gsm8k_qwen3,r_fuzzy,alpha0.25,case_093,0,correct,1
addendum/lmdraft/gsm8k_qwen3/r_fuzzy/alpha0.25/case_094/seed_0,gsm8k_qwen3,r_fuzzy,alpha0.25,case_094,0,wrong,0
addendum/lmdraft/gsm8k_qwen3/r_fuzzy/alpha0.25/case_095/seed_0,gsm8k_qwen3,r_fuzzy,alpha0.25,case_095,0,correct,1
addendum/lmdraft/gsm8k_qwen3/r_fuzzy/alpha0.25/case_096/seed_0,gsm8k_qwen3,r_fuzzy,alpha0.25,case_096,0,correct,1
addendum/lmdraft/gsm8k_qwen3/r_fuzzy/alpha0.25/case_097/seed_0,gsm8k_qwen3,r_fuzzy,alpha0.25,case_097,0,correct,1
addendum/lmdraft/gsm8k_qwen3/r_fuzzy/alpha0.25/case_098/seed_0,gsm8k_qwen3,r_fuzzy,alpha0.25,case_098,0,wrong,0
addendum/lmdraft/gsm8k_qwen3/r_fuzzy/alpha0.25/case_099/seed_0,gsm8k_qwen3,r_fuzzy,alpha0.25,case_099,0,wrong,0
addendum/lmdraft/gsm8k_qwen3/r_fuzzy/alpha0.25/case_100/seed_0,gsm8k_qwen3,r_fuzzy,alpha0.25,case_100,0,correct,1
addendum/lmdraft/gsm8k_qwen3/r_fuzzy/alpha0.25/case_101/seed_0,gsm8k_qwen3,r_fuzzy,alpha0.25,case_101,0,wrong,0
addendum/lmdraft/gsm8k_qwen3/r_fuzzy/alpha0.25/case_102/seed_0,gsm8k_qwen3,r_fuzzy,alpha0.25,case_102,0,correct,1
addendum/lmdraft/gsm8k_qwen3/r_fuzzy/alpha0.25/case_103/seed_0,gsm8k_qwen3,r_fuzzy,alpha0.25,case_103,0,correct,1
addendum/lmdraft/gsm8k_qwen3/r_fuzzy/alpha0.25/case_104/seed_0,gsm8k_qwen3,r_fuzzy,alpha0.25,case_104,0,correct,1
addendum/lmdraft/gsm8k_qwen3/r_fuzzy/alpha0.25/case_105/seed_0,gsm8k_qwen3,r_fuzzy,alpha0.25,case_105,0,correct,1
addendum/lmdraft/gsm8k_qwen3/r_fuzzy/alpha0.25/case_106/seed_0,gsm8k_qwen3,r_fuzzy,alpha0.25,case_106,0,correct,1
addendum/lmdraft/gsm8k_qwen3/r_fuzzy/alpha0.25/case_107/seed_0,gsm8k_qwen3,r_fuzzy,alpha0.25,case_107,0,correct,1
addendum/lmdraft/gsm8k_qwen3/r_fuzzy/alpha0.25/case_108/seed_0,gsm8k_qwen3,r_fuzzy,alpha0.25,case_108,0,correct,1
addendum/lmdraft/gsm8k_qwen3/r_fuzzy/alpha0.25/case_109/seed_0,gsm8k_qwen3,r_fuzzy,alpha0.25,case_109,0,correct,1
addendum/lmdraft/gsm8k_qwen3/r_fuzzy/alpha0.25/case_110/seed_0,gsm8k_qwen3,r_fuzzy,alpha0.25,case_110,0,correct,1
addendum/lmdraft/gsm8k_qwen3/r_fuzzy/alpha0.25/case_111/seed_0,gsm8k_qwen3,r_fuzzy,alpha0.25,case_111,0,correct,1
addendum/lmdraft/gsm8k_qwen3/r_fuzzy/alpha0.25/case_112/seed_0,gsm8k_qwen3,r_fuzzy,alpha0.25,case_112,0,wrong,0
addendum/lmdraft/gsm8k_qwen3/r_fuzzy/alpha0.25/case_113/seed_0,gsm8k_qwen3,r_fuzzy,alpha0.25,case_113,0,correct,1
addendum/lmdraft/gsm8k_qwen3/r_fuzzy/alpha0.25/case_114/seed_0,gsm8k_qwen3,r_fuzzy,alpha0.25,case_114,0,correct,1
addendum/lmdraft/gsm8k_qwen3/r_fuzzy/alpha0.25/case_115/seed_0,gsm8k_qwen3,r_fuzzy,alpha0.25,case_115,0,correct,1
addendum/lmdraft/gsm8k_qwen3/r_fuzzy/alpha0.25/case_116/seed_0,gsm8k_qwen3,r_fuzzy,alpha0.25,case_116,0,wrong,0
addendum/lmdraft/gsm8k_qwen3/r_fuzzy/alpha0.25/case_117/seed_0,gsm8k_qwen3,r_fuzzy,alpha0.25,case_117,0,wrong,0
addendum/lmdraft/gsm8k_qwen3/r_fuzzy/alpha0.25/case_118/seed_0,gsm8k_qwen3,r_fuzzy,alpha0.25,case_118,0,correct,1
addendum/lmdraft/gsm8k_qwen3/r_fuzzy/alpha0.25/case_119/seed_0,gsm8k_qwen3,r_fuzzy,alpha0.25,case_119,0,correct,1
addendum/lmdraft/gsm8k_qwen3/r_fuzzy/alpha0.25/case_120/seed_0,gsm8k_qwen3,r_fuzzy,alpha0.25,case_120,0,wrong,0
addendum/lmdraft/gsm8k_qwen3/r_fuzzy/alpha0.25/case_121/seed_0,gsm8k_qwen3,r_fuzzy,alpha0.25,case_121,0,correct,1
addendum/lmdraft/gsm8k_qwen3/r_fuzzy/alpha0.25/case_122/seed_0,gsm8k_qwen3,r_fuzzy,alpha0.25,case_122,0,correct,1
addendum/lmdraft/gsm8k_qwen3/r_fuzzy/alpha0.25/case_123/seed_0,gsm8k_qwen3,r_fuzzy,alpha0.25,case_123,0,wrong,0
addendum/lmdraft/gsm8k_qwen3/r_fuzzy/alpha0.25/case_124/seed_0,gsm8k_qwen3,r_fuzzy,alpha0.25,case_124,0,correct,1
addendum/lmdraft/gsm8k_qwen3/r_fuzzy/alpha0.25/case_125/seed_0,gsm8k_qwen3,r_fuzzy,alpha0.25,case_125,0,correct,1
addendum/lmdraft/gsm8k_qwen3/r_fuzzy/alpha0.25/case_126/seed_0,gsm8k_qwen3,r_fuzzy,alpha0.25,case_126,0,correct,1
addendum/lmdraft/gsm8k_qwen3/r_fuzzy/alpha0.25/case_127/seed_0,gsm8k_qwen3,r_fuzzy,alpha0.25,case_127,0,correct,1
addendum/lmdraft/gsm8k_qwen3/r_fuzzy/alpha0.25/case_128/seed_0,gsm8k_qwen3,r_fuzzy,alpha0.25,case_128,0,correct,1
addendum/lmdraft/gsm8k_qwen3/r_fuzzy/alpha0.25/case_129/seed_0,gsm8k_qwen3,r_fuzzy,alpha0.25,case_129,0,correct,1
addendum/lmdraft/gsm8k_qwen3/r_fuzzy/alpha0.25/case_130/seed_0,gsm8k_qwen3,r_fuzzy,alpha0.25,case_130,0,correct,1
addendum/lmdraft/gsm8k_qwen3/r_fuzzy/alpha0.25/case_131/seed_0,gsm8k_qwen3,r_fuzzy,alpha0.25,case_131,0,correct,1
addendum/lmdraft/gsm8k_qwen3/r_fuzzy/alpha0.25/case_132/seed_0,gsm8k_qwen3,r_fuzzy,alpha0.25,case_132,0,correct,1
addendum/lmdraft/gsm8k_qwen3/r_fuzzy/alpha0.25/case_133/seed_0,gsm8k_qwen3,r_fuzzy,alpha0.25,case_133,0,correct,1
addendum/lmdraft/gsm8k_qwen3/r_fuzzy/alpha0.25/case_134/seed_0,gsm8k_qwen3,r_fuzzy,alpha0.25,case_134,0,correct,1
addendum/lmdraft/gsm8k_qwen3/r_fuzzy/alpha0.25/case_135/seed_0,gsm8k_qwen3,r_fuzzy,alpha0.25,case_135,0,correct,1
addendum/lmdraft/gsm8k_qwen3/r_fuzzy/alpha0.25/case_136/seed_0,gsm8k_qwen3,r_fuzzy,alpha0.25,case_136,0,correct,1
addendum/lmdraft/gsm8k_qwen3/r_fuzzy/alpha0.25/case_137/seed_0,gsm8k_qwen3,r_fuzzy,alpha0.25,case_137,0,correct,1
addendum/lmdraft/gsm8k_qwen3/r_fuzzy/alpha0.25/case_138/seed_0,gsm8k_qwen3,r_fuzzy,alpha0.25,case_138,0,correct,1
addendum/lmdraft/gsm8k_qwen3/r_fuzzy/alpha0.25/case_139/seed_0,gsm8k_qwen3,r_fuzzy,alpha0.25,case_139,0,wrong,0
addendum/lmdraft/gsm8k_qwen3/r_fuzzy/alpha0.25/case_140/seed_0,gsm8k_qwen3,r_fuzzy,alpha0.25,case_140,0,wrong,0
addendum/lmdraft/gsm8k_qwen3/r_fuzzy/alpha0.25/case_141/seed_0,gsm8k_qwen3,r_fuzzy,alpha0.25,case_141,0,correct,1
addendum/lmdraft/gsm8k_qwen3/r_fuzzy/alpha0.25/case_142/seed_0,gsm8k_qwen3,r_fuzzy,alpha0.25,case_142,0,correct,1
addendum/lmdraft/gsm8k_qwen3/r_fuzzy/alpha0.25/case_143/seed_0,gsm8k_qwen3,r_fuzzy,alpha0.25,case_143,0,correct,1
addendum/lmdraft/gsm8k_qwen3/r_fuzzy/alpha0.25/case_144/seed_0,gsm8k_qwen3,r_fuzzy,alpha0.25,case_144,0,correct,1
addendum/lmdraft/gsm8k_qwen3/r_fuzzy/alpha0.25/case_145/seed_0,gsm8k_qwen3,r_fuzzy,alpha0.25,case_145,0,correct,1
addendum/lmdraft/gsm8k_qwen3/r_fuzzy/alpha0.25/case_146/seed_0,gsm8k_qwen3,r_fuzzy,alpha0.25,case_146,0,wrong,0
addendum/lmdraft/gsm8k_qwen3/r_fuzzy/alpha0.25/case_147/seed_0,gsm8k_qwen3,r_fuzzy,alpha0.25,case_147,0,wrong,0
addendum/lmdraft/gsm8k_qwen3/r_fuzzy/alpha0.25/case_148/seed_0,gsm8k_qwen3,r_fuzzy,alpha0.25,case_148,0,wrong,0
addendum/lmdraft/gsm8k_qwen3/r_fuzzy/alpha0.25/case_149/seed_0,gsm8k_qwen3,r_fuzzy,alpha0.25,case_149,0,correct,1
addendum/lmdraft/gsm8k_qwen3/r_fuzzy/alpha0.25/case_150/seed_0,gsm8k_qwen3,r_fuzzy,alpha0.25,case_150,0,correct,1
addendum/lmdraft/gsm8k_qwen3/spec_casc_opt/alpha0.05/case_001/seed_0,gsm8k_qwen3,spec_casc_opt,alpha0.05,case_001,0,correct,1
addendum/lmdraft/gsm8k_qwen3/spec_casc_opt/alpha0.05/case_002/seed_0,gsm8k_qwen3,spec_casc_opt,alpha0.05,case_002,0,correct,1
addendum/lmdraft/gsm8k_qwen3/spec_casc_opt/alpha0.05/case_003/seed_0,gsm8k_qwen3,spec_casc_opt,alpha0.05,case_003,0,wrong,0
addendum/lmdraft/gsm8k_qwen3/spec_casc_opt/alpha0.05/case_004/seed_0,gsm8k_qwen3,spec_casc_opt,alpha0.05,case_004,0,wrong,0
addendum/lmdraft/gsm8k_qwen3/spec_casc_opt/alpha0.05/case_005/seed_0,gsm8k_qwen3,spec_casc_opt,alpha0.05,case_005,0,correct,1
addendum/lmdraft/gsm8k_qwen3/spec_casc_opt/alpha0.05/case_006/seed_0,gsm8k_qwen3,spec_casc_opt,alpha0.05,case_006,0,correct,1
addendum/lmdraft/gsm8k_qwen3/spec_casc_opt/alpha0.05/case_007/seed_0,gsm8k_qwen3,spec_casc_opt,alpha0.05,case_007,0,correct,1
addendum/lmdraft/gsm8k_qwen3/spec_casc_opt/alpha0.05/case_008/seed_0,gsm8k_qwen3,spec_casc_opt,alpha0.05,case_008,0,correct,1
addendum/lmdraft/gsm8k_qwen3/spec_casc_opt/alpha0.05/case_009/seed_0,gsm8k_qwen3,spec_casc_opt,alpha0.05,case_009,0,wrong,0
addendum/lmdraft/gsm8k_qwen3/spec_casc_opt/alpha0.05/case_010/seed_0,gsm8k_qwen3,spec_casc_opt,alpha0.05,case_010,0,correct,1
addendum/lmdraft/gsm8k_qwen3/spec_casc_opt/alpha0.05/case_011/seed_0,gsm8k_qwen3,spec_casc_opt,alpha0.05,case_011,0,correct,1
addendum/lmdraft/gsm8k_qwen3/spec_casc_opt/alpha0.05/case_012/seed_0,gsm8k_qwen3,spec_casc_opt,alpha0.05,case_012,0,correct,1
addendum/lmdraft/gsm8k_qwen3/spec_casc_opt/alpha0.05/case_013/seed_0,gsm8k_qwen3,spec_casc_opt,alpha0.05,case_013,0,wrong,0
addendum/lmdraft/gsm8k_qwen3/spec_casc_opt/alpha0.05/case_014/seed_0,gsm8k_qwen3,spec_casc_opt,alpha0.05,case_014,0,correct,1
addendum/lmdraft/gsm8k_qwen3/spec_casc_opt/alpha0.05/case_015/seed_0,gsm8k_qwen3,spec_casc_opt,alpha0.05,case_015,0,correct,1
addendum/lmdraft/gsm8k_qwen3/spec_casc_opt/alpha0.05/case_016/seed_0,gsm8k_qwen3,spec_casc_opt,alpha0.05,case_016,0,correct,1
addendum/lmdraft/gsm8k_qwen3/spec_casc_opt/alpha0.05/case_017/seed_0,gsm8k_qwen3,spec_casc_opt,alpha0.05,case_017,0,correct,1
addendum/lmdraft/gsm8k_qwen3/spec_casc_opt/alpha0.05/case_018/seed_0,gsm8k_qwen3,spec_casc_opt,alpha0.05,case_018,0,correct,1
addendum/lmdraft/gsm8k_qwen3/spec_casc_opt/alpha0.05/case_019/seed_0,gsm8k_qwen3,spec_casc_opt,alpha0.05,case_019,0,correct,1
addendum/lmdraft/gsm8k_qwen3/spec_casc_opt/alpha0.05/case_020/seed_0,gsm8k_qwen3,spec_casc_opt,alpha0.05,case_020,0,correct,1
addendum/lmdraft/gsm8k_qwen3/spec_casc_opt/alpha0.05/case_021/seed_0,gsm8k_qwen3,spec_casc_opt,alpha0.05,case_021,0,correct,1
addendum/lmdraft/gsm8k_qwen3/spec_casc_opt/alpha0.05/case_022/seed_0,gsm8k_qwen3,spec_casc_opt,alpha0.05,case_022,0,wrong,0
addendum/lmdraft/gsm8k_qwen3/spec_casc_opt/alpha0.05/case_023/seed_0,gsm8k_qwen3,spec_casc_opt,alpha0.05,case_023,0,correct,1
addendum/lmdraft/gsm8k_qwen3/spec_casc_opt/alpha0.05/case_024/seed_0,gsm8k_qwen3,spec_casc_opt,alpha0.05,case_024,0,correct,1
addendum/lmdraft/gsm8k_qwen3/spec_casc_opt/alpha0.05/case_025/seed_0,gsm8k_qwen3,spec_casc_opt,alpha0.05,case_025,0,correct,1
addendum/lmdraft/gsm8k_qwen3/spec_casc_opt/alpha0.05/case_026/seed_0,gsm8k_qwen3,spec_casc_opt,alpha0.05,case_026,0,correct,1
addendum/lmdraft/gsm8k_qwen3/spec_casc_opt/alpha0.05/case_027/seed_0,gsm8k_qwen3,spec_casc_opt,alpha0.05,case_027,0,correct,1
addendum/lmdraft/gsm8k_qwen3/spec_casc_opt/alpha0.05/case_028/seed_0,gsm8k_qwen3,spec_casc_opt,alpha0.05,case_028,0,correct,1
addendum/lmdraft/gsm8k_qwen3/spec_casc_opt/alpha0.05/case_029/seed_0,gsm8k_qwen3,spec_casc_opt,alpha0.05,case_029,0,correct,1
addendum/lmdraft/gsm8k_qwen3/spec_casc_opt/alpha0.05/case_030/seed_0,gsm8k_qwen3,spec_casc_opt,alpha0.05,case_030,0,correct,1
addendum/lmdraft/gsm8k_qwen3/spec_casc_opt/alpha0.05/case_031/seed_0,gsm8k_qwen3,spec_casc_opt,alpha0.05,case_031,0,correct,1
addendum/lmdraft/gsm8k_qwen3/spec_casc_opt/alpha0.05/case_032/seed_0,gsm8k_qwen3,spec_casc_opt,alpha0.05,case_032,0,correct,1
addendum/lmdraft/gsm8k_qwen3/spec_casc_opt/alpha0.05/case_033/seed_0,gsm8k_qwen3,spec_casc_opt,alpha0.05,case_033,0,correct,1
addendum/lmdraft/gsm8k_qwen3/spec_casc_opt/alpha0.05/case_034/seed_0,gsm8k_qwen3,spec_casc_opt,alpha0.05,case_034,0,correct,1
addendum/lmdraft/gsm8k_qwen3/spec_casc_opt/alpha0.05/case_035/seed_0,gsm8k_qwen3,spec_casc_opt,alpha0.05,case_035,0,correct,1
addendum/lmdraft/gsm8k_qwen3/spec_casc_opt/alpha0.05/case_036/seed_0,gsm8k_qwen3,spec_casc_opt,alpha0.05,case_036,0,correct,1
addendum/lmdraft/gsm8k_qwen3/spec_casc_opt/alpha0.05/case_037/seed_0,gsm8k_qwen3,spec_casc_opt,alpha0.05,case_037,0,correct,1
addendum/lmdraft/gsm8k_qwen3/spec_casc_opt/alpha0.05/case_038/seed_0,gsm8k_qwen3,spec_casc_opt,alpha0.05,case_038,0,wrong,0
addendum/lmdraft/gsm8k_qwen3/spec_casc_opt/alpha0.05/case_039/seed_0,gsm8k_qwen3,spec_casc_opt,alpha0.05,case_039,0,wrong,0
addendum/lmdraft/gsm8k_qwen3/spec_casc_opt/alpha0.05/case_040/seed_0,gsm8k_qwen3,spec_casc_opt,alpha0.05,case_040,0,correct,1
addendum/lmdraft/gsm8k_qwen3/spec_casc_opt/alpha0.05/case_041/seed_0,gsm8k_qwen3,spec_casc_opt,alpha0.05,case_041,0,correct,1
addendum/lmdraft/gsm8k_qwen3/spec_casc_opt/alpha0.05/case_042/seed_0,gsm8k_qwen3,spec_casc_opt,alpha0.05,case_042,0,wrong,0
addendum/lmdraft/gsm8k_qwen3/spec_casc_opt/alpha0.05/case_043/seed_0,gsm8k_qwen3,spec_casc_opt,alpha0.05,case_043,0,correct,1
addendum/lmdraft/gsm8k_qwen3/spec_casc_opt/alpha0.05/case_044/seed_0,gsm8k_qwen3,spec_casc_opt,alpha0.05,case_044,0,correct,1
addendum/lmdraft/gsm8k_qwen3/spec_casc_opt/alpha0.05/case_045/seed_0,gsm8k_qwen3,spec_casc_opt,alpha0.05,case_045,0,wrong,0
addendum/lmdraft/gsm8k_qwen3/spec_casc_opt/alpha0.05/case_046/seed_0,gsm8k_qwen3,spec_casc_opt,alpha0.05,case_046,0,wrong,0
addendum/lmdraft/gsm8k_qwen3/spec_casc_opt/alpha0.05/case_047/seed_0,gsm8k_qwen3,spec_casc_opt,alpha0.05,case_047,0,correct,1
addendum/lmdraft/gsm8k_qwen3/spec_casc_opt/alpha0.05/case_048/seed_0,gsm8k_qwen3,spec_casc_opt,alpha0.05,case_048,0,correct,1
addendum/lmdraft/gsm8k_qwen3/spec_casc_opt/alpha0.05/case_049/seed_0,gsm8k_qwen3,spec_casc_opt,alpha0.05,case_049,0,correct,1
addendum/lmdraft/gsm8k_qwen3/spec_casc_opt/alpha0.05/case_050/seed_0,gsm8k_qwen3,spec_casc_opt,alpha0.05,case_050,0,correct,1
addendum/lmdraft/gsm8k_qwen3/spec_casc_opt/alpha0.05/case_051/seed_0,gsm8k_qwen3,spec_casc_opt,alpha0.05,case_051,0,correct,1
addendum/lmdraft/gsm8k_qwen3/spec_casc_opt/alpha0.05/case_052/seed_0,gsm8k_qwen3,spec_casc_opt,alpha0.05,case_052,0,correct,1
addendum/lmdraft/gsm8k_qwen3/spec_casc_opt/alpha0.05/case_053/seed_0,gsm8k_qwen3,spec_casc_opt,alpha0.05,case_053,0,correct,1
addendum/lmdraft/gsm8k_qwen3/spec_casc_opt/alpha0.05/case_054/seed_0,gsm8k_qwen3,spec_casc_opt,alpha0.05,case_054,0,correct,1
addendum/lmdraft/gsm8k_qwen3/spec_casc_opt/alpha0.05/case_055/seed_0,gsm8k_qwen3,spec_casc_opt,alpha0.05,case_055,0,wrong,0
addendum/lmdraft/gsm8k_qwen3/spec_casc_opt/alpha0.05/case_056/seed_0,gsm8k_qwen3,spec_casc_opt,alpha0.05,case_056,0,correct,1
addendum/lmdraft/gsm8k_qwen3/spec_casc_opt/alpha0.05/case_057/seed_0,gsm8k_qwen3,spec_casc_opt,alpha0.05,case_057,0,correct,1
addendum/lmdraft/gsm8k_qwen3/spec_casc_opt/alpha0.05/case_058/seed_0,gsm8k_qwen3,spec_casc_opt,alpha0.05,case_058,0,correct,1
addendum/lmdraft/gsm8k_qwen3/spec_casc_opt/alpha0.05/case_059/seed_0,gsm8k_qwen3,spec_casc_opt,alpha0.05,case_059,0,wrong,0
addendum/lmdraft/gsm8k_qwen3/spec_casc_opt/alpha0.05/case_060/seed_0,gsm8k_qwen3,spec_casc_opt,alpha0.05,case_060,0,correct,1
addendum/lmdraft/gsm8k_qwen3/spec_casc_opt/alpha0.05/case_061/seed_0,gsm8k_qwen3,spec_casc_opt,alpha0.05,case_061,0,wrong,0
addendum/lmdraft/gsm8k_qwen3/spec_casc_opt/alpha0.05/case_062/seed_0,gsm8k_qwen3,spec_casc_opt,alpha0.05,case_062,0,correct,1
addendum/lmdraft/gsm8k_qwen3/spec_casc_opt/alpha0.05/case_063/seed_0,gsm8k_qwen3,spec_casc_opt,alpha0.05,case_063,0,wrong,0
addendum/lmdraft/gsm8k_qwen3/spec_casc_opt/alpha0.05/case_064/seed_0,gsm8k_qwen3,spec_casc_opt,alpha0.05,case_064,0,correct,1
addendum/lmdraft/gsm8k_qwen3/spec_casc_opt/alpha0.05/case_065/seed_0,gsm8k_qwen3,spec_casc_opt,alpha0.05,case_065,0,correct,1
addendum/lmdraft/gsm8k_qwen3/spec_casc_opt/alpha0.05/case_066/seed_0,gsm8k_qwen3,spec_casc_opt,alpha0.05,case_066,0,correct,1
addendum/lmdraft/gsm8k_qwen3/spec_casc_opt/alpha0.05/case_067/seed_0,gsm8k_qwen3,spec_casc_opt,alpha0.05,case_067,0,correct,1
addendum/lmdraft/gsm8k_qwen3/spec_casc_opt/alpha0.05/case_068/seed_0,gsm8k_qwen3,spec_casc_opt,alpha0.05,case_068,0,correct,1
addendum/lmdraft/gsm8k_qwen3/spec_casc_opt/alpha0.05/case_069/seed_0,gsm8k_qwen3,spec_casc_opt,alpha0.05,case_069,0,correct,1
addendum/lmdraft/gsm8k_qwen3/spec_casc_opt/alpha0.05/case_070/seed_0,gsm8k_qwen3,spec_casc_opt,alpha0.05,case_070,0,correct,1
addendum/lmdraft/gsm8k_qwen3/spec_casc_opt/alpha0.05/case_071/seed_0,gsm8k_qwen3,spec_casc_opt,alpha0.05,case_071,0,correct,1
addendum/lmdraft/gsm8k_qwen3/spec_casc_opt/alpha0.05/case_072/seed_0,gsm8k_qwen3,spec_casc_opt,alpha0.05,case_072,0,correct,1
addendum/lmdraft/gsm8k_qwen3/spec_casc_opt/alpha0.05/case_073/seed_0,gsm8k_qwen3,spec_casc_opt,alpha0.05,case_073,0,correct,1
addendum/lmdraft/gsm8k_qwen3/spec_casc_opt/alpha0.05/case_074/seed_0,gsm8k_qwen3,spec_casc_opt,alpha0.05,case_074,0,wrong,0
addendum/lmdraft/gsm8k_qwen3/spec_casc_opt/alpha0.05/case_075/seed_0,gsm8k_qwen3,spec_casc_opt,alpha0.05,case_075,0,correct,1
addendum/lmdraft/gsm8k_qwen3/spec_casc_opt/alpha0.05/case_076/seed_0,gsm8k_qwen3,spec_casc_opt,alpha0.05,case_076,0,wrong,0
addendum/lmdraft/gsm8k_qwen3/spec_casc_opt/alpha0.05/case_077/seed_0,gsm8k_qwen3,spec_casc_opt,alpha0.05,case_077,0,correct,1
addendum/lmdraft/gsm8k_qwen3/spec_casc_opt/alpha0.05/case_078/seed_0,gsm8k_qwen3,spec_casc_opt,alpha0.05,case_078,0,correct,1
addendum/lmdraft/gsm8k_qwen3/spec_casc_opt/alpha0.05/case_079/seed_0,gsm8k_qwen3,spec_casc_opt,alpha0.05,case_079,0,wrong,0
addendum/lmdraft/gsm8k_qwen3/spec_casc_opt/alpha0.05/case_080/seed_0,gsm8k_qwen3,spec_casc_opt,alpha0.05,case_080,0,correct,1
addendum/lmdraft/gsm8k_qwen3/spec_casc_opt/alpha0.05/case_081/seed_0,gsm8k_qwen3,spec_casc_opt,alpha0.05,case_081,0,correct,1
addendum/lmdraft/gsm8k_qwen3/spec_casc_opt/alpha0.05/case_082/seed_0,gsm8k_qwen3,spec_casc_opt,alpha0.05,case_082,0,correct,1
addendum/lmdraft/gsm8k_qwen3/spec_casc_opt/alpha0.05/case_083/seed_0,gsm8k_qwen3,spec_casc_opt,alpha0.05,case_083,0,correct,1
addendum/lmdraft/gsm8k_qwen3/spec_casc_opt/alpha0.05/case_084/seed_0,gsm8k_qwen3,spec_casc_opt,alpha0.05,case_084,0,correct,1
addendum/lmdraft/gsm8k_qwen3/spec_casc_opt/alpha0.05/case_085/seed_0,gsm8k_qwen3,spec_casc_opt,alpha0.05,case_085,0,correct,1
addendum/lmdraft/gsm8k_qwen3/spec_casc_opt/alpha0.05/case_086/seed_0,gsm8k_qwen3,spec_casc_opt,alpha0.05,case_086,0,correct,1
addendum/lmdraft/gsm8k_qwen3/spec_casc_opt/alpha0.05/case_087/seed_0,gsm8k_qwen3,spec_casc_opt,alpha0.05,case_087,0,wrong,0
addendum/lmdraft/gsm8k_qwen3/spec_casc_opt/alpha0.05/case_088/seed_0,gsm8k_qwen3,spec_casc_opt,alpha0.05,case_088,0,wrong,0
addendum/lmdraft/gsm8k_qwen3/spec_casc_opt/alpha0.05/case_089/seed_0,gsm8k_qwen3,spec_casc_opt,alpha0.05,case_089,0,correct,1
addendum/lmdraft/gsm8k_qwen3/spec_casc_opt/alpha0.05/case_090/seed_0,gsm8k_qwen3,spec_casc_opt,alpha0.05,case_090,0,wrong,0
addendum/lmdraft/gsm8k_qwen3/spec_casc_opt/alpha0.05/case_091/seed_0,gsm8k_qwen3,spec_casc_opt,alpha0.05,case_091,0,correct,1
addendum/lmdraft/gsm8k_qwen3/spec_casc_opt/alpha0.05/case_092/seed_0,gsm8k_qwen3,spec_casc_opt,alpha0.05,case_092,0,correct,1
addendum/lmdraft/gsm8k_qwen3/spec_casc_opt/alpha0.05/case_093/seed_0,gsm8k_qwen3,spec_casc_opt,alpha0.05,case_093,0,correct,1
addendum/lmdraft/gsm8k_qwen3/spec_casc_opt/alpha0.05/case_094/seed_0,gsm8k_qwen3,spec_casc_opt,alpha0.05,case_094,0,wrong,0
addendum/lmdraft/gsm8k_qwen3/spec_casc_opt/alpha0.05/case_095/seed_0,gsm8k_qwen3,spec_casc_opt,alpha0.05,case_095,0,correct,1
addendum/lmdraft/gsm8k_qwen3/spec_casc_opt/alpha0.05/case_096/seed_0,gsm8k_qwen3,spec_casc_opt,alpha0.05,case_096,0,correct,1
addendum/lmdraft/gsm8k_qwen3/spec_casc_opt/alpha0.05/case_097/seed_0,gsm8k_qwen3,spec_casc_opt,alpha0.05,case_097,0,correct,1
addendum/lmdraft/gsm8k_qwen3/spec_casc_opt/alpha0.05/case_098/seed_0,gsm8k_qwen3,spec_casc_opt,alpha0.05,case_098,0,correct,1
addendum/lmdraft/gsm8k_qwen3/spec_casc_opt/alpha0.05/case_099/seed_0,gsm8k_qwen3,spec_casc_opt,alpha0.05,case_099,0,wrong,0
addendum/lmdraft/gsm8k_qwen3/spec_casc_opt/alpha0.05/case_100/seed_0,gsm8k_qwen3,spec_casc_opt,alpha0.05,case_100,0,correct,1
addendum/lmdraft/gsm8k_qwen3/spec_casc_opt/alpha0.05/case_101/seed_0,gsm8k_qwen3,spec_casc_opt,alpha0.05,case_101,0,wrong,0
addendum/lmdraft/gsm8k_qwen3/spec_casc_opt/alpha0.05/case_102/seed_0,gsm8k_qwen3,spec_casc_opt,alpha0.05,case_102,0,correct,1
addendum/lmdraft/gsm8k_qwen3/spec_casc_opt/alpha0.05/case_103/seed_0,gsm8k_qwen3,spec_casc_opt,alpha0.05,case_103,0,correct,1
addendum/lmdraft/gsm8k_qwen3/spec_casc_opt/alpha0.05/case_104/seed_0,gsm8k_qwen3,spec_casc_opt,alpha0.05,case_104,0,correct,1
addendum/lmdraft/gsm8k_qwen3/spec_casc_opt/alpha0.05/case_105/seed_0,gsm8k_qwen3,spec_casc_opt,alpha0.05,case_105,0,correct,1
addendum/lmdraft/gsm8k_qwen3/spec_casc_opt/alpha0.05/case_106/seed_0,gsm8k_qwen3,spec_casc_opt,alpha0.05,case_106,0,correct,1
addendum/lmdraft/gsm8k_qwen3/spec_casc_opt/alpha0.05/case_107/seed_0,gsm8k_qwen3,spec_casc_opt,alpha0.05,case_107,0,correct,1
addendum/lmdraft/gsm8k_qwen3/spec_casc_opt/alpha0.05/case_108/seed_0,gsm8k_qwen3,spec_casc_opt,alpha0.05,case_108,0,correct,1
addendum/lmdraft/gsm8k_qwen3/spec_casc_opt/alpha0.05/case_109/seed_0,gsm8k_qwen3,spec_casc_opt,alpha0.05,case_109,0,correct,1
addendum/lmdraft/gsm8k_qwen3/spec_casc_opt/alpha0.05/case_110/seed_0,gsm8k_qwen3,spec_casc_opt,alpha0.05,case_110,0,correct,1
addendum/lmdraft/gsm8k_qwen3/spec_casc_opt/alpha0.05/case_111/seed_0,gsm8k_qwen3,spec_casc_opt,alpha0.05,case_111,0,correct,1
addendum/lmdraft/gsm8k_qwen3/spec_casc_opt/alpha0.05/case_112/seed_0,gsm8k_qwen3,spec_casc_opt,alpha0.05,case_112,0,wrong,0
addendum/lmdraft/gsm8k_qwen3/spec_casc_opt/alpha0.05/case_113/seed_0,gsm8k_qwen3,spec_casc_opt,alpha0.05,case_113,0,correct,1
addendum/lmdraft/gsm8k_qwen3/spec_casc_opt/alpha0.05/case_114/seed_0,gsm8k_qwen3,spec_casc_opt,alpha0.05,case_114,0,correct,1
addendum/lmdraft/gsm8k_qwen3/spec_casc_opt/alpha0.05/case_115/seed_0,gsm8k_qwen3,spec_casc_opt,alpha0.05,case_115,0,wrong,0
addendum/lmdraft/gsm8k_qwen3/spec_casc_opt/alpha0.05/case_116/seed_0,gsm8k_qwen3,spec_casc_opt,alpha0.05,case_116,0,wrong,0
addendum/lmdraft/gsm8k_qwen3/spec_casc_opt/alpha0.05/case_117/seed_0,gsm8k_qwen3,spec_casc_opt,alpha0.05,case_117,0,wrong,0
addendum/lmdraft/gsm8k_qwen3/spec_casc_opt/alpha0.05/case_118/seed_0,gsm8k_qwen3,spec_casc_opt,alpha0.05,case_118,0,correct,1
addendum/lmdraft/gsm8k_qwen3/spec_casc_opt/alpha0.05/case_119/seed_0,gsm8k_qwen3,spec_casc_opt,alpha0.05,case_119,0,correct,1
addendum/lmdraft/gsm8k_qwen3/spec_casc_opt/alpha0.05/case_120/seed_0,gsm8k_qwen3,spec_casc_opt,alpha0.05,case_120,0,wrong,0
addendum/lmdraft/gsm8k_qwen3/spec_casc_opt/alpha0.05/case_121/seed_0,gsm8k_qwen3,spec_casc_opt,alpha0.05,case_121,0,correct,1
addendum/lmdraft/gsm8k_qwen3/spec_casc_opt/alpha0.05/case_122/seed_0,gsm8k_qwen3,spec_casc_opt,alpha0.05,case_122,0,correct,1
addendum/lmdraft/gsm8k_qwen3/spec_casc_opt/alpha0.05/case_123/seed_0,gsm8k_qwen3,spec_casc_opt,alpha0.05,case_123,0,wrong,0
addendum/lmdraft/gsm8k_qwen3/spec_casc_opt/alpha0.05/case_124/seed_0,gsm8k_qwen3,spec_casc_opt,alpha0.05,case_124,0,correct,1
addendum/lmdraft/gsm8k_qwen3/spec_casc_opt/alpha0.05/case_125/seed_0,gsm8k_qwen3,spec_casc_opt,alpha0.05,case_125,0,correct,1
addendum/lmdraft/gsm8k_qwen3/spec_casc_opt/alpha0.05/case_126/seed_0,gsm8k_qwen3,spec_casc_opt,alpha0.05,case_126,0,correct,1
addendum/lmdraft/gsm8k_qwen3/spec_casc_opt/alpha0.05/case_127/seed_0,gsm8k_qwen3,spec_casc_opt,alpha0.05,case_127,0,correct,1
addendum/lmdraft/gsm8k_qwen3/spec_casc_opt/alpha0.05/case_128/seed_0,gsm8k_qwen3,spec_casc_opt,alpha0.05,case_128,0,correct,1
addendum/lmdraft/gsm8k_qwen3/spec_casc_opt/alpha0.05/case_129/seed_0,gsm8k_qwen3,spec_casc_opt,alpha0.05,case_129,0,correct,1
addendum/lmdraft/gsm8k_qwen3/spec_casc_opt/alpha0.05/case_130/seed_0,gsm8k_qwen3,spec_casc_opt,alpha0.05,case_130,0,correct,1
addendum/lmdraft/gsm8k_qwen3/spec_casc_opt/alpha0.05/case_131/seed_0,gsm8k_qwen3,spec_casc_opt,alpha0.05,case_131,0,correct,1
addendum/lmdraft/gsm8k_qwen3/spec_casc_opt/alpha0.05/case_132/seed_0,gsm8k_qwen3,spec_casc_opt,alpha0.05,case_132,0,correct,1
addendum/lmdraft/gsm8k_qwen3/spec_casc_opt/alpha0.05/case_133/seed_0,gsm8k_qwen3,spec_casc_opt,alpha0.05,case_133,0,correct,1
addendum/lmdraft/gsm8k_qwen3/spec_casc_opt/alpha0.05/case_134/seed_0,gsm8k_qwen3,spec_casc_opt,alpha0.05,case_134,0,correct,1
addendum/lmdraft/gsm8k_qwen3/spec_casc_opt/alpha0.05/case_135/seed_0,gsm8k_qwen3,spec_casc_opt,alpha0.05,case_135,0,correct,1
addendum/lmdraft/gsm8k_qwen3/spec_casc_opt/alpha0.05/case_136/seed_0,gsm8k_qwen3,spec_casc_opt,alpha0.05,case_136,0,correct,1
addendum/lmdraft/gsm8k_qwen3/spec_casc_opt/alpha0.05/case_137/seed_0,gsm8k_qwen3,spec_casc_opt,alpha0.05,case_137,0,correct,1
addendum/lmdraft/gsm8k_qwen3/spec_casc_opt/alpha0.05/case_138/seed_0,gsm8k_qwen3,spec_casc_opt,alpha0.05,case_138,0,correct,1
addendum/lmdraft/gsm8k_qwen3/spec_casc_opt/alpha0.05/case_139/seed_0,gsm8k_qwen3,spec_casc_opt,alpha0.05,case_139,0,correct,1
addendum/lmdraft/gsm8k_qwen3/spec_casc_opt/alpha0.05/case_140/seed_0,gsm8k_qwen3,spec_casc_opt,alpha0.05,case_140,0,correct,1
addendum/lmdraft/gsm8k_qwen3/spec_casc_opt/alpha0.05/case_141/seed_0,gsm8k_qwen3,spec_casc_opt,alpha0.05,case_141,0,correct,1
addendum/lmdraft/gsm8k_qwen3/spec_casc_opt/alpha0.05/case_142/seed_0,gsm8k_qwen3,spec_casc_opt,alpha0.05,case_142,0,correct,1
addendum/lmdraft/gsm8k_qwen3/spec_casc_opt/alpha0.05/case_143/seed_0,gsm8k_qwen3,spec_casc_opt,alpha0.05,case_143,0,correct,1
addendum/lmdraft/gsm8k_qwen3/spec_casc_opt/alpha0.05/case_144/seed_0,gsm8k_qwen3,spec_casc_opt,alpha0.05,case_144,0,correct,1
addendum/lmdraft/gsm8k_qwen3/spec_casc_opt/alpha0.05/case_145/seed_0,gsm8k_qwen3,spec_casc_opt,alpha0.05,case_145,0,correct,1
addendum/lmdraft/gsm8k_qwen3/spec_casc_opt/alpha0.05/case_146/seed_0,gsm8k_qwen3,spec_casc_opt,alpha0.05,case_146,0,wrong,0
addendum/lmdraft/gsm8k_qwen3/spec_casc_opt/alpha0.05/case_147/seed_0,gsm8k_qwen3,spec_casc_opt,alpha0.05,case_147,0,wrong,0
addendum/lmdraft/gsm8k_qwen3/spec_casc_opt/alpha0.05/case_148/seed_0,gsm8k_qwen3,spec_casc_opt,alpha0.05,case_148,0,wrong,0
addendum/lmdraft/gsm8k_qwen3/spec_casc_opt/alpha0.05/case_149/seed_0,gsm8k_qwen3,spec_casc_opt,alpha0.05,case_149,0,correct,1
addendum/lmdraft/gsm8k_qwen3/spec_casc_opt/alpha0.05/case_150/seed_0,gsm8k_qwen3,spec_casc_opt,alpha0.05,case_150,0,correct,1
addendum/lmdraft/livecodebench_qwen3/r_fuzzy/alpha0.25/case_001/seed_0,livecodebench_qwen3,r_fuzzy,alpha0.25,case_001,0,passed,1
addendum/lmdraft/livecodebench_qwen3/r_fuzzy/alpha0.25/case_002/seed_0,livecodebench_qwen3,r_fuzzy,alpha0.25,case_002,0,passed,1
addendum/lmdraft/livecodebench_qwen3/r_fuzzy/alpha0.25/case_003/seed_0,livecodebench_qwen3,r_fuzzy,alpha0.25,case_003,0,no_answer,0
addendum/lmdraft/livecodebench_qwen3/r_fuzzy/alpha0.25/case_004/seed_0,livecodebench_qwen3,r_fuzzy,alpha0.25,case_004,0,passed,1
addendum/lmdraft/livecodebench_qwen3/r_fuzzy/alpha0.25/case_005/seed_0,livecodebench_qwen3,r_fuzzy,alpha0.25,case_005,0,no_answer,0
addendum/lmdraft/livecodebench_qwen3/r_fuzzy/alpha0.25/case_006/seed_0,livecodebench_qwen3,r_fuzzy,alpha0.25,case_006,0,passed,1
addendum/lmdraft/livecodebench_qwen3/r_fuzzy/alpha0.25/case_007/seed_0,livecodebench_qwen3,r_fuzzy,alpha0.25,case_007,0,no_answer,0
addendum/lmdraft/livecodebench_qwen3/r_fuzzy/alpha0.25/case_008/seed_0,livecodebench_qwen3,r_fuzzy,alpha0.25,case_008,0,passed,1
addendum/lmdraft/livecodebench_qwen3/r_fuzzy/alpha0.25/case_009/seed_0,livecodebench_qwen3,r_fuzzy,alpha0.25,case_009,0,failed,0
addendum/lmdraft/livecodebench_qwen3/r_fuzzy/alpha0.25/case_010/seed_0,livecodebench_qwen3,r_fuzzy,alpha0.25,case_010,0,passed,1
addendum/lmdraft/livecodebench_qwen3/r_fuzzy/alpha0.25/case_011/seed_0,livecodebench_qwen3,r_fuzzy,alpha0.25,case_011,0,passed,1
addendum/lmdraft/livecodebench_qwen3/r_fuzzy/alpha0.25/case_012/seed_0,livecodebench_qwen3,r_fuzzy,alpha0.25,case_012,0,passed,1
addendum/lmdraft/livecodebench_qwen3/r_fuzzy/alpha0.25/case_013/seed_0,livecodebench_qwen3,r_fuzzy,alpha0.25,case_013,0,passed,1
addendum/lmdraft/livecodebench_qwen3/r_fuzzy/alpha0.25/case_014/seed_0,livecodebench_qwen3,r_fuzzy,alpha0.25,case_014,0,no_answer,0
addendum/lmdraft/livecodebench_qwen3/r_fuzzy/alpha0.25/case_015/seed_0,livecodebench_qwen3,r_fuzzy,alpha0.25,case_015,0,no_answer,0
addendum/lmdraft/livecodebench_qwen3/r_fuzzy/alpha0.25/case_016/seed_0,livecodebench_qwen3,r_fuzzy,alpha0.25,case_016,0,no_answer,0
addendum/lmdraft/livecodebench_qwen3/r_fuzzy/alpha0.25/case_017/seed_0,livecodebench_qwen3,r_fuzzy,alpha0.25,case_017,0,passed,1
addendum/lmdraft/livecodebench_qwen3/r_fuzzy/alpha0.25/case_018/seed_0,livecodebench_qwen3,r_fuzzy,alpha0.25,case_018,0,passed,1
addendum/lmdraft/livecodebench_qwen3/r_fuzzy/alpha0.25/case_019/seed_0,livecodebench_qwen3,r_fuzzy,alpha0.25,case_019,0,passed,1
addendum/lmdraft/livecodebench_qwen3/r_fuzzy/alpha0.25/case_020/seed_0,livecodebench_qwen3,r_fuzzy,alpha0.25,case_020,0,passed,1
addendum/lmdraft/livecodebench_qwen3/r_fuzzy/alpha0.25/case_021/seed_0,livecodebench_qwen3,r_fuzzy,alpha0.25,case_021,0,passed,1
addendum/lmdraft/livecodebench_qwen3/r_fuzzy/alpha0.25/case_022/seed_0,livecodebench_qwen3,r_fuzzy,alpha0.25,case_022,0,passed,1
addendum/lmdraft/livecodebench_qwen3/r_fuzzy/alpha0.25/case_023/seed_0,livecodebench_qwen3,r_fuzzy,alpha0.25,case_023,0,passed,1
addendum/lmdraft/livecodebench_qwen3/r_fuzzy/alpha0.25/case_024/seed_0,livecodebench_qwen3,r_fuzzy,alpha0.25,case_024,0,no_answer,0
addendum/lmdraft/livecodebench_qwen3/r_fuzzy/alpha0.25/case_025/seed_0,livecodebench_qwen3,r_fuzzy,alpha0.25,case_025,0,passed,1
addendum/lmdraft/livecodebench_qwen3/r_fuzzy/alpha0.25/case_026/seed_0,livecodebench_qwen3,r_fuzzy,alpha0.25,case_026,0,error,0
addendum/lmdraft/livecodebench_qwen3/r_fuzzy/alpha0.25/case_027/seed_0,livecodebench_qwen3,r_fuzzy,alpha0.25,case_027,0,no_answer,0
addendum/lmdraft/livecodebench_qwen3/r_fuzzy/alpha0.25/case_028/seed_0,livecodebench_qwen3,r_fuzzy,alpha0.25,case_028,0,no_answer,0
addendum/lmdraft/livecodebench_qwen3/r_fuzzy/alpha0.25/case_029/seed_0,livecodebench_qwen3,r_fuzzy,alpha0.25,case_029,0,no_answer,0
addendum/lmdraft/livecodebench_qwen3/r_fuzzy/alpha0.25/case_030/seed_0,livecodebench_qwen3,r_fuzzy,alpha0.25,case_030,0,no_answer,0
addendum/lmdraft/livecodebench_qwen3/r_fuzzy/alpha0.25/case_031/seed_0,livecodebench_qwen3,r_fuzzy,alpha0.25,case_031,0,passed,1
addendum/lmdraft/livecodebench_qwen3/r_fuzzy/alpha0.25/case_032/seed_0,livecodebench_qwen3,r_fuzzy,alpha0.25,case_032,0,no_answer,0
addendum/lmdraft/livecodebench_qwen3/r_fuzzy/alpha0.25/case_033/seed_0,livecodebench_qwen3,r_fuzzy,alpha0.25,case_033,0,passed,1
addendum/lmdraft/livecodebench_qwen3/r_fuzzy/alpha0.25/case_034/seed_0,livecodebench_qwen3,r_fuzzy,alpha0.25,case_034,0,passed,1
addendum/lmdraft/livecodebench_qwen3/r_fuzzy/alpha0.25/case_035/seed_0,livecodebench_qwen3,r_fuzzy,alpha0.25,case_035,0,passed,1
addendum/lmdraft/livecodebench_qwen3/r_fuzzy/alpha0.25/case_036/seed_0,livecodebench_qwen3,r_fuzzy,alpha0.25,case_036,0,passed,1
addendum/lmdraft/livecodebench_qwen3/r_fuzzy/alpha0.25/case_037/seed_0,livecodebench_qwen3,r_fuzzy,alpha0.25,case_037,0,passed,1
addendum/lmdraft/livecodebench_qwen3/r_fuzzy/alpha0.25/case_038/seed_0,livecodebench_qwen3,r_fuzzy,alpha0.25,case_038,0,passed,1
addendum/lmdraft/livecodebench_qwen3/r_fuzzy/alpha0.25/case_039/seed_0,livecodebench_qwen3,r_fuzzy,alpha0.25,case_039,0,no_answer,0
addendum/lmdraft/livecodebench_qwen3/r_fuzzy/alpha0.25/case_040/seed_0,livecodebench_qwen3,r_fuzzy,alpha0.25,case_040,0,no_answer,0
addendum/lmdraft/livecodebench_qwen3/r_fuzzy/alpha0.25/case_041/seed_0,livecodebench_qwen3,r_fuzzy,alpha0.25,case_041,0,no_answer,0
addendum/lmdraft/livecodebench_qwen3/r_fuzzy/alpha0.25/case_042/seed_0,livecodebench_qwen3,r_fuzzy,alpha0.25,case_042,0,passed,1
addendum/lmdraft/livecodebench_qwen3/r_fuzzy/alpha0.25/case_043/seed_0,livecodebench_qwen3,r_fuzzy,alpha0.25,case_043,0,passed,1
addendum/lmdraft/livecodebench_qwen3/r_fuzzy/alpha0.25/case_044/seed_0,livecodebench_qwen3,r_fuzzy,alpha0.25,case_044,0,passed,1
addendum/lmdraft/livecodebench_qwen3/r_fuzzy/alpha0.25/case_045/seed_0,livecodebench_qwen3,r_fuzzy,alpha0.25,case_045,0,passed,1
addendum/lmdraft/livecodebench_qwen3/r_fuzzy/alpha0.25/case_046/seed_0,livecodebench_qwen3,r_fuzzy,alpha0.25,case_046,0,no_answer,0
addendum/lmdraft/livecodebench_qwen3/r_fuzzy/alpha0.25/case_047/seed_0,livecodebench_qwen3,r_fuzzy,alpha0.25,case_047,0,no_answer,0
addendum/lmdraft/livecodebench_qwen3/r_fuzzy/alpha0.25/case_048/seed_0,livecodebench_qwen3,r_fuzzy,alpha0.25,case_048,0,passed,1
addendum/lmdraft/livecodebench_qwen3/r_fuzzy/alpha0.25/case_049/seed_0,livecodebench_qwen3,r_fuzzy,alpha0.25,case_049,0,no_answer,0
addendum/lmdraft/livecodebench_qwen3/r_fuzzy/alpha0.25/case_050/seed_0,livecodebench_qwen3,r_fuzzy,alpha0.25,case_050,0,error,0
addendum/lmdraft/livecodebench_qwen3/r_fuzzy/alpha0.25/case_051/seed_0,livecodebench_qwen3,r_fuzzy,alpha0.25,case_051,0,no_answer,0
addendum/lmdraft/livecodebench_qwen3/r_fuzzy/alpha0.25/case_052/seed_0,livecodebench_qwen3,r_fuzzy,alpha0.25,case_052,0,no_answer,0
addendum/lmdraft/livecodebench_qwen3/r_fuzzy/alpha0.25/case_053/seed_0,livecodebench_qwen3,r_fuzzy,alpha0.25,case_053,0,passed,1
addendum/lmdraft/livecodebench_qwen3/r_fuzzy/alpha0.25/case_054/seed_0,livecodebench_qwen3,r_fuzzy,alpha0.25,case_054,0,passed,1
addendum/lmdraft/livecodebench_qwen3/r_fuzzy/alpha0.25/case_055/seed_0,livecodebench_qwen3,r_fuzzy,alpha0.25,case_055,0,passed,1
addendum/lmdraft/livecodebench_qwen3/r_fuzzy/alpha0.25/case_056/seed_0,livecodebench_qwen3,r_fuzzy,alpha0.25,case_056,0,passed,1
addendum/lmdraft/livecodebench_qwen3/r_fuzzy/alpha0.25/case_057/seed_0,livecodebench_qwen3,r_fuzzy,alpha0.25,case_057,0,passed,1
addendum/lmdraft/livecodebench_qwen3/r_fuzzy/alpha0.25/case_058/seed_0,livecodebench_qwen3,r_fuzzy,alpha0.25,case_058,0,no_answer,0
addendum/lmdraft/livecodebench_qwen3/r_fuzzy/alpha0.25/case_059/seed_0,livecodebench_qwen3,r_fuzzy,alpha0.25,case_059,0,passed,1
addendum/lmdraft/livecodebench_qwen3/r_fuzzy/alpha0.25/case_060/seed_0,livecodebench_qwen3,r_fuzzy,alpha0.25,case_060,0,passed,1
addendum/lmdraft/livecodebench_qwen3/r_fuzzy/alpha0.25/case_061/seed_0,livecodebench_qwen3,r_fuzzy,alpha0.25,case_061,0,passed,1
addendum/lmdraft/livecodebench_qwen3/r_fuzzy/alpha0.25/case_062/seed_0,livecodebench_qwen3,r_fuzzy,alpha0.25,case_062,0,passed,1
addendum/lmdraft/livecodebench_qwen3/r_fuzzy/alpha0.25/case_063/seed_0,livecodebench_qwen3,r_fuzzy,alpha0.25,case_063,0,passed,1
addendum/lmdraft/livecodebench_qwen3/r_fuzzy/alpha0.25/case_064/seed_0,livecodebench_qwen3,r_fuzzy,alpha0.25,case_064,0,passed,1
addendum/lmdraft/livecodebench_qwen3/r_fuzzy/alpha0.25/case_065/seed_0,livecodebench_qwen3,r_fuzzy,alpha0.25,case_065,0,no_answer,0
addendum/lmdraft/livecodebench_qwen3/r_fuzzy/alpha0.25/case_066/seed_0,livecodebench_qwen3,r_fuzzy,alpha0.25,case_066,0,passed,1
addendum/lmdraft/livecodebench_qwen3/r_fuzzy/alpha0.25/case_067/seed_0,livecodebench_qwen3,r_fuzzy,alpha0.25,case_067,0,passed,1
addendum/lmdraft/livecodebench_qwen3/r_fuzzy/alpha0.25/case_068/seed_0,livecodebench_qwen3,r_fuzzy,alpha0.25,case_068,0,no_answer,0
addendum/lmdraft/livecodebench_qwen3/r_fuzzy/alpha0.25/case_069/seed_0,livecodebench_qwen3,r_fuzzy,alpha0.25,case_069,0,error,0
addendum/lmdraft/livecodebench_qwen3/r_fuzzy/alpha0.25/case_070/seed_0,livecodebench_qwen3,r_fuzzy,alpha0.25,case_070,0,passed,1
addendum/lmdraft/livecodebench_qwen3/r_fuzzy/alpha0.25/case_071/seed_0,livecodebench_qwen3,r_fuzzy,alpha0.25,case_071,0,no_answer,0
addendum/lmdraft/livecodebench_qwen3/r_fuzzy/alpha0.25/case_072/seed_0,livecodebench_qwen3,r_fuzzy,alpha0.25,case_072,0,passed,1
addendum/lmdraft/livecodebench_qwen3/r_fuzzy/alpha0.25/case_073/seed_0,livecodebench_qwen3,r_fuzzy,alpha0.25,case_073,0,passed,1
addendum/lmdraft/livecodebench_qwen3/r_fuzzy/alpha0.25/case_074/seed_0,livecodebench_qwen3,r_fuzzy,alpha0.25,case_074,0,no_answer,0
addendum/lmdraft/livecodebench_qwen3/r_fuzzy/alpha0.25/case_075/seed_0,livecodebench_qwen3,r_fuzzy,alpha0.25,case_075,0,passed,1
addendum/lmdraft/livecodebench_qwen3/r_fuzzy/alpha0.25/case_076/seed_0,livecodebench_qwen3,r_fuzzy,alpha0.25,case_076,0,passed,1
addendum/lmdraft/livecodebench_qwen3/r_fuzzy/alpha0.25/case_077/seed_0,livecodebench_qwen3,r_fuzzy,alpha0.25,case_077,0,no_answer,0
addendum/lmdraft/livecodebench_qwen3/r_fuzzy/alpha0.25/case_078/seed_0,livecodebench_qwen3,r_fuzzy,alpha0.25,case_078,0,passed,1
addendum/lmdraft/livecodebench_qwen3/r_fuzzy/alpha0.25/case_079/seed_0,livecodebench_qwen3,r_fuzzy,alpha0.25,case_079,0,passed,1
addendum/lmdraft/livecodebench_qwen3/r_fuzzy/alpha0.25/case_080/seed_0,livecodebench_qwen3,r_fuzzy,alpha0.25,case_080,0,passed,1
addendum/lmdraft/livecodebench_qwen3/r_fuzzy/alpha0.25/case_081/seed_0,livecodebench_qwen3,r_fuzzy,alpha0.25,case_081,0,no_answer,0
addendum/lmdraft/livecodebench_qwen3/r_fuzzy/alpha0.25/case_082/seed_0,livecodebench_qwen3,r_fuzzy,alpha0.25,case_082,0,passed,1
addendum/lmdraft/livecodebench_qwen3/r_fuzzy/alpha0.25/case_083/seed_0,livecodebench_qwen3,r_fuzzy,alpha0.25,case_083,0,passed,1
addendum/lmdraft/livecodebench_qwen3/r_fuzzy/alpha0.25/case_084/seed_0,livecodebench_qwen3,r_fuzzy,alpha0.25,case_084,0,no_answer,0
addendum/lmdraft/livecodebench_qwen3/r_fuzzy/alpha0.25/case_085/seed_0,livecodebench_qwen3,r_fuzzy,alpha0.25,case_085,0,no_answer,0
addendum/lmdraft/livecodebench_qwen3/r_fuzzy/alpha0.25/case_086/seed_0,livecodebench_qwen3,r_fuzzy,alpha0.25,case_086,0,passed,1
addendum/lmdraft/livecodebench_qwen3/r_fuzzy/alpha0.25/case_087/seed_0,livecodebench_qwen3,r_fuzzy,alpha0.25,case_087,0,passed,1
addendum/lmdraft/livecodebench_qwen3/r_fuzzy/alpha0.25/case_088/seed_0,livecodebench_qwen3,r_fuzzy,alpha0.25,case_088,0,passed,1
addendum/lmdraft/livecodebench_qwen3/r_fuzzy/alpha0.25/case_089/seed_0,livecodebench_qwen3,r_fuzzy,alpha0.25,case_089,0,no_answer,0
addendum/lmdraft/livecodebench_qwen3/r_fuzzy/alpha0.25/case_090/seed_0,livecodebench_qwen3,r_fuzzy,alpha0.25,case_090,0,no_answer,0
addendum/lmdraft/livecodebench_qwen3/spec_casc_opt/alpha0.05/case_001/seed_0,livecodebench_qwen3,spec_casc_opt,alpha0.05,case_001,0,passed,1
addendum/lmdraft/livecodebench_qwen3/spec_casc_opt/alpha0.05/case_002/seed_0,livecodebench_qwen3,spec_casc_opt,alpha0.05,case_002,0,passed,1
addendum/lmdraft/livecodebench_qwen3/spec_casc_opt/alpha0.05/case_003/seed_0,livecodebench_qwen3,spec_casc_opt,alpha0.05,case_003,0,no_answer,0
addendum/lmdraft/livecodebench_qwen3/spec_casc_opt/alpha0.05/case_004/seed_0,livecodebench_qwen3,spec_casc_opt,alpha0.05,case_004,0,passed,1
addendum/lmdraft/livecodebench_qwen3/spec_casc_opt/alpha0.05/case_005/seed_0,livecodebench_qwen3,spec_casc_opt,alpha0.05,case_005,0,no_answer,0
addendum/lmdraft/livecodebench_qwen3/spec_casc_opt/alpha0.05/case_006/seed_0,livecodebench_qwen3,spec_casc_opt,alpha0.05,case_006,0,passed,1
addendum/lmdraft/livecodebench_qwen3/spec_casc_opt/alpha0.05/case_007/seed_0,livecodebench_qwen3,spec_casc_opt,alpha0.05,case_007,0,passed,1
addendum/lmdraft/livecodebench_qwen3/spec_casc_opt/alpha0.05/case_008/seed_0,livecodebench_qwen3,spec_casc_opt,alpha0.05,case_008,0,passed,1
addendum/lmdraft/livecodebench_qwen3/spec_casc_opt/alpha0.05/case_009/seed_0,livecodebench_qwen3,spec_casc_opt,alpha0.05,case_009,0,passed,1
addendum/lmdraft/livecodebench_qwen3/spec_casc_opt/alpha0.05/case_010/seed_0,livecodebench_qwen3,spec_casc_opt,alpha0.05,case_010,0,passed,1
addendum/lmdraft/livecodebench_qwen3/spec_casc_opt/alpha0.05/case_011/seed_0,livecodebench_qwen3,spec_casc_opt,alpha0.05,case_011,0,passed,1
addendum/lmdraft/livecodebench_qwen3/spec_casc_opt/alpha0.05/case_012/seed_0,livecodebench_qwen3,spec_casc_opt,alpha0.05,case_012,0,passed,1
addendum/lmdraft/livecodebench_qwen3/spec_casc_opt/alpha0.05/case_013/seed_0,livecodebench_qwen3,spec_casc_opt,alpha0.05,case_013,0,passed,1
addendum/lmdraft/livecodebench_qwen3/spec_casc_opt/alpha0.05/case_014/seed_0,livecodebench_qwen3,spec_casc_opt,alpha0.05,case_014,0,no_answer,0
addendum/lmdraft/livecodebench_qwen3/spec_casc_opt/alpha0.05/case_015/seed_0,livecodebench_qwen3,spec_casc_opt,alpha0.05,case_015,0,no_answer,0
addendum/lmdraft/livecodebench_qwen3/spec_casc_opt/alpha0.05/case_016/seed_0,livecodebench_qwen3,spec_casc_opt,alpha0.05,case_016,0,no_answer,0
addendum/lmdraft/livecodebench_qwen3/spec_casc_opt/alpha0.05/case_017/seed_0,livecodebench_qwen3,spec_casc_opt,alpha0.05,case_017,0,passed,1
addendum/lmdraft/livecodebench_qwen3/spec_casc_opt/alpha0.05/case_018/seed_0,livecodebench_qwen3,spec_casc_opt,alpha0.05,case_018,0,passed,1
addendum/lmdraft/livecodebench_qwen3/spec_casc_opt/alpha0.05/case_019/seed_0,livecodebench_qwen3,spec_casc_opt,alpha0.05,case_019,0,passed,1
addendum/lmdraft/livecodebench_qwen3/spec_casc_opt/alpha0.05/case_020/seed_0,livecodebench_qwen3,spec_casc_opt,alpha0.05,case_020,0,passed,1
addendum/lmdraft/livecodebench_qwen3/spec_casc_opt/alpha0.05/case_021/seed_0,livecodebench_qwen3,spec_casc_opt,alpha0.05,case_021,0,passed,1
addendum/lmdraft/livecodebench_qwen3/spec_casc_opt/alpha0.05/case_022/seed_0,livecodebench_qwen3,spec_casc_opt,alpha0.05,case_022,0,passed,1
addendum/lmdraft/livecodebench_qwen3/spec_casc_opt/alpha0.05/case_023/seed_0,livecodebench_qwen3,spec_casc_opt,alpha0.05,case_023,0,passed,1
addendum/lmdraft/livecodebench_qwen3/spec_casc_opt/alpha0.05/case_024/seed_0,livecodebench_qwen3,spec_casc_opt,alpha0.05,case_024,0,no_answer,0
addendum/lmdraft/livecodebench_qwen3/spec_casc_opt/alpha0.05/case_025/seed_0,livecodebench_qwen3,spec_casc_opt,alpha0.05,case_025,0,passed,1
addendum/lmdraft/livecodebench_qwen3/spec_casc_opt/alpha0.05/case_026/seed_0,livecodebench_qwen3,spec_casc_opt,alpha0.05,case_026,0,passed,1
addendum/lmdraft/livecodebench_qwen3/spec_casc_opt/alpha0.05/case_027/seed_0,livecodebench_qwen3,spec_casc_opt,alpha0.05,case_027,0,passed,1
addendum/lmdraft/livecodebench_qwen3/spec_casc_opt/alpha0.05/case_028/seed_0,livecodebench_qwen3,spec_casc_opt,alpha0.05,case_028,0,no_answer,0
addendum/lmdraft/livecodebench_qwen3/spec_casc_opt/alpha0.05/case_029/seed_0,livecodebench_qwen3,spec_casc_opt,alpha0.05,case_029,0,passed,1
addendum/lmdraft/livecodebench_qwen3/spec_casc_opt/alpha0.05/case_030/seed_0,livecodebench_qwen3,spec_casc_opt,alpha0.05,case_030,0,no_answer,0
addendum/lmdraft/livecodebench_qwen3/spec_casc_opt/alpha0.05/case_031/seed_0,livecodebench_qwen3,spec_casc_opt,alpha0.05,case_031,0,passed,1
addendum/lmdraft/livecodebench_qwen3/spec_casc_opt/alpha0.05/case_032/seed_0,livecodebench_qwen3,spec_casc_opt,alpha0.05,case_032,0,no_answer,0
addendum/lmdraft/livecodebench_qwen3/spec_casc_opt/alpha0.05/case_033/seed_0,livecodebench_qwen3,spec_casc_opt,alpha0.05,case_033,0,passed,1
addendum/lmdraft/livecodebench_qwen3/spec_casc_opt/alpha0.05/case_034/seed_0,livecodebench_qwen3,spec_casc_opt,alpha0.05,case_034,0,passed,1
addendum/lmdraft/livecodebench_qwen3/spec_casc_opt/alpha0.05/case_035/seed_0,livecodebench_qwen3,spec_casc_opt,alpha0.05,case_035,0,passed,1
addendum/lmdraft/livecodebench_qwen3/spec_casc_opt/alpha0.05/case_036/seed_0,livecodebench_qwen3,spec_casc_opt,alpha0.05,case_036,0,passed,1
addendum/lmdraft/livecodebench_qwen3/spec_casc_opt/alpha0.05/case_037/seed_0,livecodebench_qwen3,spec_casc_opt,alpha0.05,case_037,0,passed,1
addendum/lmdraft/livecodebench_qwen3/spec_casc_opt/alpha0.05/case_038/seed_0,livecodebench_qwen3,spec_casc_opt,alpha0.05,case_038,0,passed,1
addendum/lmdraft/livecodebench_qwen3/spec_casc_opt/alpha0.05/case_039/seed_0,livecodebench_qwen3,spec_casc_opt,alpha0.05,case_039,0,no_answer,0
addendum/lmdraft/livecodebench_qwen3/spec_casc_opt/alpha0.05/case_040/seed_0,livecodebench_qwen3,spec_casc_opt,alpha0.05,case_040,0,no_answer,0
addendum/lmdraft/livecodebench_qwen3/spec_casc_opt/alpha0.05/case_041/seed_0,livecodebench_qwen3,spec_casc_opt,alpha0.05,case_041,0,no_answer,0
addendum/lmdraft/livecodebench_qwen3/spec_casc_opt/alpha0.05/case_042/seed_0,livecodebench_qwen3,spec_casc_opt,alpha0.05,case_042,0,passed,1
addendum/lmdraft/livecodebench_qwen3/spec_casc_opt/alpha0.05/case_043/seed_0,livecodebench_qwen3,spec_casc_opt,alpha0.05,case_043,0,passed,1
addendum/lmdraft/livecodebench_qwen3/spec_casc_opt/alpha0.05/case_044/seed_0,livecodebench_qwen3,spec_casc_opt,alpha0.05,case_044,0,passed,1
addendum/lmdraft/livecodebench_qwen3/spec_casc_opt/alpha0.05/case_045/seed_0,livecodebench_qwen3,spec_casc_opt,alpha0.05,case_045,0,passed,1
addendum/lmdraft/livecodebench_qwen3/spec_casc_opt/alpha0.05/case_046/seed_0,livecodebench_qwen3,spec_casc_opt,alpha0.05,case_046,0,no_answer,0
addendum/lmdraft/livecodebench_qwen3/spec_casc_opt/alpha0.05/case_047/seed_0,livecodebench_qwen3,spec_casc_opt,alpha0.05,case_047,0,no_answer,0
addendum/lmdraft/livecodebench_qwen3/spec_casc_opt/alpha0.05/case_048/seed_0,livecodebench_qwen3,spec_casc_opt,alpha0.05,case_048,0,passed,1
addendum/lmdraft/livecodebench_qwen3/spec_casc_opt/alpha0.05/case_049/seed_0,livecodebench_qwen3,spec_casc_opt,alpha0.05,case_049,0,no_answer,0
addendum/lmdraft/livecodebench_qwen3/spec_casc_opt/alpha0.05/case_050/seed_0,livecodebench_qwen3,spec_casc_opt,alpha0.05,case_050,0,passed,1
addendum/lmdraft/livecodebench_qwen3/spec_casc_opt/alpha0.05/case_051/seed_0,livecodebench_qwen3,spec_casc_opt,alpha0.05,case_051,0,no_answer,0
addendum/lmdraft/livecodebench_qwen3/spec_casc_opt/alpha0.05/case_052/seed_0,livecodebench_qwen3,spec_casc_opt,alpha0.05,case_052,0,no_answer,0
addendum/lmdraft/livecodebench_qwen3/spec_casc_opt/alpha0.05/case_053/seed_0,livecodebench_qwen3,spec_casc_opt,alpha0.05,case_053,0,no_answer,0
addendum/lmdraft/livecodebench_qwen3/spec_casc_opt/alpha0.05/case_054/seed_0,livecodebench_qwen3,spec_casc_opt,alpha0.05,case_054,0,passed,1
addendum/lmdraft/livecodebench_qwen3/spec_casc_opt/alpha0.05/case_055/seed_0,livecodebench_qwen3,spec_casc_opt,alpha0.05,case_055,0,passed,1
addendum/lmdraft/livecodebench_qwen3/spec_casc_opt/alpha0.05/case_056/seed_0,livecodebench_qwen3,spec_casc_opt,alpha0.05,case_056,0,passed,1
addendum/lmdraft/livecodebench_qwen3/spec_casc_opt/alpha0.05/case_057/seed_0,livecodebench_qwen3,spec_casc_opt,alpha0.05,case_057,0,passed,1
addendum/lmdraft/livecodebench_qwen3/spec_casc_opt/alpha0.05/case_058/seed_0,livecodebench_qwen3,spec_casc_opt,alpha0.05,case_058,0,no_answer,0
addendum/lmdraft/livecodebench_qwen3/spec_casc_opt/alpha0.05/case_059/seed_0,livecodebench_qwen3,spec_casc_opt,alpha0.05,case_059,0,passed,1
addendum/lmdraft/livecodebench_qwen3/spec_casc_opt/alpha0.05/case_060/seed_0,livecodebench_qwen3,spec_casc_opt,alpha0.05,case_060,0,passed,1
addendum/lmdraft/livecodebench_qwen3/spec_casc_opt/alpha0.05/case_061/seed_0,livecodebench_qwen3,spec_casc_opt,alpha0.05,case_061,0,passed,1
addendum/lmdraft/livecodebench_qwen3/spec_casc_opt/alpha0.05/case_062/seed_0,livecodebench_qwen3,spec_casc_opt,alpha0.05,case_062,0,passed,1
addendum/lmdraft/livecodebench_qwen3/spec_casc_opt/alpha0.05/case_063/seed_0,livecodebench_qwen3,spec_casc_opt,alpha0.05,case_063,0,passed,1
addendum/lmdraft/livecodebench_qwen3/spec_casc_opt/alpha0.05/case_064/seed_0,livecodebench_qwen3,spec_casc_opt,alpha0.05,case_064,0,passed,1
addendum/lmdraft/livecodebench_qwen3/spec_casc_opt/alpha0.05/case_065/seed_0,livecodebench_qwen3,spec_casc_opt,alpha0.05,case_065,0,no_answer,0
addendum/lmdraft/livecodebench_qwen3/spec_casc_opt/alpha0.05/case_066/seed_0,livecodebench_qwen3,spec_casc_opt,alpha0.05,case_066,0,passed,1
addendum/lmdraft/livecodebench_qwen3/spec_casc_opt/alpha0.05/case_067/seed_0,livecodebench_qwen3,spec_casc_opt,alpha0.05,case_067,0,passed,1
addendum/lmdraft/livecodebench_qwen3/spec_casc_opt/alpha0.05/case_068/seed_0,livecodebench_qwen3,spec_casc_opt,alpha0.05,case_068,0,no_answer,0
addendum/lmdraft/livecodebench_qwen3/spec_casc_opt/alpha0.05/case_069/seed_0,livecodebench_qwen3,spec_casc_opt,alpha0.05,case_069,0,passed,1
addendum/lmdraft/livecodebench_qwen3/spec_casc_opt/alpha0.05/case_070/seed_0,livecodebench_qwen3,spec_casc_opt,alpha0.05,case_070,0,passed,1
addendum/lmdraft/livecodebench_qwen3/spec_casc_opt/alpha0.05/case_071/seed_0,livecodebench_qwen3,spec_casc_opt,alpha0.05,case_071,0,no_answer,0
addendum/lmdraft/livecodebench_qwen3/spec_casc_opt/alpha0.05/case_072/seed_0,livecodebench_qwen3,spec_casc_opt,alpha0.05,case_072,0,passed,1
addendum/lmdraft/livecodebench_qwen3/spec_casc_opt/alpha0.05/case_073/seed_0,livecodebench_qwen3,spec_casc_opt,alpha0.05,case_073,0,passed,1
addendum/lmdraft/livecodebench_qwen3/spec_casc_opt/alpha0.05/case_074/seed_0,livecodebench_qwen3,spec_casc_opt,alpha0.05,case_074,0,no_answer,0
addendum/lmdraft/livecodebench_qwen3/spec_casc_opt/alpha0.05/case_075/seed_0,livecodebench_qwen3,spec_casc_opt,alpha0.05,case_075,0,passed,1
addendum/lmdraft/livecodebench_qwen3/spec_casc_opt/alpha0.05/case_076/seed_0,livecodebench_qwen3,spec_casc_opt,alpha0.05,case_076,0,passed,1
addendum/lmdraft/livecodebench_qwen3/spec_casc_opt/alpha0.05/case_077/seed_0,livecodebench_qwen3,spec_casc_opt,alpha0.05,case_077,0,passed,1
addendum/lmdraft/livecodebench_qwen3/spec_casc_opt/alpha0.05/case_078/seed_0,livecodebench_qwen3,spec_casc_opt,alpha0.05,case_078,0,passed,1
addendum/lmdraft/livecodebench_qwen3/spec_casc_opt/alpha0.05/case_079/seed_0,livecodebench_qwen3,spec_casc_opt,alpha0.05,case_079,0,passed,1
addendum/lmdraft/livecodebench_qwen3/spec_casc_opt/alpha0.05/case_080/seed_0,livecodebench_qwen3,spec_casc_opt,alpha0.05,case_080,0,passed,1
addendum/lmdraft/livecodebench_qwen3/spec_casc_opt/alpha0.05/case_081/seed_0,livecodebench_qwen3,spec_casc_opt,alpha0.05,case_081,0,passed,1
addendum/lmdraft/livecodebench_qwen3/spec_casc_opt/alpha0.05/case_082/seed_0,livecodebench_qwen3,spec_casc_opt,alpha0.05,case_082,0,passed,1
addendum/lmdraft/livecodebench_qwen3/spec_casc_opt/alpha0.05/case_083/seed_0,livecodebench_qwen3,spec_casc_opt,alpha0.05,case_083,0,passed,1
addendum/lmdraft/livecodebench_qwen3/spec_casc_opt/alpha0.05/case_084/seed_0,livecodebench_qwen3,spec_casc_opt,alpha0.05,case_084,0,no_answer,0
addendum/lmdraft/livecodebench_qwen3/spec_casc_opt/alpha0.05/case_085/seed_0,livecodebench_qwen3,spec_casc_opt,alpha0.05,case_085,0,no_answer,0
addendum/lmdraft/livecodebench_qwen3/spec_casc_opt/alpha0.05/case_086/seed_0,livecodebench_qwen3,spec_casc_opt,alpha0.05,case_086,0,passed,1
addendum/lmdraft/livecodebench_qwen3/spec_casc_opt/alpha0.05/case_087/seed_0,livecodebench_qwen3,spec_casc_opt,alpha0.05,case_087,0,passed,1
addendum/lmdraft/livecodebench_qwen3/spec_casc_opt/alpha0.05/case_088/seed_0,livecodebench_qwen3,spec_casc_opt,alpha0.05,case_088,0,passed,1
addendum/lmdraft/livecodebench_qwen3/spec_casc_opt/alpha0.05/case_089/seed_0,livecodebench_qwen3,spec_casc_opt,alpha0.05,case_089,0,no_answer,0
addendum/lmdraft/livecodebench_qwen3/spec_casc_opt/alpha0.05/case_090/seed_0,livecodebench_qwen3,spec_casc_opt,alpha0.05,case_090,0,no_answer,0
