# Replacements applied by make_snapshot.py, in order (first match wins per position).
# Columns: python regex <TAB> replacement <TAB> scope (all = every text file and path, docs = code/docs only, not run data)
# Matching is case-insensitive. Longer / more specific patterns first.
#
# Paths
/home/chiatzen/lossy-token-eff	/path/to/repo	all
/project/6101837/billxby	/project/ALLOC/USER	all
/home/billxby/projects/aip-hongyanz/billxby	/home/USER/projects/ALLOC/USER	all
/project/6071935	/project/ALLOC2	all
\b6101837\b	ALLOC	all
\b6071935\b	ALLOC2	all
/scratch/billxby	/scratch/USER	all
/home/billxby	/home/USER	all
# Slurm accounts / allocations (identify the PI)
\b(?:def|aip)-hongyanz(?:_gpu|_cpu)?\b	ACCOUNT	all
hongyanz	PI	all
# Usernames, GitHub owner, repo name
chiatzenw-cur	ORG	all
# the predecessor repo (public under the same GitHub org, so its name alone de-anonymizes)
lossy-spec-decode-repetition	prior-repo	all
billxby	USER	all
chiatzen	AUTHOR1	all
lossy-token-eff	anon-repo	all
# People
\bBill Xu\b	AUTHOR2	docs
\bBill\b	AUTHOR2	docs
\bHaoChen\b	AUTHOR3	docs
\bProf\. Zhang\b	the PI	docs
\bZhang\b	PI	docs
# Clusters / hosts
g\d+\.nibi\.sharcnet	gpu-node	all
\bsharcnet\b	CLUSTER-A-ORG	all
(?<![a-z])nibiref(?![a-z])	clusterAref	all
(?<![a-z])nibi(?![a-z])	clusterA	all
(?<![a-z])killarney(?![a-z])	clusterB	all
\bkn1\d\d\b	gpu-node	all
\bPAICE\b	PROGRAM	docs
\bcomputecanada\b	HPC-ORG	docs
\.alliancecan\.ca\b	.example.org	all
\balliancecan\b	HPC-ORG	docs
\bAlliance\b	HPC-ORG	docs
\bCCDB\b	the account portal	docs
\bWaterloo\b	SITE	docs
\bDigital Research Alliance(?: of Canada)?\b	HPC-ORG	docs
\bCompute Canada\b	HPC-ORG	docs
\bNarval\b	clusterC	docs
\bVulcan\b	clusterD	docs
\bTamIA\b	clusterE	docs
