dataset,method,params,case,server_mode,output_tokens,finish_reason,hit_cap,reached_final_channel,l_bar,verdict,correct,record_valid
longbench_v2,spec_casc_tok,alpha0.8,case_001,warm,807,stop,False,True,2.325102880658436,wrong,False,True
longbench_v2,spec_casc_tok,alpha0.8,case_002,warm,237,stop,False,True,1.6153846153846154,wrong,False,True
longbench_v2,spec_casc_tok,alpha0.8,case_003,warm,463,stop,False,True,2.3214285714285716,wrong,False,True
longbench_v2,spec_casc_tok,alpha0.8,case_004,warm,572,stop,False,True,2.54320987654321,wrong,False,True
longbench_v2,spec_casc_tok,alpha0.8,case_005,warm,1275,stop,False,True,2.7043478260869565,correct,True,True
longbench_v2,spec_casc_tok,alpha0.8,case_006,warm,6609,stop,False,True,2.406185567010309,no_answer,False,True
longbench_v2,spec_casc_tok,alpha0.8,case_007,warm,624,stop,False,True,1.798206278026906,correct,True,True
longbench_v2,spec_casc_tok,alpha0.8,case_008,warm,795,stop,False,True,3.0927835051546393,correct,True,True
longbench_v2,spec_casc_tok,alpha0.8,case_009,warm,1632,stop,False,True,3.4644808743169397,correct,True,True
longbench_v2,spec_casc_tok,alpha0.8,case_010,warm,521,stop,False,True,1.6363636363636365,wrong,False,True
longbench_v2,spec_casc_tok,alpha0.8,case_011,warm,361,stop,False,True,2.1946902654867255,correct,True,True
longbench_v2,spec_casc_tok,alpha0.8,case_012,warm,996,stop,False,True,1.9850299401197604,correct,True,True
longbench_v2,spec_casc_tok,alpha0.8,case_013,warm,409,stop,False,True,2.220472440944882,wrong,False,True
longbench_v2,spec_casc_tok,alpha0.8,case_014,warm,2123,stop,False,True,2.1954887218045114,correct,True,True
longbench_v2,spec_casc_tok,alpha0.8,case_015,warm,712,stop,False,True,2.0211864406779663,correct,True,True
longbench_v2,spec_casc_tok,alpha0.8,case_016,warm,2254,stop,False,True,2.1524475524475526,correct,True,True
longbench_v2,spec_casc_tok,alpha0.8,case_017,warm,516,stop,False,True,2.3506493506493507,wrong,False,True
longbench_v2,spec_casc_tok,alpha0.8,case_018,warm,4017,stop,False,True,3.184375,correct,True,True
longbench_v2,spec_casc_tok,alpha0.8,case_019,warm,369,stop,False,True,2.256637168141593,correct,True,True
longbench_v2,spec_casc_tok,alpha0.8,case_020,warm,1333,stop,False,True,1.4990619136960601,wrong,False,True
longbench_v2,spec_casc_tok,alpha0.8,case_021,warm,893,stop,False,True,1.9966442953020134,correct,True,True
longbench_v2,spec_casc_tok,alpha0.8,case_022,warm,1325,stop,False,True,2.620218579234973,wrong,False,True
longbench_v2,spec_casc_tok,alpha0.8,case_023,warm,1421,stop,False,True,1.6963946869070208,correct,True,True
longbench_v2,spec_casc_tok,alpha0.8,case_024,warm,1350,stop,False,True,2.6939890710382515,correct,True,True
longbench_v2,spec_casc_tok,alpha0.8,case_025,warm,530,stop,False,True,2.8,correct,True,True
longbench_v2,spec_casc_tok,alpha0.8,case_026,warm,598,stop,False,True,2.346368715083799,correct,True,True
longbench_v2,spec_casc_tok,alpha0.8,case_027,warm,1250,stop,False,True,2.3956639566395665,wrong,False,True
longbench_v2,spec_casc_tok,alpha0.8,case_028,warm,2080,stop,False,True,3.0115606936416186,wrong,False,True
longbench_v2,spec_casc_tok,alpha0.8,case_029,warm,2462,stop,False,True,2.7250755287009065,wrong,False,True
longbench_v2,spec_casc_tok,alpha0.8,case_030,warm,780,stop,False,True,2.671361502347418,wrong,False,True
longbench_v2,spec_casc_tok,alpha0.8,case_031,warm,2436,stop,False,True,1.8738207547169812,wrong,False,True
longbench_v2,spec_casc_tok,alpha0.8,case_032,warm,4513,stop,False,True,2.029530201342282,wrong,False,True
longbench_v2,spec_casc_tok,alpha0.8,case_033,warm,1788,stop,False,True,3.5521628498727735,correct,True,True
longbench_v2,spec_casc_tok,alpha0.8,case_034,warm,1901,stop,False,True,2.2220338983050847,wrong,False,True
longbench_v2,spec_casc_tok,alpha0.8,case_035,warm,674,stop,False,True,2.2392344497607657,wrong,False,True
longbench_v2,spec_casc_tok,alpha0.8,case_036,warm,1283,stop,False,True,2.929663608562691,correct,True,True
longbench_v2,spec_casc_tok,alpha0.8,case_037,warm,2005,stop,False,True,2.4748700173310225,wrong,False,True
longbench_v2,spec_casc_tok,alpha0.8,case_038,warm,1340,stop,False,True,2.8982558139534884,correct,True,True
longbench_v2,spec_casc_tok,alpha0.8,case_039,warm,1980,stop,False,True,2.1613418530351436,wrong,False,True
longbench_v2,spec_casc_tok,alpha0.8,case_040,warm,1375,stop,False,True,2.4860759493670885,correct,True,True
longbench_v2,spec_casc_tok,alpha0.8,case_041,warm,1676,stop,False,True,2.111317254174397,wrong,False,True
longbench_v2,spec_casc_tok,alpha0.8,case_042,warm,1324,stop,False,True,1.9035087719298245,correct,True,True
longbench_v2,spec_casc_tok,alpha0.8,case_043,warm,2555,stop,False,True,2.4870395634379263,wrong,False,True
longbench_v2,spec_casc_tok,alpha0.8,case_044,warm,2388,stop,False,True,2.3661971830985915,wrong,False,True
longbench_v2,spec_casc_tok,alpha0.8,case_045,warm,5835,stop,False,True,1.9126310534198703,correct,True,True
longbench_v2,spec_casc_tok,alpha0.8,case_046,warm,1860,stop,False,True,1.758160237388724,wrong,False,True
longbench_v2,spec_casc_tok,alpha0.8,case_047,warm,1212,stop,False,True,2.5722713864306783,correct,True,True
longbench_v2,spec_casc_tok,alpha0.8,case_048,warm,1245,stop,False,True,2.0218446601941746,correct,True,True
longbench_v2,spec_casc_tok,alpha0.8,case_049,warm,2873,stop,False,True,2.2040133779264215,correct,True,True
longbench_v2,spec_casc_tok,alpha0.8,case_050,warm,6756,stop,False,True,2.331360946745562,correct,True,True
longbench_v2,spec_casc_tok,alpha0.8,case_051,warm,677,stop,False,True,2.1682242990654204,correct,True,True
longbench_v2,spec_casc_tok,alpha0.8,case_052,warm,957,stop,False,True,1.7449856733524356,wrong,False,True
longbench_v2,spec_casc_tok,alpha0.8,case_053,warm,836,stop,False,True,2.4122448979591837,correct,True,True
longbench_v2,spec_casc_tok,alpha0.8,case_054,warm,970,stop,False,True,2.343642611683849,wrong,False,True
longbench_v2,spec_casc_tok,alpha0.8,case_055,warm,2748,stop,False,True,2.4653215636822194,correct,True,True
longbench_v2,spec_casc_tok,alpha0.8,case_056,warm,466,stop,False,True,2.335714285714286,wrong,False,True
longbench_v2,spec_casc_tok,alpha0.8,case_057,warm,396,stop,False,True,2.0229007633587788,wrong,False,True
longbench_v2,spec_casc_tok,alpha0.8,case_058,warm,848,stop,False,True,3.131707317073171,wrong,False,True
longbench_v2,spec_casc_tok,alpha0.8,case_059,warm,1001,stop,False,True,2.4315068493150687,wrong,False,True
longbench_v2,spec_casc_tok,alpha0.8,case_060,warm,7613,stop,False,True,2.1844416562107907,wrong,False,True
longbench_v2,spec_casc_tok,alpha0.8,case_061,warm,4349,stop,False,True,2.6779374471682162,wrong,False,True
longbench_v2,spec_casc_tok,alpha0.8,case_062,warm,512,stop,False,True,1.7486631016042782,correct,True,True
longbench_v2,spec_casc_tok,alpha0.8,case_063,warm,607,stop,False,True,2.6467065868263475,correct,True,True
longbench_v2,spec_casc_tok,alpha0.8,case_064,warm,683,stop,False,True,2.4079601990049753,correct,True,True
longbench_v2,spec_casc_tok,alpha0.8,case_065,warm,495,stop,False,True,3.0737704918032787,wrong,False,True
longbench_v2,spec_casc_tok,alpha0.8,case_066,warm,443,stop,False,True,2.8947368421052633,wrong,False,True
longbench_v2,spec_casc_tok,alpha0.8,case_067,warm,2208,stop,False,True,2.9659498207885306,correct,True,True
longbench_v2,spec_casc_tok,alpha0.8,case_068,warm,1630,stop,False,True,2.4171907756813416,wrong,False,True
longbench_v2,spec_casc_tok,alpha0.8,case_069,warm,1007,stop,False,True,2.1366459627329193,wrong,False,True
longbench_v2,spec_casc_tok,alpha0.8,case_070,warm,3281,stop,False,True,2.689538807649044,correct,True,True
longbench_v2,spec_casc_tok,alpha0.8,case_071,warm,2183,stop,False,True,2.216494845360825,wrong,False,True
longbench_v2,spec_casc_tok,alpha0.8,case_072,warm,2711,stop,False,True,3.2077519379844963,correct,True,True
longbench_v2,spec_casc_tok,alpha0.8,case_073,warm,955,stop,False,True,2.107142857142857,wrong,False,True
longbench_v2,spec_casc_tok,alpha0.8,case_074,warm,1091,stop,False,True,2.1681159420289857,correct,True,True
longbench_v2,spec_casc_tok,alpha0.8,case_075,warm,1127,stop,False,True,2.1657303370786516,wrong,False,True
longbench_v2,spec_casc_tok,alpha0.8,case_076,warm,517,stop,False,True,2.278481012658228,correct,True,True
longbench_v2,spec_casc_tok,alpha0.8,case_077,warm,624,stop,False,True,1.7857142857142858,correct,True,True
longbench_v2,spec_casc_tok,alpha0.8,case_078,warm,1743,stop,False,True,1.8543371522094927,correct,True,True
longbench_v2,spec_casc_tok,alpha0.8,case_079,warm,738,stop,False,True,2.037037037037037,correct,True,True
longbench_v2,spec_casc_tok,alpha0.8,case_080,warm,1748,stop,False,True,2.64375,wrong,False,True
longbench_v2,spec_casc_tok,alpha0.8,case_081,warm,2002,stop,False,True,2.4809027777777777,wrong,False,True
longbench_v2,spec_casc_tok,alpha0.8,case_082,warm,212,stop,False,True,2.1,correct,True,True
longbench_v2,spec_casc_tok,alpha0.8,case_083,warm,1544,stop,False,True,2.017578125,wrong,False,True
longbench_v2,spec_casc_tok,alpha0.8,case_084,warm,449,stop,False,True,2.52755905511811,wrong,False,True
longbench_v2,spec_casc_tok,alpha0.8,case_085,warm,763,stop,False,True,2.42152466367713,wrong,False,True
longbench_v2,spec_casc_tok,alpha0.8,case_086,warm,229,stop,False,True,2.6507936507936507,wrong,False,True
longbench_v2,spec_casc_tok,alpha0.8,case_087,warm,3089,stop,False,True,2.645047169811321,wrong,False,True
longbench_v2,spec_casc_tok,alpha0.8,case_088,warm,1504,stop,False,True,2.7575,correct,True,True
longbench_v2,spec_casc_tok,alpha0.8,case_089,warm,689,stop,False,True,2.2748815165876777,correct,True,True
longbench_v2,spec_casc_tok,alpha0.8,case_090,warm,580,stop,False,True,2.0793650793650795,correct,True,True
longbench_v2,spec_casc_tok,alpha0.8,case_091,warm,1846,stop,False,True,3.125,correct,True,True
longbench_v2,spec_casc_tok,alpha0.8,case_092,warm,730,stop,False,True,1.786259541984733,correct,True,True
longbench_v2,spec_casc_tok,alpha0.8,case_093,warm,767,stop,False,True,2.6350710900473935,correct,True,True
longbench_v2,spec_casc_tok,alpha0.8,case_094,warm,446,stop,False,True,1.4184782608695652,correct,True,True
longbench_v2,spec_casc_tok,alpha0.8,case_095,warm,893,stop,False,True,1.9866220735785953,wrong,False,True
longbench_v2,spec_casc_tok,alpha0.8,case_096,warm,3981,stop,False,True,3.0,wrong,False,True
longbench_v2,spec_casc_tok,alpha0.8,case_097,warm,2422,stop,False,True,2.6032689450222883,correct,True,True
longbench_v2,spec_casc_tok,alpha0.8,case_098,warm,835,stop,False,True,1.7377049180327868,wrong,False,True
longbench_v2,spec_casc_tok,alpha0.8,case_099,warm,3443,stop,False,True,2.470766129032258,correct,True,True
longbench_v2,spec_casc_tok,alpha0.8,case_100,warm,1584,stop,False,True,3.436974789915966,correct,True,True
longbench_v2,spec_casc_tok,alpha0.8,case_101,warm,8192,length,True,False,2.488718603661132,no_answer,False,True
longbench_v2,spec_casc_tok,alpha0.8,case_102,warm,1154,stop,False,True,2.678343949044586,wrong,False,True
longbench_v2,spec_casc_tok,alpha0.8,case_103,warm,1354,stop,False,True,2.7506925207756234,correct,True,True
longbench_v2,spec_casc_tok,alpha0.8,case_104,warm,874,stop,False,True,2.4140625,wrong,False,True
longbench_v2,spec_casc_tok,alpha0.8,case_105,warm,1887,stop,False,True,2.507434944237918,wrong,False,True
longbench_v2,spec_casc_tok,alpha0.8,case_106,warm,4907,stop,False,True,1.9477477477477478,correct,True,True
longbench_v2,spec_casc_tok,alpha0.8,case_107,warm,1526,stop,False,True,1.7581227436823104,wrong,False,True
longbench_v2,spec_casc_tok,alpha0.8,case_108,warm,1634,stop,False,True,1.606060606060606,correct,True,True
longbench_v2,spec_casc_tok,alpha0.8,case_109,warm,1652,stop,False,True,2.609170305676856,correct,True,True
longbench_v2,spec_casc_tok,alpha0.8,case_110,warm,2406,stop,False,True,2.5359765051395007,correct,True,True
longbench_v2,spec_casc_tok,alpha0.8,case_111,warm,1303,stop,False,True,2.254364089775561,correct,True,True
longbench_v2,spec_casc_tok,alpha0.8,case_112,warm,611,stop,False,True,2.0098522167487687,correct,True,True
longbench_v2,spec_casc_tok,alpha0.8,case_113,warm,1562,stop,False,True,2.140562248995984,wrong,False,True
longbench_v2,spec_casc_tok,alpha0.8,case_114,warm,186,stop,False,True,1.90625,wrong,False,True
longbench_v2,spec_casc_tok,alpha0.8,case_115,warm,1001,stop,False,True,2.835249042145594,correct,True,True
longbench_v2,spec_casc_tok,alpha0.8,case_116,warm,537,stop,False,True,2.7552447552447554,correct,True,True
longbench_v2,spec_casc_tok,alpha0.8,case_117,warm,940,stop,False,True,2.0586319218241043,wrong,False,True
longbench_v2,spec_casc_tok,alpha0.8,case_118,warm,6943,stop,False,True,3.4703989703989704,wrong,False,True
longbench_v2,spec_casc_tok,alpha0.8,case_119,warm,287,stop,False,True,2.5875,correct,True,True
longbench_v2,spec_casc_tok,alpha0.8,case_120,warm,1779,stop,False,True,1.4591977869986168,wrong,False,True
longbench_v2,spec_casc_tok,alpha0.8,case_121,warm,1182,stop,False,True,2.476470588235294,wrong,False,True
longbench_v2,spec_casc_tok,alpha0.8,case_122,warm,3413,stop,False,True,1.6831761006289307,wrong,False,True
longbench_v2,spec_casc_tok,alpha0.8,case_123,warm,793,stop,False,True,2.3872340425531915,wrong,False,True
longbench_v2,spec_casc_tok,alpha0.8,case_124,warm,712,stop,False,True,2.8181818181818183,wrong,False,True
longbench_v2,spec_casc_tok,alpha0.8,case_125,warm,8192,length,True,False,2.959400676655389,wrong,False,True
longbench_v2,spec_casc_tok,alpha0.8,case_126,warm,1900,stop,False,True,2.360424028268551,wrong,False,True
longbench_v2,spec_casc_tok,alpha0.8,case_127,warm,1106,stop,False,True,2.165714285714286,wrong,False,True
longbench_v2,spec_casc_tok,alpha0.8,case_128,warm,1050,stop,False,True,1.9886039886039886,wrong,False,True
longbench_v2,spec_casc_tok,alpha0.8,case_129,warm,2345,stop,False,True,1.9472361809045227,correct,True,True
longbench_v2,spec_casc_tok,alpha0.8,case_130,warm,2058,stop,False,True,2.5213675213675213,correct,True,True
longbench_v2,spec_casc_tok,alpha0.8,case_131,warm,1873,stop,False,True,2.9808917197452227,correct,True,True
longbench_v2,spec_casc_tok,alpha0.8,case_132,warm,1174,stop,False,True,1.9797468354430379,wrong,False,True
longbench_v2,spec_casc_tok,alpha0.8,case_133,warm,703,stop,False,True,2.105726872246696,correct,True,True
longbench_v2,spec_casc_tok,alpha0.8,case_134,warm,3981,stop,False,True,2.7566037735849056,wrong,False,True
longbench_v2,spec_casc_tok,alpha0.8,case_135,warm,693,stop,False,True,3.052325581395349,correct,True,True
longbench_v2,spec_casc_tok,alpha0.8,case_136,warm,2097,stop,False,True,2.1220238095238093,wrong,False,True
longbench_v2,spec_casc_tok,alpha0.8,case_137,warm,2173,stop,False,True,2.491171749598716,wrong,False,True
longbench_v2,spec_casc_tok,alpha0.8,case_138,warm,1107,stop,False,True,1.5588914549653579,correct,True,True
longbench_v2,spec_casc_tok,alpha0.8,case_139,warm,2793,stop,False,True,2.1148272017837235,wrong,False,True
longbench_v2,spec_casc_tok,alpha0.8,case_140,warm,2608,stop,False,True,2.4046997389033944,wrong,False,True
longbench_v2,spec_casc_tok,alpha0.8,case_141,warm,856,stop,False,True,2.5371900826446283,wrong,False,True
longbench_v2,spec_casc_tok,alpha0.8,case_142,warm,605,stop,False,True,1.5527426160337552,correct,True,True
longbench_v2,spec_casc_tok,alpha0.8,case_143,warm,1010,stop,False,True,2.8625954198473282,correct,True,True
longbench_v2,spec_casc_tok,alpha0.8,case_144,warm,1291,stop,False,True,2.344559585492228,correct,True,True
longbench_v2,spec_casc_tok,alpha0.8,case_145,warm,1125,stop,False,True,1.950261780104712,wrong,False,True
longbench_v2,spec_casc_tok,alpha0.8,case_146,warm,193,stop,False,True,2.2711864406779663,wrong,False,True
longbench_v2,spec_casc_tok,alpha0.8,case_147,warm,1630,stop,False,True,2.754022988505747,wrong,False,True
longbench_v2,spec_casc_tok,alpha0.8,case_148,warm,266,stop,False,True,2.2839506172839505,correct,True,True
longbench_v2,spec_casc_tok,alpha0.8,case_149,warm,2860,stop,False,True,2.4631197097944377,wrong,False,True
longbench_v2,spec_casc_tok,alpha0.8,case_150,warm,203,stop,False,True,2.830188679245283,correct,True,True
longbench_v2,spec_casc_tok_force_commit,alpha0.8_t7372,case_001,warm,807,stop,False,True,2.325102880658436,wrong,False,True
longbench_v2,spec_casc_tok_force_commit,alpha0.8_t7372,case_002,warm,237,stop,False,True,1.6153846153846154,wrong,False,True
longbench_v2,spec_casc_tok_force_commit,alpha0.8_t7372,case_003,warm,463,stop,False,True,2.3214285714285716,wrong,False,True
longbench_v2,spec_casc_tok_force_commit,alpha0.8_t7372,case_004,warm,572,stop,False,True,2.54320987654321,wrong,False,True
longbench_v2,spec_casc_tok_force_commit,alpha0.8_t7372,case_005,warm,1275,stop,False,True,2.7043478260869565,correct,True,True
longbench_v2,spec_casc_tok_force_commit,alpha0.8_t7372,case_006,warm,6609,stop,False,True,2.406185567010309,no_answer,False,True
longbench_v2,spec_casc_tok_force_commit,alpha0.8_t7372,case_007,warm,624,stop,False,True,1.798206278026906,correct,True,True
longbench_v2,spec_casc_tok_force_commit,alpha0.8_t7372,case_008,warm,795,stop,False,True,3.0927835051546393,correct,True,True
longbench_v2,spec_casc_tok_force_commit,alpha0.8_t7372,case_009,warm,1632,stop,False,True,3.4644808743169397,correct,True,True
longbench_v2,spec_casc_tok_force_commit,alpha0.8_t7372,case_010,warm,521,stop,False,True,1.6363636363636365,wrong,False,True
longbench_v2,spec_casc_tok_force_commit,alpha0.8_t7372,case_011,warm,361,stop,False,True,2.1946902654867255,correct,True,True
longbench_v2,spec_casc_tok_force_commit,alpha0.8_t7372,case_012,warm,996,stop,False,True,1.9850299401197604,correct,True,True
longbench_v2,spec_casc_tok_force_commit,alpha0.8_t7372,case_013,warm,409,stop,False,True,2.220472440944882,wrong,False,True
longbench_v2,spec_casc_tok_force_commit,alpha0.8_t7372,case_014,warm,2123,stop,False,True,2.1954887218045114,correct,True,True
longbench_v2,spec_casc_tok_force_commit,alpha0.8_t7372,case_015,warm,712,stop,False,True,2.0211864406779663,correct,True,True
longbench_v2,spec_casc_tok_force_commit,alpha0.8_t7372,case_016,warm,2254,stop,False,True,2.1524475524475526,correct,True,True
longbench_v2,spec_casc_tok_force_commit,alpha0.8_t7372,case_017,warm,516,stop,False,True,2.3506493506493507,wrong,False,True
longbench_v2,spec_casc_tok_force_commit,alpha0.8_t7372,case_018,warm,4017,stop,False,True,3.184375,correct,True,True
longbench_v2,spec_casc_tok_force_commit,alpha0.8_t7372,case_019,warm,369,stop,False,True,2.256637168141593,correct,True,True
longbench_v2,spec_casc_tok_force_commit,alpha0.8_t7372,case_020,warm,1333,stop,False,True,1.4990619136960601,wrong,False,True
longbench_v2,spec_casc_tok_force_commit,alpha0.8_t7372,case_021,warm,893,stop,False,True,1.9966442953020134,correct,True,True
longbench_v2,spec_casc_tok_force_commit,alpha0.8_t7372,case_022,warm,1325,stop,False,True,2.620218579234973,wrong,False,True
longbench_v2,spec_casc_tok_force_commit,alpha0.8_t7372,case_023,warm,1421,stop,False,True,1.6963946869070208,correct,True,True
longbench_v2,spec_casc_tok_force_commit,alpha0.8_t7372,case_024,warm,1350,stop,False,True,2.6939890710382515,correct,True,True
longbench_v2,spec_casc_tok_force_commit,alpha0.8_t7372,case_025,warm,530,stop,False,True,2.8,correct,True,True
longbench_v2,spec_casc_tok_force_commit,alpha0.8_t7372,case_026,warm,598,stop,False,True,2.346368715083799,correct,True,True
longbench_v2,spec_casc_tok_force_commit,alpha0.8_t7372,case_027,warm,1250,stop,False,True,2.3956639566395665,wrong,False,True
longbench_v2,spec_casc_tok_force_commit,alpha0.8_t7372,case_028,warm,2080,stop,False,True,3.0115606936416186,wrong,False,True
longbench_v2,spec_casc_tok_force_commit,alpha0.8_t7372,case_029,warm,2462,stop,False,True,2.7250755287009065,wrong,False,True
longbench_v2,spec_casc_tok_force_commit,alpha0.8_t7372,case_030,warm,780,stop,False,True,2.671361502347418,wrong,False,True
longbench_v2,spec_casc_tok_force_commit,alpha0.8_t7372,case_031,warm,2436,stop,False,True,1.8738207547169812,wrong,False,True
longbench_v2,spec_casc_tok_force_commit,alpha0.8_t7372,case_032,warm,4513,stop,False,True,2.029530201342282,wrong,False,True
longbench_v2,spec_casc_tok_force_commit,alpha0.8_t7372,case_033,warm,1788,stop,False,True,3.5521628498727735,correct,True,True
longbench_v2,spec_casc_tok_force_commit,alpha0.8_t7372,case_034,warm,1901,stop,False,True,2.2220338983050847,wrong,False,True
longbench_v2,spec_casc_tok_force_commit,alpha0.8_t7372,case_035,warm,674,stop,False,True,2.2392344497607657,wrong,False,True
longbench_v2,spec_casc_tok_force_commit,alpha0.8_t7372,case_036,warm,1283,stop,False,True,2.929663608562691,correct,True,True
longbench_v2,spec_casc_tok_force_commit,alpha0.8_t7372,case_037,warm,2005,stop,False,True,2.4748700173310225,wrong,False,True
longbench_v2,spec_casc_tok_force_commit,alpha0.8_t7372,case_038,warm,1340,stop,False,True,2.8982558139534884,correct,True,True
longbench_v2,spec_casc_tok_force_commit,alpha0.8_t7372,case_039,warm,1980,stop,False,True,2.1613418530351436,wrong,False,True
longbench_v2,spec_casc_tok_force_commit,alpha0.8_t7372,case_040,warm,1375,stop,False,True,2.4860759493670885,correct,True,True
longbench_v2,spec_casc_tok_force_commit,alpha0.8_t7372,case_041,warm,1676,stop,False,True,2.111317254174397,wrong,False,True
longbench_v2,spec_casc_tok_force_commit,alpha0.8_t7372,case_042,warm,1324,stop,False,True,1.9035087719298245,correct,True,True
longbench_v2,spec_casc_tok_force_commit,alpha0.8_t7372,case_043,warm,2555,stop,False,True,2.4870395634379263,wrong,False,True
longbench_v2,spec_casc_tok_force_commit,alpha0.8_t7372,case_044,warm,2388,stop,False,True,2.3661971830985915,wrong,False,True
longbench_v2,spec_casc_tok_force_commit,alpha0.8_t7372,case_045,warm,5835,stop,False,True,1.9126310534198703,correct,True,True
longbench_v2,spec_casc_tok_force_commit,alpha0.8_t7372,case_046,warm,1860,stop,False,True,1.758160237388724,wrong,False,True
longbench_v2,spec_casc_tok_force_commit,alpha0.8_t7372,case_047,warm,1212,stop,False,True,2.5722713864306783,correct,True,True
longbench_v2,spec_casc_tok_force_commit,alpha0.8_t7372,case_048,warm,1245,stop,False,True,2.0218446601941746,correct,True,True
longbench_v2,spec_casc_tok_force_commit,alpha0.8_t7372,case_049,warm,2873,stop,False,True,2.2040133779264215,correct,True,True
longbench_v2,spec_casc_tok_force_commit,alpha0.8_t7372,case_050,warm,6756,stop,False,True,2.331360946745562,correct,True,True
longbench_v2,spec_casc_tok_force_commit,alpha0.8_t7372,case_051,warm,677,stop,False,True,2.1682242990654204,correct,True,True
longbench_v2,spec_casc_tok_force_commit,alpha0.8_t7372,case_052,warm,957,stop,False,True,1.7449856733524356,wrong,False,True
longbench_v2,spec_casc_tok_force_commit,alpha0.8_t7372,case_053,warm,836,stop,False,True,2.4122448979591837,correct,True,True
longbench_v2,spec_casc_tok_force_commit,alpha0.8_t7372,case_054,warm,970,stop,False,True,2.343642611683849,wrong,False,True
longbench_v2,spec_casc_tok_force_commit,alpha0.8_t7372,case_055,warm,2748,stop,False,True,2.4653215636822194,correct,True,True
longbench_v2,spec_casc_tok_force_commit,alpha0.8_t7372,case_056,warm,466,stop,False,True,2.335714285714286,wrong,False,True
longbench_v2,spec_casc_tok_force_commit,alpha0.8_t7372,case_057,warm,396,stop,False,True,2.0229007633587788,wrong,False,True
longbench_v2,spec_casc_tok_force_commit,alpha0.8_t7372,case_058,warm,848,stop,False,True,3.131707317073171,wrong,False,True
longbench_v2,spec_casc_tok_force_commit,alpha0.8_t7372,case_059,warm,1001,stop,False,True,2.4315068493150687,wrong,False,True
longbench_v2,spec_casc_tok_force_commit,alpha0.8_t7372,case_060,warm,7431,stop,False,True,2.1924398625429555,no_answer,False,True
longbench_v2,spec_casc_tok_force_commit,alpha0.8_t7372,case_061,warm,7221,stop,False,True,2.666497461928934,correct,True,True
longbench_v2,spec_casc_tok_force_commit,alpha0.8_t7372,case_062,warm,664,stop,False,True,2.0136363636363637,correct,True,True
longbench_v2,spec_casc_tok_force_commit,alpha0.8_t7372,case_063,warm,296,stop,False,True,2.5294117647058822,correct,True,True
longbench_v2,spec_casc_tok_force_commit,alpha0.8_t7372,case_064,warm,536,stop,False,True,2.1893491124260356,correct,True,True
longbench_v2,spec_casc_tok_force_commit,alpha0.8_t7372,case_065,warm,1086,stop,False,True,3.2170542635658914,correct,True,True
longbench_v2,spec_casc_tok_force_commit,alpha0.8_t7372,case_066,warm,252,stop,False,True,2.452054794520548,wrong,False,True
longbench_v2,spec_casc_tok_force_commit,alpha0.8_t7372,case_067,warm,3749,stop,False,True,3.194413407821229,correct,True,True
longbench_v2,spec_casc_tok_force_commit,alpha0.8_t7372,case_068,warm,1501,stop,False,True,2.2392241379310347,wrong,False,True
longbench_v2,spec_casc_tok_force_commit,alpha0.8_t7372,case_069,warm,566,stop,False,True,1.4291845493562232,wrong,False,True
longbench_v2,spec_casc_tok_force_commit,alpha0.8_t7372,case_070,warm,1258,stop,False,True,2.981012658227848,correct,True,True
longbench_v2,spec_casc_tok_force_commit,alpha0.8_t7372,case_071,warm,1368,stop,False,True,2.1689814814814814,wrong,False,True
longbench_v2,spec_casc_tok_force_commit,alpha0.8_t7372,case_072,warm,1628,stop,False,True,3.0954773869346734,correct,True,True
longbench_v2,spec_casc_tok_force_commit,alpha0.8_t7372,case_073,warm,982,stop,False,True,2.295302013422819,wrong,False,True
longbench_v2,spec_casc_tok_force_commit,alpha0.8_t7372,case_074,warm,1448,stop,False,True,2.323394495412844,correct,True,True
longbench_v2,spec_casc_tok_force_commit,alpha0.8_t7372,case_075,warm,1274,stop,False,True,1.7106382978723405,wrong,False,True
longbench_v2,spec_casc_tok_force_commit,alpha0.8_t7372,case_076,warm,814,stop,False,True,2.353909465020576,correct,True,True
longbench_v2,spec_casc_tok_force_commit,alpha0.8_t7372,case_077,warm,921,stop,False,True,1.9113924050632911,correct,True,True
longbench_v2,spec_casc_tok_force_commit,alpha0.8_t7372,case_078,warm,891,stop,False,True,1.905844155844156,correct,True,True
longbench_v2,spec_casc_tok_force_commit,alpha0.8_t7372,case_079,warm,932,stop,False,True,1.921630094043887,correct,True,True
longbench_v2,spec_casc_tok_force_commit,alpha0.8_t7372,case_080,warm,1478,stop,False,True,2.318385650224215,wrong,False,True
longbench_v2,spec_casc_tok_force_commit,alpha0.8_t7372,case_081,warm,385,stop,False,True,1.5161290322580645,wrong,False,True
longbench_v2,spec_casc_tok_force_commit,alpha0.8_t7372,case_082,warm,244,stop,False,True,2.210526315789474,correct,True,True
longbench_v2,spec_casc_tok_force_commit,alpha0.8_t7372,case_083,warm,1968,stop,False,True,2.4543859649122806,wrong,False,True
longbench_v2,spec_casc_tok_force_commit,alpha0.8_t7372,case_084,warm,1213,stop,False,True,2.5811209439528024,wrong,False,True
longbench_v2,spec_casc_tok_force_commit,alpha0.8_t7372,case_085,warm,3125,stop,False,True,2.8545006165228113,wrong,False,True
longbench_v2,spec_casc_tok_force_commit,alpha0.8_t7372,case_086,warm,248,stop,False,True,1.9759036144578312,wrong,False,True
longbench_v2,spec_casc_tok_force_commit,alpha0.8_t7372,case_087,warm,2143,stop,False,True,2.3832807570977916,wrong,False,True
longbench_v2,spec_casc_tok_force_commit,alpha0.8_t7372,case_088,warm,732,stop,False,True,2.4622641509433962,correct,True,True
longbench_v2,spec_casc_tok_force_commit,alpha0.8_t7372,case_089,warm,1696,stop,False,True,2.2404580152671754,wrong,False,True
longbench_v2,spec_casc_tok_force_commit,alpha0.8_t7372,case_090,warm,988,stop,False,True,1.9464285714285714,correct,True,True
longbench_v2,spec_casc_tok_force_commit,alpha0.8_t7372,case_091,warm,6811,stop,False,True,2.8480225988700565,correct,True,True
longbench_v2,spec_casc_tok_force_commit,alpha0.8_t7372,case_092,warm,896,stop,False,True,1.8354430379746836,wrong,False,True
longbench_v2,spec_casc_tok_force_commit,alpha0.8_t7372,case_093,warm,805,stop,False,True,2.6425339366515836,correct,True,True
longbench_v2,spec_casc_tok_force_commit,alpha0.8_t7372,case_094,warm,473,stop,False,True,1.6666666666666667,correct,True,True
longbench_v2,spec_casc_tok_force_commit,alpha0.8_t7372,case_095,warm,841,stop,False,True,1.870307167235495,correct,True,True
longbench_v2,spec_casc_tok_force_commit,alpha0.8_t7372,case_096,warm,853,stop,False,True,2.7130434782608694,wrong,False,True
longbench_v2,spec_casc_tok_force_commit,alpha0.8_t7372,case_097,warm,2106,stop,False,True,2.704745166959578,wrong,False,True
longbench_v2,spec_casc_tok_force_commit,alpha0.8_t7372,case_098,warm,2217,stop,False,True,2.0991620111731844,wrong,False,True
longbench_v2,spec_casc_tok_force_commit,alpha0.8_t7372,case_099,warm,1176,stop,False,True,2.4444444444444446,wrong,False,True
longbench_v2,spec_casc_tok_force_commit,alpha0.8_t7372,case_100,warm,1686,stop,False,True,3.4394736842105265,correct,True,True
longbench_v2,spec_casc_tok_force_commit,alpha0.8_t7372,case_101,warm,7022,stop,False,True,2.465712876171682,correct,True,True
longbench_v2,spec_casc_tok_force_commit,alpha0.8_t7372,case_102,warm,1144,stop,False,True,2.3905325443786984,correct,True,True
longbench_v2,spec_casc_tok_force_commit,alpha0.8_t7372,case_103,warm,1086,stop,False,True,2.5259740259740258,wrong,False,True
longbench_v2,spec_casc_tok_force_commit,alpha0.8_t7372,case_104,warm,1663,stop,False,True,2.457380457380457,wrong,False,True
longbench_v2,spec_casc_tok_force_commit,alpha0.8_t7372,case_105,warm,1365,stop,False,True,2.5785340314136125,wrong,False,True
longbench_v2,spec_casc_tok_force_commit,alpha0.8_t7372,case_106,warm,7285,stop,False,True,1.895113230035757,correct,True,True
longbench_v2,spec_casc_tok_force_commit,alpha0.8_t7372,case_107,warm,747,stop,False,True,1.7262773722627738,wrong,False,True
longbench_v2,spec_casc_tok_force_commit,alpha0.8_t7372,case_108,warm,698,stop,False,True,1.4928571428571429,correct,True,True
longbench_v2,spec_casc_tok_force_commit,alpha0.8_t7372,case_109,warm,1408,stop,False,True,2.6076923076923078,correct,True,True
longbench_v2,spec_casc_tok_force_commit,alpha0.8_t7372,case_110,warm,769,stop,False,True,2.417777777777778,correct,True,True
longbench_v2,spec_casc_tok_force_commit,alpha0.8_t7372,case_111,warm,1481,stop,False,True,2.2379912663755457,correct,True,True
longbench_v2,spec_casc_tok_force_commit,alpha0.8_t7372,case_112,warm,943,stop,False,True,2.1711409395973154,correct,True,True
longbench_v2,spec_casc_tok_force_commit,alpha0.8_t7372,case_113,warm,632,stop,False,True,1.8995433789954337,wrong,False,True
longbench_v2,spec_casc_tok_force_commit,alpha0.8_t7372,case_114,warm,198,stop,False,True,2.142857142857143,wrong,False,True
longbench_v2,spec_casc_tok_force_commit,alpha0.8_t7372,case_115,warm,1161,stop,False,True,2.5753846153846154,correct,True,True
longbench_v2,spec_casc_tok_force_commit,alpha0.8_t7372,case_116,warm,3802,stop,False,True,3.2104097452934663,correct,True,True
longbench_v2,spec_casc_tok_force_commit,alpha0.8_t7372,case_117,warm,781,stop,False,True,2.074803149606299,correct,True,True
longbench_v2,spec_casc_tok_force_commit,alpha0.8_t7372,case_118,warm,7604,stop,False,True,3.07502679528403,no_answer,False,True
longbench_v2,spec_casc_tok_force_commit,alpha0.8_t7372,case_119,warm,421,stop,False,True,2.072992700729927,correct,True,True
longbench_v2,spec_casc_tok_force_commit,alpha0.8_t7372,case_120,warm,1620,stop,False,True,1.4923076923076923,wrong,False,True
longbench_v2,spec_casc_tok_force_commit,alpha0.8_t7372,case_121,warm,3120,stop,False,True,2.4221491228070176,wrong,False,True
longbench_v2,spec_casc_tok_force_commit,alpha0.8_t7372,case_122,warm,1928,stop,False,True,1.6089309878213802,wrong,False,True
longbench_v2,spec_casc_tok_force_commit,alpha0.8_t7372,case_123,warm,569,stop,False,True,2.3988095238095237,wrong,False,True
longbench_v2,spec_casc_tok_force_commit,alpha0.8_t7372,case_124,warm,2502,stop,False,True,2.5911047345767577,wrong,False,True
longbench_v2,spec_casc_tok_force_commit,alpha0.8_t7372,case_125,warm,1124,stop,False,True,2.2363112391930837,correct,True,True
longbench_v2,spec_casc_tok_force_commit,alpha0.8_t7372,case_126,warm,2426,stop,False,True,2.6278026905829597,wrong,False,True
longbench_v2,spec_casc_tok_force_commit,alpha0.8_t7372,case_127,warm,1535,stop,False,True,1.7544802867383513,wrong,False,True
longbench_v2,spec_casc_tok_force_commit,alpha0.8_t7372,case_128,warm,854,stop,False,True,2.1476014760147604,wrong,False,True
longbench_v2,spec_casc_tok_force_commit,alpha0.8_t7372,case_129,warm,1327,stop,False,True,1.9887387387387387,correct,True,True
longbench_v2,spec_casc_tok_force_commit,alpha0.8_t7372,case_130,warm,1575,stop,False,True,2.6713286713286712,wrong,False,True
longbench_v2,spec_casc_tok_force_commit,alpha0.8_t7372,case_131,warm,1703,stop,False,True,2.430583501006036,correct,True,True
longbench_v2,spec_casc_tok_force_commit,alpha0.8_t7372,case_132,warm,1048,stop,False,True,2.543918918918919,correct,True,True
longbench_v2,spec_casc_tok_force_commit,alpha0.8_t7372,case_133,warm,826,stop,False,True,2.3346774193548385,correct,True,True
longbench_v2,spec_casc_tok_force_commit,alpha0.8_t7372,case_134,warm,2127,stop,False,True,2.469820554649266,wrong,False,True
longbench_v2,spec_casc_tok_force_commit,alpha0.8_t7372,case_135,warm,3914,stop,False,True,2.9238476953907817,correct,True,True
longbench_v2,spec_casc_tok_force_commit,alpha0.8_t7372,case_136,warm,2456,stop,False,True,2.1126582278481014,wrong,False,True
longbench_v2,spec_casc_tok_force_commit,alpha0.8_t7372,case_137,warm,1284,stop,False,True,2.4986376021798367,wrong,False,True
longbench_v2,spec_casc_tok_force_commit,alpha0.8_t7372,case_138,warm,4197,stop,False,True,1.7527868852459016,wrong,False,True
longbench_v2,spec_casc_tok_force_commit,alpha0.8_t7372,case_139,warm,1653,stop,False,True,2.2842942345924455,wrong,False,True
longbench_v2,spec_casc_tok_force_commit,alpha0.8_t7372,case_140,warm,4906,stop,False,True,2.4893314366998576,wrong,False,True
longbench_v2,spec_casc_tok_force_commit,alpha0.8_t7372,case_141,warm,1317,stop,False,True,2.204379562043796,wrong,False,True
longbench_v2,spec_casc_tok_force_commit,alpha0.8_t7372,case_142,warm,1092,stop,False,True,1.8363636363636364,correct,True,True
longbench_v2,spec_casc_tok_force_commit,alpha0.8_t7372,case_143,warm,1772,stop,False,True,2.400383141762452,correct,True,True
longbench_v2,spec_casc_tok_force_commit,alpha0.8_t7372,case_144,warm,4643,stop,False,True,2.4255162241887906,correct,True,True
longbench_v2,spec_casc_tok_force_commit,alpha0.8_t7372,case_145,warm,3481,stop,False,True,2.1777575205104833,wrong,False,True
longbench_v2,spec_casc_tok_force_commit,alpha0.8_t7372,case_146,warm,437,stop,False,True,2.4140625,wrong,False,True
longbench_v2,spec_casc_tok_force_commit,alpha0.8_t7372,case_147,warm,741,stop,False,True,2.3529411764705883,correct,True,True
longbench_v2,spec_casc_tok_force_commit,alpha0.8_t7372,case_148,warm,248,stop,False,True,2.0617283950617282,correct,True,True
longbench_v2,spec_casc_tok_force_commit,alpha0.8_t7372,case_149,warm,3836,stop,False,True,2.6772030651340994,wrong,False,True
longbench_v2,spec_casc_tok_force_commit,alpha0.8_t7372,case_150,warm,419,stop,False,True,2.732142857142857,correct,True,True
longbench_v2,mentored_dec,alpha0.75,case_001,warm,764,stop,False,True,2.782178217821782,correct,True,True
longbench_v2,mentored_dec,alpha0.75,case_002,warm,1288,stop,False,True,2.600558659217877,correct,True,True
longbench_v2,mentored_dec,alpha0.75,case_003,warm,1608,stop,False,True,3.4325068870523414,wrong,False,True
longbench_v2,mentored_dec,alpha0.75,case_004,warm,899,stop,False,True,3.568527918781726,correct,True,True
longbench_v2,mentored_dec,alpha0.75,case_005,warm,575,stop,False,True,3.661290322580645,wrong,False,True
longbench_v2,mentored_dec,alpha0.75,case_006,warm,8192,length,True,False,3.099049524762381,wrong,False,True
longbench_v2,mentored_dec,alpha0.75,case_007,warm,371,stop,False,True,2.016260162601626,correct,True,True
longbench_v2,mentored_dec,alpha0.75,case_008,warm,1458,stop,False,True,3.13314447592068,correct,True,True
longbench_v2,mentored_dec,alpha0.75,case_009,warm,3011,stop,False,True,3.482142857142857,correct,True,True
longbench_v2,mentored_dec,alpha0.75,case_010,warm,454,stop,False,True,3.0265486725663715,correct,True,True
longbench_v2,mentored_dec,alpha0.75,case_011,warm,541,stop,False,True,3.2992125984251968,correct,True,True
longbench_v2,mentored_dec,alpha0.75,case_012,warm,2264,stop,False,True,3.3206106870229006,correct,True,True
longbench_v2,mentored_dec,alpha0.75,case_013,warm,530,stop,False,True,2.773049645390071,wrong,False,True
longbench_v2,mentored_dec,alpha0.75,case_014,warm,789,stop,False,True,3.3114754098360657,wrong,False,True
longbench_v2,mentored_dec,alpha0.75,case_015,warm,2465,stop,False,True,3.0930232558139537,correct,True,True
longbench_v2,mentored_dec,alpha0.75,case_016,warm,679,stop,False,True,3.546666666666667,correct,True,True
longbench_v2,mentored_dec,alpha0.75,case_017,warm,236,stop,False,True,3.452830188679245,wrong,False,True
longbench_v2,mentored_dec,alpha0.75,case_018,warm,4221,stop,False,True,3.974087161366313,correct,True,True
longbench_v2,mentored_dec,alpha0.75,case_019,warm,389,stop,False,True,3.3707865168539324,correct,True,True
longbench_v2,mentored_dec,alpha0.75,case_020,warm,1094,stop,False,True,2.4920127795527156,wrong,False,True
longbench_v2,mentored_dec,alpha0.75,case_021,warm,722,stop,False,True,2.8253968253968256,correct,True,True
longbench_v2,mentored_dec,alpha0.75,case_022,warm,451,stop,False,True,2.9911504424778763,wrong,False,True
longbench_v2,mentored_dec,alpha0.75,case_023,warm,2152,stop,False,True,2.290519877675841,correct,True,True
longbench_v2,mentored_dec,alpha0.75,case_024,warm,1577,stop,False,True,3.6140350877192984,correct,True,True
longbench_v2,mentored_dec,alpha0.75,case_025,warm,6682,stop,False,True,2.752386299831555,correct,True,True
longbench_v2,mentored_dec,alpha0.75,case_026,warm,913,stop,False,True,2.5803921568627453,correct,True,True
longbench_v2,mentored_dec,alpha0.75,case_027,warm,2496,stop,False,True,3.31433506044905,wrong,False,True
longbench_v2,mentored_dec,alpha0.75,case_028,warm,806,stop,False,True,2.8798076923076925,wrong,False,True
longbench_v2,mentored_dec,alpha0.75,case_029,warm,1204,stop,False,True,3.284697508896797,wrong,False,True
longbench_v2,mentored_dec,alpha0.75,case_030,warm,1454,stop,False,True,3.229651162790698,wrong,False,True
longbench_v2,mentored_dec,alpha0.75,case_031,warm,3763,stop,False,True,2.7064039408866996,correct,True,True
longbench_v2,mentored_dec,alpha0.75,case_032,warm,3839,stop,False,True,2.9968782518210197,wrong,False,True
longbench_v2,mentored_dec,alpha0.75,case_033,warm,1949,stop,False,True,3.513888888888889,correct,True,True
longbench_v2,mentored_dec,alpha0.75,case_034,warm,1868,stop,False,True,3.304147465437788,wrong,False,True
longbench_v2,mentored_dec,alpha0.75,case_035,warm,2318,stop,False,True,3.3754716981132074,correct,True,True
longbench_v2,mentored_dec,alpha0.75,case_036,warm,3265,stop,False,True,3.682926829268293,correct,True,True
longbench_v2,mentored_dec,alpha0.75,case_037,warm,1231,stop,False,True,3.4836363636363634,correct,True,True
longbench_v2,mentored_dec,alpha0.75,case_038,warm,613,stop,False,True,3.019607843137255,correct,True,True
longbench_v2,mentored_dec,alpha0.75,case_039,warm,4654,stop,False,True,3.389622641509434,wrong,False,True
longbench_v2,mentored_dec,alpha0.75,case_040,warm,6308,stop,False,True,3.830781010719755,correct,True,True
longbench_v2,mentored_dec,alpha0.75,case_041,warm,1063,stop,False,True,2.6979166666666665,correct,True,True
longbench_v2,mentored_dec,alpha0.75,case_042,warm,375,stop,False,True,2.4403669724770642,wrong,False,True
longbench_v2,mentored_dec,alpha0.75,case_043,warm,4283,stop,False,True,3.6424702058504876,wrong,False,True
longbench_v2,mentored_dec,alpha0.75,case_044,warm,2136,stop,False,True,2.6220338983050846,wrong,False,True
longbench_v2,mentored_dec,alpha0.75,case_045,warm,7986,stop,False,True,2.7898481973434537,correct,True,True
longbench_v2,mentored_dec,alpha0.75,case_046,warm,2632,stop,False,True,2.32156368221942,wrong,False,True
longbench_v2,mentored_dec,alpha0.75,case_047,warm,1789,stop,False,True,3.234042553191489,correct,True,True
longbench_v2,mentored_dec,alpha0.75,case_048,warm,1339,stop,False,True,2.5476190476190474,wrong,False,True
longbench_v2,mentored_dec,alpha0.75,case_049,warm,2085,stop,False,True,2.7482014388489207,correct,True,True
longbench_v2,mentored_dec,alpha0.75,case_050,warm,3988,stop,False,True,3.37980241492865,correct,True,True
longbench_v2,mentored_dec,alpha0.75,case_051,warm,601,stop,False,True,2.0558375634517767,correct,True,True
longbench_v2,mentored_dec,alpha0.75,case_052,warm,4982,stop,False,True,2.107922645040549,wrong,False,True
longbench_v2,mentored_dec,alpha0.75,case_053,warm,589,stop,False,True,2.4302325581395348,correct,True,True
longbench_v2,mentored_dec,alpha0.75,case_054,warm,1200,stop,False,True,3.2964285714285713,wrong,False,True
longbench_v2,mentored_dec,alpha0.75,case_055,warm,2937,stop,False,True,3.2106017191977076,correct,True,True
longbench_v2,mentored_dec,alpha0.75,case_056,warm,1489,stop,False,True,3.159217877094972,wrong,False,True
longbench_v2,mentored_dec,alpha0.75,case_057,warm,1030,stop,False,True,2.6595744680851063,wrong,False,True
longbench_v2,mentored_dec,alpha0.75,case_058,warm,746,stop,False,True,3.037837837837838,wrong,False,True
longbench_v2,mentored_dec,alpha0.75,case_059,warm,572,stop,False,True,3.129496402877698,wrong,False,True
longbench_v2,mentored_dec,alpha0.75,case_060,warm,4958,stop,False,True,2.9632294164668265,wrong,False,True
longbench_v2,mentored_dec,alpha0.75,case_061,warm,7838,stop,False,True,3.9853689567430024,wrong,False,True
longbench_v2,mentored_dec,alpha0.75,case_062,warm,487,stop,False,True,2.7906976744186047,correct,True,True
longbench_v2,mentored_dec,alpha0.75,case_063,warm,596,stop,False,True,3.1027397260273974,correct,True,True
longbench_v2,mentored_dec,alpha0.75,case_064,warm,954,stop,False,True,3.1385281385281387,correct,True,True
longbench_v2,mentored_dec,alpha0.75,case_065,warm,1309,stop,False,True,3.8058608058608057,wrong,False,True
longbench_v2,mentored_dec,alpha0.75,case_066,warm,362,stop,False,True,3.641025641025641,wrong,False,True
longbench_v2,mentored_dec,alpha0.75,case_067,warm,2910,stop,False,True,3.3447761194029852,correct,True,True
longbench_v2,mentored_dec,alpha0.75,case_068,warm,2120,stop,False,True,3.148727984344423,wrong,False,True
longbench_v2,mentored_dec,alpha0.75,case_069,warm,856,stop,False,True,2.4796747967479673,wrong,False,True
longbench_v2,mentored_dec,alpha0.75,case_070,warm,2208,stop,False,True,3.6526315789473682,correct,True,True
longbench_v2,mentored_dec,alpha0.75,case_071,warm,1009,stop,False,True,2.556338028169014,wrong,False,True
longbench_v2,mentored_dec,alpha0.75,case_072,warm,2884,stop,False,True,3.328828828828829,correct,True,True
longbench_v2,mentored_dec,alpha0.75,case_073,warm,1736,stop,False,True,2.9931034482758623,wrong,False,True
longbench_v2,mentored_dec,alpha0.75,case_074,warm,1531,stop,False,True,2.8421052631578947,correct,True,True
longbench_v2,mentored_dec,alpha0.75,case_075,warm,4397,stop,False,True,2.5632090761750406,wrong,False,True
longbench_v2,mentored_dec,alpha0.75,case_076,warm,535,stop,False,True,3.4132231404958677,correct,True,True
longbench_v2,mentored_dec,alpha0.75,case_077,warm,782,stop,False,True,1.9923371647509578,correct,True,True
longbench_v2,mentored_dec,alpha0.75,case_078,warm,1203,stop,False,True,2.6265060240963853,correct,True,True
longbench_v2,mentored_dec,alpha0.75,case_079,warm,550,stop,False,True,2.5779220779220777,correct,True,True
longbench_v2,mentored_dec,alpha0.75,case_080,warm,916,stop,False,True,3.2850467289719627,wrong,False,True
longbench_v2,mentored_dec,alpha0.75,case_081,warm,2390,stop,False,True,2.8301282051282053,wrong,False,True
longbench_v2,mentored_dec,alpha0.75,case_082,warm,287,stop,False,True,2.188888888888889,correct,True,True
longbench_v2,mentored_dec,alpha0.75,case_083,warm,4501,stop,False,True,4.074408117249154,wrong,False,True
longbench_v2,mentored_dec,alpha0.75,case_084,warm,2392,stop,False,True,3.474766355140187,wrong,False,True
longbench_v2,mentored_dec,alpha0.75,case_085,warm,1406,stop,False,True,3.383177570093458,correct,True,True
longbench_v2,mentored_dec,alpha0.75,case_086,warm,948,stop,False,True,2.703125,wrong,False,True
longbench_v2,mentored_dec,alpha0.75,case_087,warm,1570,stop,False,True,3.3545706371191137,wrong,False,True
longbench_v2,mentored_dec,alpha0.75,case_088,warm,745,stop,False,True,2.9627659574468086,correct,True,True
longbench_v2,mentored_dec,alpha0.75,case_089,warm,2093,stop,False,True,2.8054545454545456,correct,True,True
longbench_v2,mentored_dec,alpha0.75,case_090,warm,436,stop,False,True,2.945945945945946,correct,True,True
longbench_v2,mentored_dec,alpha0.75,case_091,warm,5391,stop,False,True,3.2092115534738483,correct,True,True
longbench_v2,mentored_dec,alpha0.75,case_092,warm,753,stop,False,True,2.765,wrong,False,True
longbench_v2,mentored_dec,alpha0.75,case_093,warm,1687,stop,False,True,2.967136150234742,correct,True,True
longbench_v2,mentored_dec,alpha0.75,case_094,warm,443,stop,False,True,2.0551724137931036,correct,True,True
longbench_v2,mentored_dec,alpha0.75,case_095,warm,1361,stop,False,True,2.6568364611260056,correct,True,True
longbench_v2,mentored_dec,alpha0.75,case_096,warm,1316,stop,False,True,3.789090909090909,wrong,False,True
longbench_v2,mentored_dec,alpha0.75,case_097,warm,2729,stop,False,True,3.5575959933222037,correct,True,True
longbench_v2,mentored_dec,alpha0.75,case_098,warm,998,stop,False,True,2.5642857142857145,wrong,False,True
longbench_v2,mentored_dec,alpha0.75,case_099,warm,2132,stop,False,True,2.843525179856115,wrong,False,True
longbench_v2,mentored_dec,alpha0.75,case_100,warm,2571,stop,False,True,3.14170692431562,correct,True,True
longbench_v2,mentored_dec,alpha0.75,case_101,warm,8192,length,True,False,3.3569148936170214,correct,True,True
longbench_v2,mentored_dec,alpha0.75,case_102,warm,1440,stop,False,True,3.9518900343642613,wrong,False,True
longbench_v2,mentored_dec,alpha0.75,case_103,warm,975,stop,False,True,3.1313559322033897,correct,True,True
longbench_v2,mentored_dec,alpha0.75,case_104,warm,1248,stop,False,True,3.5054151624548737,correct,True,True
longbench_v2,mentored_dec,alpha0.75,case_105,warm,1052,stop,False,True,3.208,wrong,False,True
longbench_v2,mentored_dec,alpha0.75,case_106,warm,6743,stop,False,True,2.617489270386266,correct,True,True
longbench_v2,mentored_dec,alpha0.75,case_107,warm,798,stop,False,True,2.196,wrong,False,True
longbench_v2,mentored_dec,alpha0.75,case_108,warm,1217,stop,False,True,2.1910994764397906,correct,True,True
longbench_v2,mentored_dec,alpha0.75,case_109,warm,1104,stop,False,True,3.354330708661417,correct,True,True
longbench_v2,mentored_dec,alpha0.75,case_110,warm,1954,stop,False,True,3.3856502242152464,correct,True,True
longbench_v2,mentored_dec,alpha0.75,case_111,warm,5009,stop,False,True,3.2421676545300593,correct,True,True
longbench_v2,mentored_dec,alpha0.75,case_112,warm,662,stop,False,True,2.633879781420765,correct,True,True
longbench_v2,mentored_dec,alpha0.75,case_113,warm,1038,stop,False,True,3.4827586206896552,correct,True,True
longbench_v2,mentored_dec,alpha0.75,case_114,warm,470,stop,False,True,2.7086614173228347,wrong,False,True
longbench_v2,mentored_dec,alpha0.75,case_115,warm,984,stop,False,True,3.2782608695652176,correct,True,True
longbench_v2,mentored_dec,alpha0.75,case_116,warm,3052,stop,False,True,3.8262243285939967,correct,True,True
longbench_v2,mentored_dec,alpha0.75,case_117,warm,2273,stop,False,True,3.4695481335952847,correct,True,True
longbench_v2,mentored_dec,alpha0.75,case_118,warm,2437,stop,False,True,3.695568400770713,correct,True,True
longbench_v2,mentored_dec,alpha0.75,case_119,warm,300,stop,False,True,3.1666666666666665,correct,True,True
longbench_v2,mentored_dec,alpha0.75,case_120,warm,811,stop,False,True,2.10727969348659,wrong,False,True
longbench_v2,mentored_dec,alpha0.75,case_121,warm,2558,stop,False,True,3.2687813021702836,wrong,False,True
longbench_v2,mentored_dec,alpha0.75,case_122,warm,3457,stop,False,True,2.3661148977604674,wrong,False,True
longbench_v2,mentored_dec,alpha0.75,case_123,warm,626,stop,False,True,2.834355828220859,wrong,False,True
longbench_v2,mentored_dec,alpha0.75,case_124,warm,2548,stop,False,True,4.116465863453815,correct,True,True
longbench_v2,mentored_dec,alpha0.75,case_125,warm,3225,stop,False,True,3.5041899441340782,correct,True,True
longbench_v2,mentored_dec,alpha0.75,case_126,warm,2292,stop,False,True,3.197802197802198,correct,True,True
longbench_v2,mentored_dec,alpha0.75,case_127,warm,1109,stop,False,True,2.6156351791530943,correct,True,True
longbench_v2,mentored_dec,alpha0.75,case_128,warm,1040,stop,False,True,2.727598566308244,wrong,False,True
longbench_v2,mentored_dec,alpha0.75,case_129,warm,1849,stop,False,True,2.8987341772151898,correct,True,True
longbench_v2,mentored_dec,alpha0.75,case_130,warm,2060,stop,False,True,3.8243559718969555,wrong,False,True
longbench_v2,mentored_dec,alpha0.75,case_131,warm,3571,stop,False,True,2.9545957918050942,wrong,False,True
longbench_v2,mentored_dec,alpha0.75,case_132,warm,2713,stop,False,True,2.8675213675213675,correct,True,True
longbench_v2,mentored_dec,alpha0.75,case_133,warm,571,stop,False,True,2.3846153846153846,wrong,False,True
longbench_v2,mentored_dec,alpha0.75,case_134,warm,1468,stop,False,True,3.6163522012578615,wrong,False,True
longbench_v2,mentored_dec,alpha0.75,case_135,warm,924,stop,False,True,3.2477064220183487,correct,True,True
longbench_v2,mentored_dec,alpha0.75,case_136,warm,4138,stop,False,True,2.846654275092937,wrong,False,True
longbench_v2,mentored_dec,alpha0.75,case_137,warm,3785,stop,False,True,3.3921113689095126,wrong,False,True
longbench_v2,mentored_dec,alpha0.75,case_138,warm,3401,stop,False,True,3.3405612244897958,wrong,False,True
longbench_v2,mentored_dec,alpha0.75,case_139,warm,5245,stop,False,True,2.9742619227857685,wrong,False,True
longbench_v2,mentored_dec,alpha0.75,case_140,warm,5896,stop,False,True,3.2211882605583395,wrong,False,True
longbench_v2,mentored_dec,alpha0.75,case_141,warm,1628,stop,False,True,3.0297029702970297,correct,True,True
longbench_v2,mentored_dec,alpha0.75,case_142,warm,1820,stop,False,True,2.5154440154440154,correct,True,True
longbench_v2,mentored_dec,alpha0.75,case_143,warm,1215,stop,False,True,3.0533333333333332,correct,True,True
longbench_v2,mentored_dec,alpha0.75,case_144,warm,8192,length,True,False,3.8820726622989876,correct,True,True
longbench_v2,mentored_dec,alpha0.75,case_145,warm,1862,stop,False,True,3.3811764705882354,wrong,False,True
longbench_v2,mentored_dec,alpha0.75,case_146,warm,473,stop,False,True,3.034188034188034,wrong,False,True
longbench_v2,mentored_dec,alpha0.75,case_147,warm,3006,stop,False,True,4.013333333333334,wrong,False,True
longbench_v2,mentored_dec,alpha0.75,case_148,warm,1264,stop,False,True,3.0906148867313914,correct,True,True
longbench_v2,mentored_dec,alpha0.75,case_149,warm,1232,stop,False,True,2.892744479495268,wrong,False,True
longbench_v2,mentored_dec,alpha0.75,case_150,warm,250,stop,False,True,3.3859649122807016,correct,True,True
longbench_v2,mentored_dec_force_commit,alpha0.75_t7372,case_001,warm,764,stop,False,True,2.782178217821782,correct,True,True
longbench_v2,mentored_dec_force_commit,alpha0.75_t7372,case_002,warm,1288,stop,False,True,2.600558659217877,correct,True,True
longbench_v2,mentored_dec_force_commit,alpha0.75_t7372,case_003,warm,1608,stop,False,True,3.4325068870523414,wrong,False,True
longbench_v2,mentored_dec_force_commit,alpha0.75_t7372,case_004,warm,899,stop,False,True,3.568527918781726,correct,True,True
longbench_v2,mentored_dec_force_commit,alpha0.75_t7372,case_005,warm,575,stop,False,True,3.661290322580645,wrong,False,True
longbench_v2,mentored_dec_force_commit,alpha0.75_t7372,case_006,warm,7426,stop,False,True,3.08920704845815,no_answer,False,True
longbench_v2,mentored_dec_force_commit,alpha0.75_t7372,case_007,warm,464,stop,False,True,2.462686567164179,correct,True,True
longbench_v2,mentored_dec_force_commit,alpha0.75_t7372,case_008,warm,1080,stop,False,True,2.8333333333333335,correct,True,True
longbench_v2,mentored_dec_force_commit,alpha0.75_t7372,case_009,warm,1943,stop,False,True,3.595744680851064,correct,True,True
longbench_v2,mentored_dec_force_commit,alpha0.75_t7372,case_010,warm,573,stop,False,True,2.6265822784810124,correct,True,True
longbench_v2,mentored_dec_force_commit,alpha0.75_t7372,case_011,warm,310,stop,False,True,3.26027397260274,correct,True,True
longbench_v2,mentored_dec_force_commit,alpha0.75_t7372,case_012,warm,2635,stop,False,True,3.058551617873652,correct,True,True
longbench_v2,mentored_dec_force_commit,alpha0.75_t7372,case_013,warm,474,stop,False,True,3.2123893805309733,wrong,False,True
longbench_v2,mentored_dec_force_commit,alpha0.75_t7372,case_014,warm,1205,stop,False,True,3.1267123287671232,wrong,False,True
longbench_v2,mentored_dec_force_commit,alpha0.75_t7372,case_015,warm,1102,stop,False,True,3.0109090909090908,correct,True,True
longbench_v2,mentored_dec_force_commit,alpha0.75_t7372,case_016,warm,503,stop,False,True,3.04,wrong,False,True
longbench_v2,mentored_dec_force_commit,alpha0.75_t7372,case_017,warm,358,stop,False,True,3.475,wrong,False,True
longbench_v2,mentored_dec_force_commit,alpha0.75_t7372,case_018,warm,4140,stop,False,True,4.137717121588089,wrong,False,True
longbench_v2,mentored_dec_force_commit,alpha0.75_t7372,case_019,warm,593,stop,False,True,2.888888888888889,correct,True,True
longbench_v2,mentored_dec_force_commit,alpha0.75_t7372,case_020,warm,1013,stop,False,True,2.1296296296296298,wrong,False,True
longbench_v2,mentored_dec_force_commit,alpha0.75_t7372,case_021,warm,917,stop,False,True,3.294392523364486,correct,True,True
longbench_v2,mentored_dec_force_commit,alpha0.75_t7372,case_022,warm,657,stop,False,True,3.5136986301369864,wrong,False,True
longbench_v2,mentored_dec_force_commit,alpha0.75_t7372,case_023,warm,701,stop,False,True,2.5583756345177666,correct,True,True
longbench_v2,mentored_dec_force_commit,alpha0.75_t7372,case_024,warm,2758,stop,False,True,3.6842105263157894,wrong,False,True
longbench_v2,mentored_dec_force_commit,alpha0.75_t7372,case_025,warm,4090,stop,False,True,2.760110294117647,correct,True,True
longbench_v2,mentored_dec_force_commit,alpha0.75_t7372,case_026,warm,7391,stop,False,True,3.4155223880597014,wrong,False,True
longbench_v2,mentored_dec_force_commit,alpha0.75_t7372,case_027,warm,3374,stop,False,True,3.4002607561929596,wrong,False,True
longbench_v2,mentored_dec_force_commit,alpha0.75_t7372,case_028,warm,1632,stop,False,True,2.8,wrong,False,True
longbench_v2,mentored_dec_force_commit,alpha0.75_t7372,case_029,warm,1058,stop,False,True,3.5579399141630903,wrong,False,True
longbench_v2,mentored_dec_force_commit,alpha0.75_t7372,case_030,warm,837,stop,False,True,2.8617511520737327,wrong,False,True
longbench_v2,mentored_dec_force_commit,alpha0.75_t7372,case_031,warm,2699,stop,False,True,2.5973333333333333,correct,True,True
longbench_v2,mentored_dec_force_commit,alpha0.75_t7372,case_032,warm,3638,stop,False,True,3.2488317757009346,wrong,False,True
longbench_v2,mentored_dec_force_commit,alpha0.75_t7372,case_033,warm,2958,stop,False,True,3.095567867036011,correct,True,True
longbench_v2,mentored_dec_force_commit,alpha0.75_t7372,case_034,warm,3613,stop,False,True,3.5484276729559747,wrong,False,True
longbench_v2,mentored_dec_force_commit,alpha0.75_t7372,case_035,warm,1477,stop,False,True,3.4017857142857144,correct,True,True
longbench_v2,mentored_dec_force_commit,alpha0.75_t7372,case_036,warm,4235,stop,False,True,4.005903187721369,correct,True,True
longbench_v2,mentored_dec_force_commit,alpha0.75_t7372,case_037,warm,2762,stop,False,True,3.59567387687188,correct,True,True
longbench_v2,mentored_dec_force_commit,alpha0.75_t7372,case_038,warm,525,stop,False,True,2.6413793103448278,wrong,False,True
longbench_v2,mentored_dec_force_commit,alpha0.75_t7372,case_039,warm,1186,stop,False,True,2.9698996655518393,wrong,False,True
longbench_v2,mentored_dec_force_commit,alpha0.75_t7372,case_040,warm,6293,stop,False,True,3.9944444444444445,correct,True,True
longbench_v2,mentored_dec_force_commit,alpha0.75_t7372,case_041,warm,1431,stop,False,True,3.186588921282799,wrong,False,True
longbench_v2,mentored_dec_force_commit,alpha0.75_t7372,case_042,warm,1206,stop,False,True,2.6545454545454548,correct,True,True
longbench_v2,mentored_dec_force_commit,alpha0.75_t7372,case_043,warm,3329,stop,False,True,3.480484522207268,wrong,False,True
longbench_v2,mentored_dec_force_commit,alpha0.75_t7372,case_044,warm,3386,stop,False,True,2.932636469221835,correct,True,True
longbench_v2,mentored_dec_force_commit,alpha0.75_t7372,case_045,warm,7552,stop,False,True,2.6257197696737045,no_answer,False,True
longbench_v2,mentored_dec_force_commit,alpha0.75_t7372,case_046,warm,5258,stop,False,True,2.49203187250996,correct,True,True
longbench_v2,mentored_dec_force_commit,alpha0.75_t7372,case_047,warm,3730,stop,False,True,3.408983451536643,correct,True,True
longbench_v2,mentored_dec_force_commit,alpha0.75_t7372,case_048,warm,1289,stop,False,True,2.443850267379679,wrong,False,True
longbench_v2,mentored_dec_force_commit,alpha0.75_t7372,case_049,warm,998,stop,False,True,2.453287197231834,correct,True,True
longbench_v2,mentored_dec_force_commit,alpha0.75_t7372,case_050,warm,4554,stop,False,True,3.073345259391771,correct,True,True
longbench_v2,mentored_dec_force_commit,alpha0.75_t7372,case_051,warm,1074,stop,False,True,2.3742138364779874,correct,True,True
longbench_v2,mentored_dec_force_commit,alpha0.75_t7372,case_052,warm,1802,stop,False,True,2.0750853242320817,wrong,False,True
longbench_v2,mentored_dec_force_commit,alpha0.75_t7372,case_053,warm,1031,stop,False,True,2.8759398496240602,correct,True,True
longbench_v2,mentored_dec_force_commit,alpha0.75_t7372,case_054,warm,774,stop,False,True,3.105820105820106,wrong,False,True
longbench_v2,mentored_dec_force_commit,alpha0.75_t7372,case_055,warm,1528,stop,False,True,2.930591259640103,wrong,False,True
longbench_v2,mentored_dec_force_commit,alpha0.75_t7372,case_056,warm,714,stop,False,True,3.1569767441860463,wrong,False,True
longbench_v2,mentored_dec_force_commit,alpha0.75_t7372,case_057,warm,1828,stop,False,True,2.709939148073022,wrong,False,True
longbench_v2,mentored_dec_force_commit,alpha0.75_t7372,case_058,warm,1825,stop,False,True,3.1762013729977117,wrong,False,True
longbench_v2,mentored_dec_force_commit,alpha0.75_t7372,case_059,warm,2359,stop,False,True,3.5162523900573612,wrong,False,True
longbench_v2,mentored_dec_force_commit,alpha0.75_t7372,case_060,warm,6900,stop,False,True,2.9479405034324944,wrong,False,True
longbench_v2,mentored_dec_force_commit,alpha0.75_t7372,case_061,warm,4290,stop,False,True,3.767777777777778,correct,True,True
longbench_v2,mentored_dec_force_commit,alpha0.75_t7372,case_062,warm,602,stop,False,True,2.859872611464968,correct,True,True
longbench_v2,mentored_dec_force_commit,alpha0.75_t7372,case_063,warm,862,stop,False,True,2.9360730593607305,correct,True,True
longbench_v2,mentored_dec_force_commit,alpha0.75_t7372,case_064,warm,790,stop,False,True,3.3516483516483517,correct,True,True
longbench_v2,mentored_dec_force_commit,alpha0.75_t7372,case_065,warm,1341,stop,False,True,3.8411552346570397,correct,True,True
longbench_v2,mentored_dec_force_commit,alpha0.75_t7372,case_066,warm,762,stop,False,True,3.3735632183908044,wrong,False,True
longbench_v2,mentored_dec_force_commit,alpha0.75_t7372,case_067,warm,6508,stop,False,True,3.44603825136612,correct,True,True
longbench_v2,mentored_dec_force_commit,alpha0.75_t7372,case_068,warm,1570,stop,False,True,3.028205128205128,wrong,False,True
longbench_v2,mentored_dec_force_commit,alpha0.75_t7372,case_069,warm,1185,stop,False,True,2.3221288515406164,wrong,False,True
longbench_v2,mentored_dec_force_commit,alpha0.75_t7372,case_070,warm,3852,stop,False,True,3.8945362134688692,wrong,False,True
longbench_v2,mentored_dec_force_commit,alpha0.75_t7372,case_071,warm,7502,stop,False,True,2.883022774327122,no_answer,False,True
longbench_v2,mentored_dec_force_commit,alpha0.75_t7372,case_072,warm,1957,stop,False,True,3.2657952069716774,correct,True,True
longbench_v2,mentored_dec_force_commit,alpha0.75_t7372,case_073,warm,3471,stop,False,True,2.911036036036036,wrong,False,True
longbench_v2,mentored_dec_force_commit,alpha0.75_t7372,case_074,warm,1377,stop,False,True,2.410891089108911,correct,True,True
longbench_v2,mentored_dec_force_commit,alpha0.75_t7372,case_075,warm,3538,stop,False,True,2.595528455284553,wrong,False,True
longbench_v2,mentored_dec_force_commit,alpha0.75_t7372,case_076,warm,712,stop,False,True,2.854054054054054,correct,True,True
longbench_v2,mentored_dec_force_commit,alpha0.75_t7372,case_077,warm,1987,stop,False,True,2.2734761120263594,correct,True,True
longbench_v2,mentored_dec_force_commit,alpha0.75_t7372,case_078,warm,3128,stop,False,True,3.0834419817470664,correct,True,True
longbench_v2,mentored_dec_force_commit,alpha0.75_t7372,case_079,warm,706,stop,False,True,3.128654970760234,correct,True,True
longbench_v2,mentored_dec_force_commit,alpha0.75_t7372,case_080,warm,3109,stop,False,True,3.4927745664739884,wrong,False,True
longbench_v2,mentored_dec_force_commit,alpha0.75_t7372,case_081,warm,1416,stop,False,True,2.5552763819095476,wrong,False,True
longbench_v2,mentored_dec_force_commit,alpha0.75_t7372,case_082,warm,264,stop,False,True,2.546666666666667,correct,True,True
longbench_v2,mentored_dec_force_commit,alpha0.75_t7372,case_083,warm,3258,stop,False,True,3.996932515337423,correct,True,True
longbench_v2,mentored_dec_force_commit,alpha0.75_t7372,case_084,warm,1618,stop,False,True,3.205194805194805,wrong,False,True
longbench_v2,mentored_dec_force_commit,alpha0.75_t7372,case_085,warm,1730,stop,False,True,3.2610837438423643,wrong,False,True
longbench_v2,mentored_dec_force_commit,alpha0.75_t7372,case_086,warm,570,stop,False,True,2.7320261437908497,wrong,False,True
longbench_v2,mentored_dec_force_commit,alpha0.75_t7372,case_087,warm,2630,stop,False,True,3.6814946619217084,wrong,False,True
longbench_v2,mentored_dec_force_commit,alpha0.75_t7372,case_088,warm,2881,stop,False,True,3.222873900293255,correct,True,True
longbench_v2,mentored_dec_force_commit,alpha0.75_t7372,case_089,warm,2330,stop,False,True,3.2655677655677655,correct,True,True
longbench_v2,mentored_dec_force_commit,alpha0.75_t7372,case_090,warm,710,stop,False,True,2.3317757009345796,correct,True,True
longbench_v2,mentored_dec_force_commit,alpha0.75_t7372,case_091,warm,2173,stop,False,True,3.7282608695652173,correct,True,True
longbench_v2,mentored_dec_force_commit,alpha0.75_t7372,case_092,warm,1402,stop,False,True,2.916201117318436,correct,True,True
longbench_v2,mentored_dec_force_commit,alpha0.75_t7372,case_093,warm,443,stop,False,True,2.330827067669173,correct,True,True
longbench_v2,mentored_dec_force_commit,alpha0.75_t7372,case_094,warm,683,stop,False,True,2.4271356783919598,correct,True,True
longbench_v2,mentored_dec_force_commit,alpha0.75_t7372,case_095,warm,745,stop,False,True,2.875,wrong,False,True
longbench_v2,mentored_dec_force_commit,alpha0.75_t7372,case_096,warm,7443,stop,False,True,4.147302904564316,no_answer,False,True
longbench_v2,mentored_dec_force_commit,alpha0.75_t7372,case_097,warm,2650,stop,False,True,3.4780405405405403,wrong,False,True
longbench_v2,mentored_dec_force_commit,alpha0.75_t7372,case_098,warm,2223,stop,False,True,2.728187919463087,wrong,False,True
longbench_v2,mentored_dec_force_commit,alpha0.75_t7372,case_099,warm,1884,stop,False,True,2.949685534591195,correct,True,True
longbench_v2,mentored_dec_force_commit,alpha0.75_t7372,case_100,warm,1647,stop,False,True,3.6292134831460676,correct,True,True
longbench_v2,mentored_dec_force_commit,alpha0.75_t7372,case_101,warm,8192,length,True,True,3.251686559418786,no_answer,False,True
longbench_v2,mentored_dec_force_commit,alpha0.75_t7372,case_102,warm,1118,stop,False,True,3.357976653696498,wrong,False,True
longbench_v2,mentored_dec_force_commit,alpha0.75_t7372,case_103,warm,1194,stop,False,True,3.2261484098939928,correct,True,True
longbench_v2,mentored_dec_force_commit,alpha0.75_t7372,case_104,warm,1340,stop,False,True,3.25,wrong,False,True
longbench_v2,mentored_dec_force_commit,alpha0.75_t7372,case_105,warm,2920,stop,False,True,3.5201238390092877,correct,True,True
longbench_v2,mentored_dec_force_commit,alpha0.75_t7372,case_106,warm,3388,stop,False,True,2.537578288100209,correct,True,True
longbench_v2,mentored_dec_force_commit,alpha0.75_t7372,case_107,warm,967,stop,False,True,2.047318611987382,wrong,False,True
longbench_v2,mentored_dec_force_commit,alpha0.75_t7372,case_108,warm,1795,stop,False,True,2.191829484902309,correct,True,True
longbench_v2,mentored_dec_force_commit,alpha0.75_t7372,case_109,warm,1600,stop,False,True,2.825358851674641,correct,True,True
longbench_v2,mentored_dec_force_commit,alpha0.75_t7372,case_110,warm,5581,stop,False,True,3.46123101518785,correct,True,True
longbench_v2,mentored_dec_force_commit,alpha0.75_t7372,case_111,warm,3482,stop,False,True,3.35375,correct,True,True
longbench_v2,mentored_dec_force_commit,alpha0.75_t7372,case_112,warm,813,stop,False,True,2.6502242152466366,correct,True,True
longbench_v2,mentored_dec_force_commit,alpha0.75_t7372,case_113,warm,3354,stop,False,True,3.0990220048899757,wrong,False,True
longbench_v2,mentored_dec_force_commit,alpha0.75_t7372,case_114,warm,268,stop,False,True,2.2804878048780486,wrong,False,True
longbench_v2,mentored_dec_force_commit,alpha0.75_t7372,case_115,warm,1094,stop,False,True,2.825174825174825,correct,True,True
longbench_v2,mentored_dec_force_commit,alpha0.75_t7372,case_116,warm,2253,stop,False,True,3.6188524590163933,correct,True,True
longbench_v2,mentored_dec_force_commit,alpha0.75_t7372,case_117,warm,3383,stop,False,True,3.319284802043423,correct,True,True
longbench_v2,mentored_dec_force_commit,alpha0.75_t7372,case_118,warm,5332,stop,False,True,3.8535031847133756,correct,True,True
longbench_v2,mentored_dec_force_commit,alpha0.75_t7372,case_119,warm,233,stop,False,True,3.1964285714285716,correct,True,True
longbench_v2,mentored_dec_force_commit,alpha0.75_t7372,case_120,warm,1736,stop,False,True,2.385214007782101,wrong,False,True
longbench_v2,mentored_dec_force_commit,alpha0.75_t7372,case_121,warm,2973,stop,False,True,3.378497790868925,wrong,False,True
longbench_v2,mentored_dec_force_commit,alpha0.75_t7372,case_122,warm,6468,stop,False,True,2.299184505606524,wrong,False,True
longbench_v2,mentored_dec_force_commit,alpha0.75_t7372,case_123,warm,1960,stop,False,True,3.0918580375782883,wrong,False,True
longbench_v2,mentored_dec_force_commit,alpha0.75_t7372,case_124,warm,813,stop,False,True,3.6666666666666665,correct,True,True
longbench_v2,mentored_dec_force_commit,alpha0.75_t7372,case_125,warm,1516,stop,False,True,3.2049861495844874,correct,True,True
longbench_v2,mentored_dec_force_commit,alpha0.75_t7372,case_126,warm,2243,stop,False,True,3.3980392156862744,wrong,False,True
longbench_v2,mentored_dec_force_commit,alpha0.75_t7372,case_127,warm,1146,stop,False,True,2.9517241379310346,correct,True,True
longbench_v2,mentored_dec_force_commit,alpha0.75_t7372,case_128,warm,1082,stop,False,True,2.521172638436482,correct,True,True
longbench_v2,mentored_dec_force_commit,alpha0.75_t7372,case_129,warm,1977,stop,False,True,2.562162162162162,correct,True,True
longbench_v2,mentored_dec_force_commit,alpha0.75_t7372,case_130,warm,889,stop,False,True,3.5876288659793816,wrong,False,True
longbench_v2,mentored_dec_force_commit,alpha0.75_t7372,case_131,warm,4442,stop,False,True,3.6174636174636174,correct,True,True
longbench_v2,mentored_dec_force_commit,alpha0.75_t7372,case_132,warm,2585,stop,False,True,2.87856071964018,correct,True,True
longbench_v2,mentored_dec_force_commit,alpha0.75_t7372,case_133,warm,1794,stop,False,True,2.636916835699797,correct,True,True
longbench_v2,mentored_dec_force_commit,alpha0.75_t7372,case_134,warm,7727,stop,False,True,3.8179551122194515,wrong,False,True
longbench_v2,mentored_dec_force_commit,alpha0.75_t7372,case_135,warm,1768,stop,False,True,3.5762273901808785,correct,True,True
longbench_v2,mentored_dec_force_commit,alpha0.75_t7372,case_136,warm,7470,stop,False,True,2.750125439036628,no_answer,False,True
longbench_v2,mentored_dec_force_commit,alpha0.75_t7372,case_137,warm,4047,stop,False,True,3.273495248152059,wrong,False,True
longbench_v2,mentored_dec_force_commit,alpha0.75_t7372,case_138,warm,6146,stop,False,True,3.5406203840472674,correct,True,True
longbench_v2,mentored_dec_force_commit,alpha0.75_t7372,case_139,warm,1791,stop,False,True,2.824786324786325,wrong,False,True
longbench_v2,mentored_dec_force_commit,alpha0.75_t7372,case_140,warm,4769,stop,False,True,3.3451730418943533,wrong,False,True
longbench_v2,mentored_dec_force_commit,alpha0.75_t7372,case_141,warm,982,stop,False,True,2.776923076923077,wrong,False,True
longbench_v2,mentored_dec_force_commit,alpha0.75_t7372,case_142,warm,2265,stop,False,True,2.4580152671755724,correct,True,True
longbench_v2,mentored_dec_force_commit,alpha0.75_t7372,case_143,warm,4129,stop,False,True,2.648409893992933,correct,True,True
longbench_v2,mentored_dec_force_commit,alpha0.75_t7372,case_144,warm,6870,stop,False,True,3.376433121019108,correct,True,True
longbench_v2,mentored_dec_force_commit,alpha0.75_t7372,case_145,warm,3950,stop,False,True,3.8207317073170732,wrong,False,True
longbench_v2,mentored_dec_force_commit,alpha0.75_t7372,case_146,warm,280,stop,False,True,2.5125,wrong,False,True
longbench_v2,mentored_dec_force_commit,alpha0.75_t7372,case_147,warm,1334,stop,False,True,4.053030303030303,wrong,False,True
longbench_v2,mentored_dec_force_commit,alpha0.75_t7372,case_148,warm,488,stop,False,True,2.8125,correct,True,True
longbench_v2,mentored_dec_force_commit,alpha0.75_t7372,case_149,warm,2673,stop,False,True,3.19435736677116,wrong,False,True
longbench_v2,mentored_dec_force_commit,alpha0.75_t7372,case_150,warm,280,stop,False,True,3.0579710144927534,correct,True,True
