dataset,method,params,case,server_mode,output_tokens,finish_reason,hit_cap,reached_final_channel,l_bar,verdict,correct,record_valid,think_close_seen,think_close_char
longbench_v2_qwen3,spec_casc_tok,alpha0.8,case_001,warm,1005,stop,False,False,0.3333333333333333,correct,True,True,True,3243
longbench_v2_qwen3,spec_casc_tok,alpha0.8,case_002,warm,898,stop,False,False,0.3683409436834094,wrong,False,True,True,1988
longbench_v2_qwen3,spec_casc_tok,alpha0.8,case_003,warm,902,stop,False,False,0.41001564945226915,correct,True,True,True,2616
longbench_v2_qwen3,spec_casc_tok,alpha0.8,case_004,warm,1444,stop,False,False,0.755771567436209,correct,True,True,True,6044
longbench_v2_qwen3,spec_casc_tok,alpha0.8,case_005,warm,2425,stop,False,False,1.19043321299639,correct,True,True,True,9744
longbench_v2_qwen3,spec_casc_tok,alpha0.8,case_006,warm,4316,stop,False,False,0.5405212424134238,correct,True,True,True,17435
longbench_v2_qwen3,spec_casc_tok,alpha0.8,case_007,warm,1549,stop,False,False,0.36147757255936674,wrong,False,True,True,3890
longbench_v2_qwen3,spec_casc_tok,alpha0.8,case_008,warm,2955,stop,False,False,1.5575757575757576,correct,True,True,True,3550
longbench_v2_qwen3,spec_casc_tok,alpha0.8,case_009,warm,5125,stop,False,False,1.5004878048780488,correct,True,True,True,9514
longbench_v2_qwen3,spec_casc_tok,alpha0.8,case_010,warm,1143,stop,False,False,0.3372365339578454,correct,True,True,True,4555
longbench_v2_qwen3,spec_casc_tok,alpha0.8,case_011,warm,1626,stop,False,False,0.5276995305164319,correct,True,True,True,4663
longbench_v2_qwen3,spec_casc_tok,alpha0.8,case_012,warm,3298,stop,False,False,1.0128205128205128,correct,True,True,True,8954
longbench_v2_qwen3,spec_casc_tok,alpha0.8,case_013,warm,698,stop,False,False,0.4925053533190578,wrong,False,True,True,2585
longbench_v2_qwen3,spec_casc_tok,alpha0.8,case_014,warm,6037,stop,False,False,0.8458715596330275,correct,True,True,True,25849
longbench_v2_qwen3,spec_casc_tok,alpha0.8,case_015,warm,2174,stop,False,False,0.4914207275223061,wrong,False,True,True,9603
longbench_v2_qwen3,spec_casc_tok,alpha0.8,case_016,warm,3960,stop,False,False,0.8622472966619652,wrong,False,True,True,16776
longbench_v2_qwen3,spec_casc_tok,alpha0.8,case_017,warm,538,stop,False,False,0.6126126126126126,wrong,False,True,True,1802
longbench_v2_qwen3,spec_casc_tok,alpha0.8,case_018,warm,3574,stop,False,False,0.8667711598746082,correct,True,True,True,14427
longbench_v2_qwen3,spec_casc_tok,alpha0.8,case_019,warm,3336,stop,False,False,0.6710065097646469,correct,True,True,True,11200
longbench_v2_qwen3,spec_casc_tok,alpha0.8,case_020,warm,3312,stop,False,False,0.3481270358306189,wrong,False,True,True,11996
longbench_v2_qwen3,spec_casc_tok,alpha0.8,case_021,warm,1080,stop,False,False,0.9944649446494465,correct,True,True,True,2728
longbench_v2_qwen3,spec_casc_tok,alpha0.8,case_022,warm,1227,stop,False,False,0.9233176838810642,wrong,False,True,True,3923
longbench_v2_qwen3,spec_casc_tok,alpha0.8,case_023,warm,3055,stop,False,False,0.3800271125169453,wrong,False,True,True,9904
longbench_v2_qwen3,spec_casc_tok,alpha0.8,case_024,warm,3475,stop,False,False,0.8395976707252515,wrong,False,True,True,11977
longbench_v2_qwen3,spec_casc_tok,alpha0.8,case_025,warm,2472,stop,False,False,1.1083617747440273,correct,True,True,True,5073
longbench_v2_qwen3,spec_casc_tok,alpha0.8,case_026,warm,8192,length,True,False,1.1871829105473966,wrong,False,True,False,-1
longbench_v2_qwen3,spec_casc_tok,alpha0.8,case_027,warm,1520,stop,False,False,0.9157232704402516,wrong,False,True,True,6002
longbench_v2_qwen3,spec_casc_tok,alpha0.8,case_028,warm,1779,stop,False,False,1.702127659574468,wrong,False,True,True,2283
longbench_v2_qwen3,spec_casc_tok,alpha0.8,case_029,warm,3507,stop,False,False,0.859946949602122,correct,True,True,True,12459
longbench_v2_qwen3,spec_casc_tok,alpha0.8,case_030,warm,4557,stop,False,False,1.4494623655913978,wrong,False,True,True,7359
longbench_v2_qwen3,spec_casc_tok,alpha0.8,case_031,warm,1487,stop,False,False,0.29416884247171454,wrong,False,True,True,5217
longbench_v2_qwen3,spec_casc_tok,alpha0.8,case_032,warm,2299,stop,False,False,0.5221707478491066,wrong,False,True,True,8943
longbench_v2_qwen3,spec_casc_tok,alpha0.8,case_033,warm,5569,stop,False,False,1.4868244752121482,correct,True,True,True,8205
longbench_v2_qwen3,spec_casc_tok,alpha0.8,case_034,warm,2977,stop,False,False,0.8753148614609572,wrong,False,True,True,11061
longbench_v2_qwen3,spec_casc_tok,alpha0.8,case_035,warm,5587,stop,False,False,0.9402777777777778,wrong,False,True,True,21492
longbench_v2_qwen3,spec_casc_tok,alpha0.8,case_036,warm,2514,stop,False,False,1.0717230008244023,correct,True,True,True,7385
longbench_v2_qwen3,spec_casc_tok,alpha0.8,case_037,warm,3411,stop,False,False,0.9287330316742082,wrong,False,True,True,12011
longbench_v2_qwen3,spec_casc_tok,alpha0.8,case_038,warm,1216,stop,False,False,0.631367292225201,correct,True,True,True,5142
longbench_v2_qwen3,spec_casc_tok,alpha0.8,case_039,warm,2191,stop,False,False,0.6114790286975718,wrong,False,True,True,6984
longbench_v2_qwen3,spec_casc_tok,alpha0.8,case_040,warm,1562,stop,False,False,0.7641083521444695,correct,True,True,True,4135
longbench_v2_qwen3,spec_casc_tok,alpha0.8,case_041,warm,1780,stop,False,False,0.5179180887372014,wrong,False,True,True,4564
longbench_v2_qwen3,spec_casc_tok,alpha0.8,case_042,warm,2230,stop,False,False,0.6163886874546773,wrong,False,True,True,6281
longbench_v2_qwen3,spec_casc_tok,alpha0.8,case_043,warm,5323,stop,False,False,1.0994082840236687,correct,True,True,True,19357
longbench_v2_qwen3,spec_casc_tok,alpha0.8,case_044,warm,3503,stop,False,False,0.341248563768671,wrong,False,True,True,11948
longbench_v2_qwen3,spec_casc_tok,alpha0.8,case_045,warm,8192,length,True,False,0.7549271636675235,wrong,False,True,False,-1
longbench_v2_qwen3,spec_casc_tok,alpha0.8,case_046,warm,4153,stop,False,False,0.2294936334024282,wrong,False,True,True,16798
longbench_v2_qwen3,spec_casc_tok,alpha0.8,case_047,warm,2386,stop,False,False,0.7536764705882353,correct,True,True,True,8164
longbench_v2_qwen3,spec_casc_tok,alpha0.8,case_048,warm,913,stop,False,False,0.47811993517017826,wrong,False,True,True,2712
longbench_v2_qwen3,spec_casc_tok,alpha0.8,case_049,warm,1202,stop,False,False,0.5279898218829516,correct,True,True,True,3832
longbench_v2_qwen3,spec_casc_tok,alpha0.8,case_050,warm,3157,stop,False,False,1.1498637602179838,wrong,False,True,True,10597
longbench_v2_qwen3,spec_casc_tok,alpha0.8,case_051,warm,2833,stop,False,False,0.9735191637630662,correct,True,True,True,3965
longbench_v2_qwen3,spec_casc_tok,alpha0.8,case_052,warm,2292,stop,False,False,0.36287923854848303,wrong,False,True,True,6714
longbench_v2_qwen3,spec_casc_tok,alpha0.8,case_053,warm,1223,stop,False,False,0.49938650306748467,correct,True,True,True,4223
longbench_v2_qwen3,spec_casc_tok,alpha0.8,case_054,warm,1153,stop,False,False,0.9743589743589743,wrong,False,True,True,2710
longbench_v2_qwen3,spec_casc_tok,alpha0.8,case_055,warm,7936,stop,False,False,0.6092070573920098,correct,True,True,True,32153
longbench_v2_qwen3,spec_casc_tok,alpha0.8,case_056,warm,2861,stop,False,False,0.8840579710144928,wrong,False,True,True,10075
longbench_v2_qwen3,spec_casc_tok,alpha0.8,case_057,warm,892,stop,False,False,0.6439114391143912,wrong,False,True,True,2315
longbench_v2_qwen3,spec_casc_tok,alpha0.8,case_058,warm,6264,stop,False,False,1.5657517410897173,wrong,False,True,True,10448
longbench_v2_qwen3,spec_casc_tok,alpha0.8,case_059,warm,3328,stop,False,False,0.7687400318979266,wrong,False,True,True,12758
longbench_v2_qwen3,spec_casc_tok,alpha0.8,case_060,warm,1323,stop,False,False,0.6161369193154034,correct,True,True,True,3656
longbench_v2_qwen3,spec_casc_tok,alpha0.8,case_061,warm,1842,stop,False,False,1.0546265328874025,correct,True,True,True,5431
longbench_v2_qwen3,spec_casc_tok,alpha0.8,case_062,warm,838,stop,False,False,0.7151639344262295,correct,True,True,True,2218
longbench_v2_qwen3,spec_casc_tok,alpha0.8,case_063,warm,2003,stop,False,False,0.9122137404580153,correct,True,True,True,4892
longbench_v2_qwen3,spec_casc_tok,alpha0.8,case_064,warm,922,stop,False,False,0.8046875,correct,True,True,True,2737
longbench_v2_qwen3,spec_casc_tok,alpha0.8,case_065,warm,1199,stop,False,False,0.6478679504814305,wrong,False,True,True,4035
longbench_v2_qwen3,spec_casc_tok,alpha0.8,case_066,warm,1335,stop,False,False,0.7708609271523179,wrong,False,True,True,3551
longbench_v2_qwen3,spec_casc_tok,alpha0.8,case_067,warm,7855,stop,False,False,1.3326403326403327,correct,True,True,True,17957
longbench_v2_qwen3,spec_casc_tok,alpha0.8,case_068,warm,1372,stop,False,False,0.8039473684210526,wrong,False,True,True,4426
longbench_v2_qwen3,spec_casc_tok,alpha0.8,case_069,warm,1214,stop,False,False,0.43380614657210403,wrong,False,True,True,5488
longbench_v2_qwen3,spec_casc_tok,alpha0.8,case_070,warm,2157,stop,False,False,0.7657657657657657,wrong,False,True,True,6357
longbench_v2_qwen3,spec_casc_tok,alpha0.8,case_071,warm,5827,stop,False,False,0.6429780033840947,wrong,False,True,True,22349
longbench_v2_qwen3,spec_casc_tok,alpha0.8,case_072,warm,6310,stop,False,False,1.5470327008477998,correct,True,True,True,8863
longbench_v2_qwen3,spec_casc_tok,alpha0.8,case_073,warm,2020,stop,False,False,0.3317941952506596,wrong,False,True,True,6197
longbench_v2_qwen3,spec_casc_tok,alpha0.8,case_074,warm,2835,stop,False,False,0.80970625798212,correct,True,True,True,5103
longbench_v2_qwen3,spec_casc_tok,alpha0.8,case_075,warm,1085,stop,False,False,0.3583959899749373,wrong,False,True,True,3388
longbench_v2_qwen3,spec_casc_tok,alpha0.8,case_076,warm,1127,stop,False,False,0.827922077922078,correct,True,True,True,2061
longbench_v2_qwen3,spec_casc_tok,alpha0.8,case_077,warm,2833,stop,False,False,0.3550239234449761,correct,True,True,True,8176
longbench_v2_qwen3,spec_casc_tok,alpha0.8,case_078,warm,1430,stop,False,False,0.4305694305694306,correct,True,True,True,6218
longbench_v2_qwen3,spec_casc_tok,alpha0.8,case_079,warm,2426,stop,False,False,0.4503588516746411,correct,True,True,True,9628
longbench_v2_qwen3,spec_casc_tok,alpha0.8,case_080,warm,3061,stop,False,False,0.7258883248730964,wrong,False,True,True,11883
longbench_v2_qwen3,spec_casc_tok,alpha0.8,case_081,warm,3302,stop,False,False,1.0958730158730159,wrong,False,True,True,10154
longbench_v2_qwen3,spec_casc_tok,alpha0.8,case_082,warm,766,stop,False,False,0.5717213114754098,correct,True,True,True,2458
longbench_v2_qwen3,spec_casc_tok,alpha0.8,case_083,warm,1923,stop,False,False,1.093681917211329,wrong,False,True,True,7034
longbench_v2_qwen3,spec_casc_tok,alpha0.8,case_084,warm,1311,stop,False,False,0.7753721244925575,wrong,False,True,True,3426
longbench_v2_qwen3,spec_casc_tok,alpha0.8,case_085,warm,4564,stop,False,False,0.746268656716418,correct,True,True,True,20130
longbench_v2_qwen3,spec_casc_tok,alpha0.8,case_086,warm,879,stop,False,False,0.6051188299817185,wrong,False,True,True,2382
longbench_v2_qwen3,spec_casc_tok,alpha0.8,case_087,warm,1310,stop,False,False,0.9335302806499262,wrong,False,True,True,4521
longbench_v2_qwen3,spec_casc_tok,alpha0.8,case_088,warm,5236,stop,False,False,1.0667193051717332,wrong,False,True,True,8374
longbench_v2_qwen3,spec_casc_tok,alpha0.8,case_089,warm,5721,stop,False,False,1.1789794364051789,wrong,False,True,True,17604
longbench_v2_qwen3,spec_casc_tok,alpha0.8,case_090,warm,1965,stop,False,False,0.5154320987654321,correct,True,True,True,5963
longbench_v2_qwen3,spec_casc_tok,alpha0.8,case_091,warm,8192,length,True,False,1.3401885175664097,no_answer,False,True,False,-1
longbench_v2_qwen3,spec_casc_tok,alpha0.8,case_092,warm,4013,stop,False,False,0.4201769911504425,wrong,False,True,True,17530
longbench_v2_qwen3,spec_casc_tok,alpha0.8,case_093,warm,2348,stop,False,False,0.7131386861313869,correct,True,True,True,8073
longbench_v2_qwen3,spec_casc_tok,alpha0.8,case_094,warm,2120,stop,False,False,0.3064118372379778,correct,True,True,True,8778
longbench_v2_qwen3,spec_casc_tok,alpha0.8,case_095,warm,1819,stop,False,False,0.41920374707259955,correct,True,True,True,6560
longbench_v2_qwen3,spec_casc_tok,alpha0.8,case_096,warm,4959,stop,False,False,1.008097165991903,correct,True,True,True,19858
longbench_v2_qwen3,spec_casc_tok,alpha0.8,case_097,warm,1767,stop,False,False,0.7212475633528265,wrong,False,True,True,5749
longbench_v2_qwen3,spec_casc_tok,alpha0.8,case_098,warm,2179,stop,False,False,0.5736994219653179,wrong,False,True,True,5229
longbench_v2_qwen3,spec_casc_tok,alpha0.8,case_099,warm,3547,stop,False,False,0.7214944201843765,correct,True,True,True,12076
longbench_v2_qwen3,spec_casc_tok,alpha0.8,case_100,warm,4331,stop,False,False,1.4055555555555554,correct,True,True,True,7447
longbench_v2_qwen3,spec_casc_tok,alpha0.8,case_101,warm,8192,length,True,False,0.9046733317833062,wrong,False,True,False,-1
longbench_v2_qwen3,spec_casc_tok,alpha0.8,case_102,warm,1777,stop,False,False,0.7584158415841584,correct,True,True,True,6853
longbench_v2_qwen3,spec_casc_tok,alpha0.8,case_103,warm,1371,stop,False,False,0.8161375661375662,correct,True,True,True,4396
longbench_v2_qwen3,spec_casc_tok,alpha0.8,case_104,warm,2319,stop,False,False,0.781706379707917,wrong,False,True,True,8868
longbench_v2_qwen3,spec_casc_tok,alpha0.8,case_105,warm,2305,stop,False,False,0.8731707317073171,wrong,False,True,True,7038
longbench_v2_qwen3,spec_casc_tok,alpha0.8,case_106,warm,8192,length,True,False,0.5661567877629063,wrong,False,True,False,-1
longbench_v2_qwen3,spec_casc_tok,alpha0.8,case_107,warm,4351,stop,False,False,0.5046696644759598,correct,True,True,True,15358
longbench_v2_qwen3,spec_casc_tok,alpha0.8,case_108,warm,1832,stop,False,False,0.2804195804195804,wrong,False,True,True,5032
longbench_v2_qwen3,spec_casc_tok,alpha0.8,case_109,warm,4043,stop,False,False,1.1649705409748259,correct,True,True,True,5993
longbench_v2_qwen3,spec_casc_tok,alpha0.8,case_110,warm,2758,stop,False,False,0.7438330170777988,wrong,False,True,True,9284
longbench_v2_qwen3,spec_casc_tok,alpha0.8,case_111,warm,3223,stop,False,False,0.46855059252506837,wrong,False,True,True,10920
longbench_v2_qwen3,spec_casc_tok,alpha0.8,case_112,warm,1335,stop,False,False,0.4515778019586507,correct,True,True,True,2938
longbench_v2_qwen3,spec_casc_tok,alpha0.8,case_113,warm,1429,stop,False,False,0.6899408284023668,correct,True,True,True,5852
longbench_v2_qwen3,spec_casc_tok,alpha0.8,case_114,warm,626,stop,False,False,0.554726368159204,wrong,False,True,True,2007
longbench_v2_qwen3,spec_casc_tok,alpha0.8,case_115,warm,1397,stop,False,False,0.6218097447795824,correct,True,True,True,3594
longbench_v2_qwen3,spec_casc_tok,alpha0.8,case_116,warm,3930,stop,False,False,1.104389721627409,correct,True,True,True,15657
longbench_v2_qwen3,spec_casc_tok,alpha0.8,case_117,warm,2631,stop,False,False,0.5418863503222027,wrong,False,True,True,9175
longbench_v2_qwen3,spec_casc_tok,alpha0.8,case_118,warm,6683,stop,False,False,1.393266475644699,wrong,False,True,True,26929
longbench_v2_qwen3,spec_casc_tok,alpha0.8,case_119,warm,607,stop,False,False,0.5670103092783505,correct,True,True,True,1719
longbench_v2_qwen3,spec_casc_tok,alpha0.8,case_120,warm,3055,stop,False,False,0.330718954248366,correct,True,True,True,11691
longbench_v2_qwen3,spec_casc_tok,alpha0.8,case_121,warm,1652,stop,False,False,0.633399209486166,wrong,False,True,True,5680
longbench_v2_qwen3,spec_casc_tok,alpha0.8,case_122,warm,1454,stop,False,False,0.3269406392694064,wrong,False,True,True,4132
longbench_v2_qwen3,spec_casc_tok,alpha0.8,case_123,warm,2531,stop,False,False,0.9627618308766486,correct,True,True,True,11188
longbench_v2_qwen3,spec_casc_tok,alpha0.8,case_124,warm,2790,stop,False,False,1.0239477503628447,correct,True,True,True,9385
longbench_v2_qwen3,spec_casc_tok,alpha0.8,case_125,warm,1655,stop,False,False,0.5888568683957733,correct,True,True,True,4324
longbench_v2_qwen3,spec_casc_tok,alpha0.8,case_126,warm,1186,stop,False,False,0.4775561097256858,correct,True,True,True,3318
longbench_v2_qwen3,spec_casc_tok,alpha0.8,case_127,warm,1618,stop,False,False,0.5098039215686274,correct,True,True,True,6849
longbench_v2_qwen3,spec_casc_tok,alpha0.8,case_128,warm,2776,stop,False,False,0.5581134194272881,correct,True,True,True,9028
longbench_v2_qwen3,spec_casc_tok,alpha0.8,case_129,warm,4582,stop,False,False,0.4448297604035309,wrong,False,True,True,16085
longbench_v2_qwen3,spec_casc_tok,alpha0.8,case_130,warm,1452,stop,False,False,0.7030516431924883,wrong,False,True,True,5542
longbench_v2_qwen3,spec_casc_tok,alpha0.8,case_131,warm,3926,stop,False,False,1.490482233502538,correct,True,True,True,7550
longbench_v2_qwen3,spec_casc_tok,alpha0.8,case_132,warm,2080,stop,False,False,0.4589473684210526,correct,True,True,True,6092
longbench_v2_qwen3,spec_casc_tok,alpha0.8,case_133,warm,2595,stop,False,False,0.5134189031505251,correct,True,True,True,9685
longbench_v2_qwen3,spec_casc_tok,alpha0.8,case_134,warm,3091,stop,False,False,1.053156146179402,wrong,False,True,True,14144
longbench_v2_qwen3,spec_casc_tok,alpha0.8,case_135,warm,8175,stop,False,False,0.8903792784458835,wrong,False,True,True,30696
longbench_v2_qwen3,spec_casc_tok,alpha0.8,case_136,warm,1841,stop,False,False,0.4252517428350116,correct,True,True,True,6432
longbench_v2_qwen3,spec_casc_tok,alpha0.8,case_137,warm,2608,stop,False,False,0.6365348399246704,wrong,False,True,True,8109
longbench_v2_qwen3,spec_casc_tok,alpha0.8,case_138,warm,2117,stop,False,False,0.38663171690694625,correct,True,True,True,5459
longbench_v2_qwen3,spec_casc_tok,alpha0.8,case_139,warm,3473,stop,False,False,0.32823259372609026,wrong,False,True,True,14525
longbench_v2_qwen3,spec_casc_tok,alpha0.8,case_140,warm,3671,stop,False,False,0.7482151356496907,wrong,False,True,True,14501
longbench_v2_qwen3,spec_casc_tok,alpha0.8,case_141,warm,905,stop,False,False,0.9316239316239316,correct,True,True,True,3071
longbench_v2_qwen3,spec_casc_tok,alpha0.8,case_142,warm,1495,stop,False,False,0.4269340974212034,correct,True,True,True,5200
longbench_v2_qwen3,spec_casc_tok,alpha0.8,case_143,warm,6621,stop,False,False,0.8817509948834565,correct,True,True,True,11766
longbench_v2_qwen3,spec_casc_tok,alpha0.8,case_144,warm,8192,length,True,False,1.5096477794793262,wrong,False,True,True,23844
longbench_v2_qwen3,spec_casc_tok,alpha0.8,case_145,warm,1914,stop,False,False,0.9701338825952626,wrong,False,True,True,6318
longbench_v2_qwen3,spec_casc_tok,alpha0.8,case_146,warm,1136,stop,False,False,0.6944858420268256,wrong,False,True,True,3753
longbench_v2_qwen3,spec_casc_tok,alpha0.8,case_147,warm,1235,stop,False,False,0.6931506849315069,correct,True,True,True,3326
longbench_v2_qwen3,spec_casc_tok,alpha0.8,case_148,warm,655,stop,False,False,0.5069124423963134,correct,True,True,True,1840
longbench_v2_qwen3,spec_casc_tok,alpha0.8,case_149,warm,5813,stop,False,False,0.7458696305196756,wrong,False,True,True,21031
longbench_v2_qwen3,spec_casc_tok,alpha0.8,case_150,warm,1009,stop,False,False,1.1174004192872118,correct,True,True,True,2693
longbench_v2_qwen3,spec_casc_tok_qwen3_force_commit,alpha0.8_t7372,case_001,warm,1005,stop,False,False,0.3333333333333333,correct,True,True,True,3243
longbench_v2_qwen3,spec_casc_tok_qwen3_force_commit,alpha0.8_t7372,case_002,warm,898,stop,False,False,0.3683409436834094,wrong,False,True,True,1988
longbench_v2_qwen3,spec_casc_tok_qwen3_force_commit,alpha0.8_t7372,case_003,warm,902,stop,False,False,0.41001564945226915,correct,True,True,True,2616
longbench_v2_qwen3,spec_casc_tok_qwen3_force_commit,alpha0.8_t7372,case_004,warm,1444,stop,False,False,0.755771567436209,correct,True,True,True,6044
longbench_v2_qwen3,spec_casc_tok_qwen3_force_commit,alpha0.8_t7372,case_005,warm,2425,stop,False,False,1.19043321299639,correct,True,True,True,9744
longbench_v2_qwen3,spec_casc_tok_qwen3_force_commit,alpha0.8_t7372,case_006,warm,4316,stop,False,False,0.5405212424134238,correct,True,True,True,17435
longbench_v2_qwen3,spec_casc_tok_qwen3_force_commit,alpha0.8_t7372,case_007,warm,1549,stop,False,False,0.36147757255936674,wrong,False,True,True,3890
longbench_v2_qwen3,spec_casc_tok_qwen3_force_commit,alpha0.8_t7372,case_008,warm,2955,stop,False,False,1.5575757575757576,correct,True,True,True,3550
longbench_v2_qwen3,spec_casc_tok_qwen3_force_commit,alpha0.8_t7372,case_009,warm,5125,stop,False,False,1.5004878048780488,correct,True,True,True,9514
longbench_v2_qwen3,spec_casc_tok_qwen3_force_commit,alpha0.8_t7372,case_010,warm,1143,stop,False,False,0.3372365339578454,correct,True,True,True,4555
longbench_v2_qwen3,spec_casc_tok_qwen3_force_commit,alpha0.8_t7372,case_011,warm,1626,stop,False,False,0.5276995305164319,correct,True,True,True,4663
longbench_v2_qwen3,spec_casc_tok_qwen3_force_commit,alpha0.8_t7372,case_012,warm,3298,stop,False,False,1.0128205128205128,correct,True,True,True,8954
longbench_v2_qwen3,spec_casc_tok_qwen3_force_commit,alpha0.8_t7372,case_013,warm,698,stop,False,False,0.4925053533190578,wrong,False,True,True,2585
longbench_v2_qwen3,spec_casc_tok_qwen3_force_commit,alpha0.8_t7372,case_014,warm,6037,stop,False,False,0.8458715596330275,correct,True,True,True,25849
longbench_v2_qwen3,spec_casc_tok_qwen3_force_commit,alpha0.8_t7372,case_015,warm,2174,stop,False,False,0.4914207275223061,wrong,False,True,True,9603
longbench_v2_qwen3,spec_casc_tok_qwen3_force_commit,alpha0.8_t7372,case_016,warm,3960,stop,False,False,0.8622472966619652,wrong,False,True,True,16776
longbench_v2_qwen3,spec_casc_tok_qwen3_force_commit,alpha0.8_t7372,case_017,warm,538,stop,False,False,0.6126126126126126,wrong,False,True,True,1802
longbench_v2_qwen3,spec_casc_tok_qwen3_force_commit,alpha0.8_t7372,case_018,warm,3574,stop,False,False,0.8667711598746082,correct,True,True,True,14427
longbench_v2_qwen3,spec_casc_tok_qwen3_force_commit,alpha0.8_t7372,case_019,warm,3336,stop,False,False,0.6710065097646469,correct,True,True,True,11200
longbench_v2_qwen3,spec_casc_tok_qwen3_force_commit,alpha0.8_t7372,case_020,warm,3312,stop,False,False,0.3481270358306189,wrong,False,True,True,11996
longbench_v2_qwen3,spec_casc_tok_qwen3_force_commit,alpha0.8_t7372,case_021,warm,1080,stop,False,False,0.9944649446494465,correct,True,True,True,2728
longbench_v2_qwen3,spec_casc_tok_qwen3_force_commit,alpha0.8_t7372,case_022,warm,1227,stop,False,False,0.9233176838810642,wrong,False,True,True,3923
longbench_v2_qwen3,spec_casc_tok_qwen3_force_commit,alpha0.8_t7372,case_023,warm,3055,stop,False,False,0.3800271125169453,wrong,False,True,True,9904
longbench_v2_qwen3,spec_casc_tok_qwen3_force_commit,alpha0.8_t7372,case_024,warm,3475,stop,False,False,0.8395976707252515,wrong,False,True,True,11977
longbench_v2_qwen3,spec_casc_tok_qwen3_force_commit,alpha0.8_t7372,case_025,warm,2472,stop,False,False,1.1083617747440273,correct,True,True,True,5073
longbench_v2_qwen3,spec_casc_tok_qwen3_force_commit,alpha0.8_t7372,case_026,warm,7945,stop,False,False,1.1884297520661158,correct,True,True,True,22298
longbench_v2_qwen3,spec_casc_tok_qwen3_force_commit,alpha0.8_t7372,case_027,warm,1520,stop,False,False,0.9157232704402516,wrong,False,True,True,6002
longbench_v2_qwen3,spec_casc_tok_qwen3_force_commit,alpha0.8_t7372,case_028,warm,1779,stop,False,False,1.702127659574468,wrong,False,True,True,2283
longbench_v2_qwen3,spec_casc_tok_qwen3_force_commit,alpha0.8_t7372,case_029,warm,3507,stop,False,False,0.859946949602122,correct,True,True,True,12459
longbench_v2_qwen3,spec_casc_tok_qwen3_force_commit,alpha0.8_t7372,case_030,warm,4557,stop,False,False,1.4494623655913978,wrong,False,True,True,7359
longbench_v2_qwen3,spec_casc_tok_qwen3_force_commit,alpha0.8_t7372,case_031,warm,1487,stop,False,False,0.29416884247171454,wrong,False,True,True,5217
longbench_v2_qwen3,spec_casc_tok_qwen3_force_commit,alpha0.8_t7372,case_032,warm,2299,stop,False,False,0.5221707478491066,wrong,False,True,True,8943
longbench_v2_qwen3,spec_casc_tok_qwen3_force_commit,alpha0.8_t7372,case_033,warm,5569,stop,False,False,1.4868244752121482,correct,True,True,True,8205
longbench_v2_qwen3,spec_casc_tok_qwen3_force_commit,alpha0.8_t7372,case_034,warm,2977,stop,False,False,0.8753148614609572,wrong,False,True,True,11061
longbench_v2_qwen3,spec_casc_tok_qwen3_force_commit,alpha0.8_t7372,case_035,warm,5587,stop,False,False,0.9402777777777778,wrong,False,True,True,21492
longbench_v2_qwen3,spec_casc_tok_qwen3_force_commit,alpha0.8_t7372,case_036,warm,2514,stop,False,False,1.0717230008244023,correct,True,True,True,7385
longbench_v2_qwen3,spec_casc_tok_qwen3_force_commit,alpha0.8_t7372,case_037,warm,3411,stop,False,False,0.9287330316742082,wrong,False,True,True,12011
longbench_v2_qwen3,spec_casc_tok_qwen3_force_commit,alpha0.8_t7372,case_038,warm,1216,stop,False,False,0.631367292225201,correct,True,True,True,5142
longbench_v2_qwen3,spec_casc_tok_qwen3_force_commit,alpha0.8_t7372,case_039,warm,2191,stop,False,False,0.6114790286975718,wrong,False,True,True,6984
longbench_v2_qwen3,spec_casc_tok_qwen3_force_commit,alpha0.8_t7372,case_040,warm,1562,stop,False,False,0.7641083521444695,correct,True,True,True,4135
longbench_v2_qwen3,spec_casc_tok_qwen3_force_commit,alpha0.8_t7372,case_041,warm,1780,stop,False,False,0.5179180887372014,wrong,False,True,True,4564
longbench_v2_qwen3,spec_casc_tok_qwen3_force_commit,alpha0.8_t7372,case_042,warm,2230,stop,False,False,0.6163886874546773,wrong,False,True,True,6281
longbench_v2_qwen3,spec_casc_tok_qwen3_force_commit,alpha0.8_t7372,case_043,warm,5323,stop,False,False,1.0994082840236687,correct,True,True,True,19357
longbench_v2_qwen3,spec_casc_tok_qwen3_force_commit,alpha0.8_t7372,case_044,warm,3503,stop,False,False,0.341248563768671,wrong,False,True,True,11948
longbench_v2_qwen3,spec_casc_tok_qwen3_force_commit,alpha0.8_t7372,case_045,warm,8192,length,True,False,0.749839777825251,no_answer,False,True,True,21953
longbench_v2_qwen3,spec_casc_tok_qwen3_force_commit,alpha0.8_t7372,case_046,warm,4153,stop,False,False,0.2294936334024282,wrong,False,True,True,16798
longbench_v2_qwen3,spec_casc_tok_qwen3_force_commit,alpha0.8_t7372,case_047,warm,2386,stop,False,False,0.7536764705882353,correct,True,True,True,8164
longbench_v2_qwen3,spec_casc_tok_qwen3_force_commit,alpha0.8_t7372,case_048,warm,913,stop,False,False,0.47811993517017826,wrong,False,True,True,2712
longbench_v2_qwen3,spec_casc_tok_qwen3_force_commit,alpha0.8_t7372,case_049,warm,1202,stop,False,False,0.5279898218829516,correct,True,True,True,3832
longbench_v2_qwen3,spec_casc_tok_qwen3_force_commit,alpha0.8_t7372,case_050,warm,3157,stop,False,False,1.1498637602179838,wrong,False,True,True,10597
longbench_v2_qwen3,spec_casc_tok_qwen3_force_commit,alpha0.8_t7372,case_051,warm,2833,stop,False,False,0.9735191637630662,correct,True,True,True,3965
longbench_v2_qwen3,spec_casc_tok_qwen3_force_commit,alpha0.8_t7372,case_052,warm,2292,stop,False,False,0.36287923854848303,wrong,False,True,True,6714
longbench_v2_qwen3,spec_casc_tok_qwen3_force_commit,alpha0.8_t7372,case_053,warm,1223,stop,False,False,0.49938650306748467,correct,True,True,True,4223
longbench_v2_qwen3,spec_casc_tok_qwen3_force_commit,alpha0.8_t7372,case_054,warm,1153,stop,False,False,0.9743589743589743,wrong,False,True,True,2710
longbench_v2_qwen3,spec_casc_tok_qwen3_force_commit,alpha0.8_t7372,case_055,warm,7936,stop,False,False,0.6092070573920098,correct,True,True,True,32153
longbench_v2_qwen3,spec_casc_tok_qwen3_force_commit,alpha0.8_t7372,case_056,warm,2861,stop,False,False,0.8840579710144928,wrong,False,True,True,10075
longbench_v2_qwen3,spec_casc_tok_qwen3_force_commit,alpha0.8_t7372,case_057,warm,892,stop,False,False,0.6439114391143912,wrong,False,True,True,2315
longbench_v2_qwen3,spec_casc_tok_qwen3_force_commit,alpha0.8_t7372,case_058,warm,6264,stop,False,False,1.5657517410897173,wrong,False,True,True,10448
longbench_v2_qwen3,spec_casc_tok_qwen3_force_commit,alpha0.8_t7372,case_059,warm,3328,stop,False,False,0.7687400318979266,wrong,False,True,True,12758
longbench_v2_qwen3,spec_casc_tok_qwen3_force_commit,alpha0.8_t7372,case_060,warm,1323,stop,False,False,0.6161369193154034,correct,True,True,True,3656
longbench_v2_qwen3,spec_casc_tok_qwen3_force_commit,alpha0.8_t7372,case_061,warm,1842,stop,False,False,1.0546265328874025,correct,True,True,True,5431
longbench_v2_qwen3,spec_casc_tok_qwen3_force_commit,alpha0.8_t7372,case_062,warm,838,stop,False,False,0.7151639344262295,correct,True,True,True,2218
longbench_v2_qwen3,spec_casc_tok_qwen3_force_commit,alpha0.8_t7372,case_063,warm,2003,stop,False,False,0.9122137404580153,correct,True,True,True,4892
longbench_v2_qwen3,spec_casc_tok_qwen3_force_commit,alpha0.8_t7372,case_064,warm,922,stop,False,False,0.8046875,correct,True,True,True,2737
longbench_v2_qwen3,spec_casc_tok_qwen3_force_commit,alpha0.8_t7372,case_065,warm,1199,stop,False,False,0.6478679504814305,wrong,False,True,True,4035
longbench_v2_qwen3,spec_casc_tok_qwen3_force_commit,alpha0.8_t7372,case_066,warm,1335,stop,False,False,0.7708609271523179,wrong,False,True,True,3551
longbench_v2_qwen3,spec_casc_tok_qwen3_force_commit,alpha0.8_t7372,case_067,warm,8192,length,True,False,1.3034308211473566,wrong,False,True,True,17933
longbench_v2_qwen3,spec_casc_tok_qwen3_force_commit,alpha0.8_t7372,case_068,warm,1372,stop,False,False,0.8039473684210526,wrong,False,True,True,4426
longbench_v2_qwen3,spec_casc_tok_qwen3_force_commit,alpha0.8_t7372,case_069,warm,1214,stop,False,False,0.43380614657210403,wrong,False,True,True,5488
longbench_v2_qwen3,spec_casc_tok_qwen3_force_commit,alpha0.8_t7372,case_070,warm,2157,stop,False,False,0.7657657657657657,wrong,False,True,True,6357
longbench_v2_qwen3,spec_casc_tok_qwen3_force_commit,alpha0.8_t7372,case_071,warm,5827,stop,False,False,0.6429780033840947,wrong,False,True,True,22349
longbench_v2_qwen3,spec_casc_tok_qwen3_force_commit,alpha0.8_t7372,case_072,warm,6310,stop,False,False,1.5470327008477998,correct,True,True,True,8863
longbench_v2_qwen3,spec_casc_tok_qwen3_force_commit,alpha0.8_t7372,case_073,warm,2020,stop,False,False,0.3317941952506596,wrong,False,True,True,6197
longbench_v2_qwen3,spec_casc_tok_qwen3_force_commit,alpha0.8_t7372,case_074,warm,2835,stop,False,False,0.80970625798212,correct,True,True,True,5103
longbench_v2_qwen3,spec_casc_tok_qwen3_force_commit,alpha0.8_t7372,case_075,warm,1085,stop,False,False,0.3583959899749373,wrong,False,True,True,3388
longbench_v2_qwen3,spec_casc_tok_qwen3_force_commit,alpha0.8_t7372,case_076,warm,1127,stop,False,False,0.827922077922078,correct,True,True,True,2061
longbench_v2_qwen3,spec_casc_tok_qwen3_force_commit,alpha0.8_t7372,case_077,warm,2833,stop,False,False,0.3550239234449761,correct,True,True,True,8176
longbench_v2_qwen3,spec_casc_tok_qwen3_force_commit,alpha0.8_t7372,case_078,warm,1430,stop,False,False,0.4305694305694306,correct,True,True,True,6218
longbench_v2_qwen3,spec_casc_tok_qwen3_force_commit,alpha0.8_t7372,case_079,warm,2426,stop,False,False,0.4503588516746411,correct,True,True,True,9628
longbench_v2_qwen3,spec_casc_tok_qwen3_force_commit,alpha0.8_t7372,case_080,warm,3061,stop,False,False,0.7258883248730964,wrong,False,True,True,11883
longbench_v2_qwen3,spec_casc_tok_qwen3_force_commit,alpha0.8_t7372,case_081,warm,3302,stop,False,False,1.0958730158730159,wrong,False,True,True,10154
longbench_v2_qwen3,spec_casc_tok_qwen3_force_commit,alpha0.8_t7372,case_082,warm,766,stop,False,False,0.5717213114754098,correct,True,True,True,2458
longbench_v2_qwen3,spec_casc_tok_qwen3_force_commit,alpha0.8_t7372,case_083,warm,1923,stop,False,False,1.093681917211329,wrong,False,True,True,7034
longbench_v2_qwen3,spec_casc_tok_qwen3_force_commit,alpha0.8_t7372,case_084,warm,1311,stop,False,False,0.7753721244925575,wrong,False,True,True,3426
longbench_v2_qwen3,spec_casc_tok_qwen3_force_commit,alpha0.8_t7372,case_085,warm,4564,stop,False,False,0.746268656716418,correct,True,True,True,20130
longbench_v2_qwen3,spec_casc_tok_qwen3_force_commit,alpha0.8_t7372,case_086,warm,879,stop,False,False,0.6051188299817185,wrong,False,True,True,2382
longbench_v2_qwen3,spec_casc_tok_qwen3_force_commit,alpha0.8_t7372,case_087,warm,1310,stop,False,False,0.9335302806499262,wrong,False,True,True,4521
longbench_v2_qwen3,spec_casc_tok_qwen3_force_commit,alpha0.8_t7372,case_088,warm,5236,stop,False,False,1.0667193051717332,wrong,False,True,True,8374
longbench_v2_qwen3,spec_casc_tok_qwen3_force_commit,alpha0.8_t7372,case_089,warm,5721,stop,False,False,1.1789794364051789,wrong,False,True,True,17604
longbench_v2_qwen3,spec_casc_tok_qwen3_force_commit,alpha0.8_t7372,case_090,warm,1965,stop,False,False,0.5154320987654321,correct,True,True,True,5963
longbench_v2_qwen3,spec_casc_tok_qwen3_force_commit,alpha0.8_t7372,case_091,warm,8053,stop,False,False,1.2862010221465077,correct,True,True,True,18240
longbench_v2_qwen3,spec_casc_tok_qwen3_force_commit,alpha0.8_t7372,case_092,warm,4013,stop,False,False,0.4201769911504425,wrong,False,True,True,17530
longbench_v2_qwen3,spec_casc_tok_qwen3_force_commit,alpha0.8_t7372,case_093,warm,2348,stop,False,False,0.7131386861313869,correct,True,True,True,8073
longbench_v2_qwen3,spec_casc_tok_qwen3_force_commit,alpha0.8_t7372,case_094,warm,2120,stop,False,False,0.3064118372379778,correct,True,True,True,8778
longbench_v2_qwen3,spec_casc_tok_qwen3_force_commit,alpha0.8_t7372,case_095,warm,1819,stop,False,False,0.41920374707259955,correct,True,True,True,6560
longbench_v2_qwen3,spec_casc_tok_qwen3_force_commit,alpha0.8_t7372,case_096,warm,4959,stop,False,False,1.008097165991903,correct,True,True,True,19858
longbench_v2_qwen3,spec_casc_tok_qwen3_force_commit,alpha0.8_t7372,case_097,warm,1767,stop,False,False,0.7212475633528265,wrong,False,True,True,5749
longbench_v2_qwen3,spec_casc_tok_qwen3_force_commit,alpha0.8_t7372,case_098,warm,2179,stop,False,False,0.5736994219653179,wrong,False,True,True,5229
longbench_v2_qwen3,spec_casc_tok_qwen3_force_commit,alpha0.8_t7372,case_099,warm,3547,stop,False,False,0.7214944201843765,correct,True,True,True,12076
longbench_v2_qwen3,spec_casc_tok_qwen3_force_commit,alpha0.8_t7372,case_100,warm,4331,stop,False,False,1.4055555555555554,correct,True,True,True,7447
longbench_v2_qwen3,spec_casc_tok_qwen3_force_commit,alpha0.8_t7372,case_101,warm,8192,length,True,False,0.9051162790697674,no_answer,False,True,True,21411
longbench_v2_qwen3,spec_casc_tok_qwen3_force_commit,alpha0.8_t7372,case_102,warm,1777,stop,False,False,0.7584158415841584,correct,True,True,True,6853
longbench_v2_qwen3,spec_casc_tok_qwen3_force_commit,alpha0.8_t7372,case_103,warm,1371,stop,False,False,0.8161375661375662,correct,True,True,True,4396
longbench_v2_qwen3,spec_casc_tok_qwen3_force_commit,alpha0.8_t7372,case_104,warm,2319,stop,False,False,0.781706379707917,wrong,False,True,True,8868
longbench_v2_qwen3,spec_casc_tok_qwen3_force_commit,alpha0.8_t7372,case_105,warm,2305,stop,False,False,0.8731707317073171,wrong,False,True,True,7038
longbench_v2_qwen3,spec_casc_tok_qwen3_force_commit,alpha0.8_t7372,case_106,warm,8192,length,True,False,0.5788357748650732,no_answer,False,True,True,27314
longbench_v2_qwen3,spec_casc_tok_qwen3_force_commit,alpha0.8_t7372,case_107,warm,4351,stop,False,False,0.5046696644759598,correct,True,True,True,15358
longbench_v2_qwen3,spec_casc_tok_qwen3_force_commit,alpha0.8_t7372,case_108,warm,1832,stop,False,False,0.2804195804195804,wrong,False,True,True,5032
longbench_v2_qwen3,spec_casc_tok_qwen3_force_commit,alpha0.8_t7372,case_109,warm,4043,stop,False,False,1.1649705409748259,correct,True,True,True,5993
longbench_v2_qwen3,spec_casc_tok_qwen3_force_commit,alpha0.8_t7372,case_110,warm,2758,stop,False,False,0.7438330170777988,wrong,False,True,True,9284
longbench_v2_qwen3,spec_casc_tok_qwen3_force_commit,alpha0.8_t7372,case_111,warm,3223,stop,False,False,0.46855059252506837,wrong,False,True,True,10920
longbench_v2_qwen3,spec_casc_tok_qwen3_force_commit,alpha0.8_t7372,case_112,warm,1335,stop,False,False,0.4515778019586507,correct,True,True,True,2938
longbench_v2_qwen3,spec_casc_tok_qwen3_force_commit,alpha0.8_t7372,case_113,warm,1429,stop,False,False,0.6899408284023668,correct,True,True,True,5852
longbench_v2_qwen3,spec_casc_tok_qwen3_force_commit,alpha0.8_t7372,case_114,warm,626,stop,False,False,0.554726368159204,wrong,False,True,True,2007
longbench_v2_qwen3,spec_casc_tok_qwen3_force_commit,alpha0.8_t7372,case_115,warm,1397,stop,False,False,0.6218097447795824,correct,True,True,True,3594
longbench_v2_qwen3,spec_casc_tok_qwen3_force_commit,alpha0.8_t7372,case_116,warm,3930,stop,False,False,1.104389721627409,correct,True,True,True,15657
longbench_v2_qwen3,spec_casc_tok_qwen3_force_commit,alpha0.8_t7372,case_117,warm,2631,stop,False,False,0.5418863503222027,wrong,False,True,True,9175
longbench_v2_qwen3,spec_casc_tok_qwen3_force_commit,alpha0.8_t7372,case_118,warm,6683,stop,False,False,1.393266475644699,wrong,False,True,True,26929
longbench_v2_qwen3,spec_casc_tok_qwen3_force_commit,alpha0.8_t7372,case_119,warm,607,stop,False,False,0.5670103092783505,correct,True,True,True,1719
longbench_v2_qwen3,spec_casc_tok_qwen3_force_commit,alpha0.8_t7372,case_120,warm,3055,stop,False,False,0.330718954248366,correct,True,True,True,11691
longbench_v2_qwen3,spec_casc_tok_qwen3_force_commit,alpha0.8_t7372,case_121,warm,1652,stop,False,False,0.633399209486166,wrong,False,True,True,5680
longbench_v2_qwen3,spec_casc_tok_qwen3_force_commit,alpha0.8_t7372,case_122,warm,1454,stop,False,False,0.3269406392694064,wrong,False,True,True,4132
longbench_v2_qwen3,spec_casc_tok_qwen3_force_commit,alpha0.8_t7372,case_123,warm,2531,stop,False,False,0.9627618308766486,correct,True,True,True,11188
longbench_v2_qwen3,spec_casc_tok_qwen3_force_commit,alpha0.8_t7372,case_124,warm,2790,stop,False,False,1.0239477503628447,correct,True,True,True,9385
longbench_v2_qwen3,spec_casc_tok_qwen3_force_commit,alpha0.8_t7372,case_125,warm,1655,stop,False,False,0.5888568683957733,correct,True,True,True,4324
longbench_v2_qwen3,spec_casc_tok_qwen3_force_commit,alpha0.8_t7372,case_126,warm,1186,stop,False,False,0.4775561097256858,correct,True,True,True,3318
longbench_v2_qwen3,spec_casc_tok_qwen3_force_commit,alpha0.8_t7372,case_127,warm,1618,stop,False,False,0.5098039215686274,correct,True,True,True,6849
longbench_v2_qwen3,spec_casc_tok_qwen3_force_commit,alpha0.8_t7372,case_128,warm,2776,stop,False,False,0.5581134194272881,correct,True,True,True,9028
longbench_v2_qwen3,spec_casc_tok_qwen3_force_commit,alpha0.8_t7372,case_129,warm,4582,stop,False,False,0.4448297604035309,wrong,False,True,True,16085
longbench_v2_qwen3,spec_casc_tok_qwen3_force_commit,alpha0.8_t7372,case_130,warm,1452,stop,False,False,0.7030516431924883,wrong,False,True,True,5542
longbench_v2_qwen3,spec_casc_tok_qwen3_force_commit,alpha0.8_t7372,case_131,warm,3926,stop,False,False,1.490482233502538,correct,True,True,True,7550
longbench_v2_qwen3,spec_casc_tok_qwen3_force_commit,alpha0.8_t7372,case_132,warm,2080,stop,False,False,0.4589473684210526,correct,True,True,True,6092
longbench_v2_qwen3,spec_casc_tok_qwen3_force_commit,alpha0.8_t7372,case_133,warm,2595,stop,False,False,0.5134189031505251,correct,True,True,True,9685
longbench_v2_qwen3,spec_casc_tok_qwen3_force_commit,alpha0.8_t7372,case_134,warm,3091,stop,False,False,1.053156146179402,wrong,False,True,True,14144
longbench_v2_qwen3,spec_casc_tok_qwen3_force_commit,alpha0.8_t7372,case_144,warm,8192,length,True,False,1.5525085696478653,correct,True,True,True,21711
longbench_v2_qwen3,mentored_dec,alpha0.75,case_001,warm,873,stop,False,False,0.32926829268292684,correct,True,True,True,2702
longbench_v2_qwen3,mentored_dec,alpha0.75,case_002,warm,1300,stop,False,False,0.42185792349726775,wrong,False,True,True,3260
longbench_v2_qwen3,mentored_dec,alpha0.75,case_003,warm,755,stop,False,False,0.34402852049910876,correct,True,True,True,2672
longbench_v2_qwen3,mentored_dec,alpha0.75,case_004,warm,2041,stop,False,False,0.9173708920187793,correct,True,True,True,6626
longbench_v2_qwen3,mentored_dec,alpha0.75,case_005,warm,2065,stop,False,False,1.3669724770642202,correct,True,True,True,6432
longbench_v2_qwen3,mentored_dec,alpha0.75,case_006,warm,3243,stop,False,False,0.6105315449577745,correct,True,True,True,12203
longbench_v2_qwen3,mentored_dec,alpha0.75,case_007,warm,1846,stop,False,False,0.3945578231292517,wrong,False,True,True,6218
longbench_v2_qwen3,mentored_dec,alpha0.75,case_008,warm,3557,stop,False,False,1.40595399188092,correct,True,True,True,5081
longbench_v2_qwen3,mentored_dec,alpha0.75,case_009,warm,7098,stop,False,False,1.3562416998671978,correct,True,True,True,16358
longbench_v2_qwen3,mentored_dec,alpha0.75,case_010,warm,1764,stop,False,False,0.41606425702811245,correct,True,True,True,7381
longbench_v2_qwen3,mentored_dec,alpha0.75,case_011,warm,1683,stop,False,False,0.5808270676691729,correct,True,True,True,4720
longbench_v2_qwen3,mentored_dec,alpha0.75,case_012,warm,2956,stop,False,False,1.1077032810271041,correct,True,True,True,7287
longbench_v2_qwen3,mentored_dec,alpha0.75,case_013,warm,749,stop,False,False,0.5780590717299579,wrong,False,True,True,2378
longbench_v2_qwen3,mentored_dec,alpha0.75,case_014,warm,5190,stop,False,False,0.9790316431566908,wrong,False,True,True,21478
longbench_v2_qwen3,mentored_dec,alpha0.75,case_015,warm,4118,stop,False,False,0.5798158096699924,wrong,False,True,True,15911
longbench_v2_qwen3,mentored_dec,alpha0.75,case_016,warm,2482,stop,False,False,0.992776886035313,wrong,False,True,True,8392
longbench_v2_qwen3,mentored_dec,alpha0.75,case_017,warm,658,stop,False,False,0.83008356545961,wrong,False,True,True,1529
longbench_v2_qwen3,mentored_dec,alpha0.75,case_018,warm,5165,stop,False,False,0.9254287844891872,correct,True,True,True,19753
longbench_v2_qwen3,mentored_dec,alpha0.75,case_019,warm,3262,stop,False,False,0.7318109399893786,correct,True,True,True,10385
longbench_v2_qwen3,mentored_dec,alpha0.75,case_020,warm,2050,stop,False,False,0.37332439678284185,wrong,False,True,True,6449
longbench_v2_qwen3,mentored_dec,alpha0.75,case_021,warm,823,stop,False,False,0.8942528735632184,correct,True,True,True,2738
longbench_v2_qwen3,mentored_dec,alpha0.75,case_022,warm,1361,stop,False,False,1.125,wrong,False,True,True,4458
longbench_v2_qwen3,mentored_dec,alpha0.75,case_023,warm,1508,stop,False,False,0.37751371115173676,wrong,False,True,True,4743
longbench_v2_qwen3,mentored_dec,alpha0.75,case_024,warm,4502,stop,False,False,0.9836932569413839,wrong,False,True,True,16490
longbench_v2_qwen3,mentored_dec,alpha0.75,case_025,warm,3059,stop,False,False,1.350499615680246,correct,True,True,True,5377
longbench_v2_qwen3,mentored_dec,alpha0.75,case_026,warm,8192,length,True,False,1.3089064261555805,correct,True,True,False,-1
longbench_v2_qwen3,mentored_dec,alpha0.75,case_027,warm,1203,stop,False,False,1.016750418760469,wrong,False,True,True,3456
longbench_v2_qwen3,mentored_dec,alpha0.75,case_028,warm,2562,stop,False,False,1.681675392670157,wrong,False,True,True,3090
longbench_v2_qwen3,mentored_dec,alpha0.75,case_029,warm,4591,stop,False,False,1.0675371454299865,wrong,False,True,True,16885
longbench_v2_qwen3,mentored_dec,alpha0.75,case_030,warm,6036,stop,False,False,1.5923539518900343,wrong,False,True,True,9129
longbench_v2_qwen3,mentored_dec,alpha0.75,case_031,warm,3458,stop,False,False,0.31645087585681647,wrong,False,True,True,14928
longbench_v2_qwen3,mentored_dec,alpha0.75,case_032,warm,3099,stop,False,False,0.5952626158599382,wrong,False,True,True,11845
longbench_v2_qwen3,mentored_dec,alpha0.75,case_033,warm,5483,stop,False,False,1.5146788990825688,correct,True,True,True,7884
longbench_v2_qwen3,mentored_dec,alpha0.75,case_034,warm,3082,stop,False,False,0.8752282410225197,correct,True,True,True,10785
longbench_v2_qwen3,mentored_dec,alpha0.75,case_035,warm,5884,stop,False,False,1.0300103483959986,wrong,False,True,True,24757
longbench_v2_qwen3,mentored_dec,alpha0.75,case_036,warm,1670,stop,False,False,1.258108108108108,correct,True,True,True,3474
longbench_v2_qwen3,mentored_dec,alpha0.75,case_037,warm,3368,stop,False,False,1.1229508196721312,wrong,False,True,True,12545
longbench_v2_qwen3,mentored_dec,alpha0.75,case_038,warm,3772,stop,False,False,0.8650519031141869,correct,True,True,True,14363
longbench_v2_qwen3,mentored_dec,alpha0.75,case_039,warm,2609,stop,False,False,0.7191825972313777,wrong,False,True,True,8469
longbench_v2_qwen3,mentored_dec,alpha0.75,case_040,warm,1450,stop,False,False,0.773838630806846,correct,True,True,True,3023
longbench_v2_qwen3,mentored_dec,alpha0.75,case_041,warm,1237,stop,False,False,0.5798212005108557,wrong,False,True,True,3101
longbench_v2_qwen3,mentored_dec,alpha0.75,case_042,warm,3720,stop,False,False,0.6384852487890798,correct,True,True,True,11364
longbench_v2_qwen3,mentored_dec,alpha0.75,case_043,warm,4888,stop,False,False,1.2385531135531136,wrong,False,True,True,20698
longbench_v2_qwen3,mentored_dec,alpha0.75,case_044,warm,1453,stop,False,False,0.35195530726256985,correct,True,True,True,5603
longbench_v2_qwen3,mentored_dec,alpha0.75,case_045,warm,5872,stop,False,False,1.0265792198826371,correct,True,True,True,13759
longbench_v2_qwen3,mentored_dec,alpha0.75,case_046,warm,1731,stop,False,False,0.2435344827586207,wrong,False,True,True,7110
longbench_v2_qwen3,mentored_dec,alpha0.75,case_047,warm,2450,stop,False,False,0.8427389014296464,correct,True,True,True,8800
longbench_v2_qwen3,mentored_dec,alpha0.75,case_048,warm,1006,stop,False,False,0.5952380952380952,wrong,False,True,True,4117
longbench_v2_qwen3,mentored_dec,alpha0.75,case_049,warm,1439,stop,False,False,0.5995550611790879,correct,True,True,True,3554
longbench_v2_qwen3,mentored_dec,alpha0.75,case_050,warm,8192,length,True,False,1.2158506897484447,correct,True,True,True,30058
longbench_v2_qwen3,mentored_dec,alpha0.75,case_051,warm,1742,stop,False,False,1.0652431791221826,correct,True,True,True,2210
longbench_v2_qwen3,mentored_dec,alpha0.75,case_052,warm,1244,stop,False,False,0.3734806629834254,wrong,False,True,True,5666
longbench_v2_qwen3,mentored_dec,alpha0.75,case_053,warm,1316,stop,False,False,0.609547123623011,correct,True,True,True,5798
longbench_v2_qwen3,mentored_dec,alpha0.75,case_054,warm,1362,stop,False,False,1.0466165413533834,wrong,False,True,True,3225
longbench_v2_qwen3,mentored_dec,alpha0.75,case_055,warm,5788,stop,False,False,0.6985617845611976,correct,True,True,True,22507
longbench_v2_qwen3,mentored_dec,alpha0.75,case_056,warm,2132,stop,False,False,1.0333969465648856,wrong,False,True,True,7308
longbench_v2_qwen3,mentored_dec,alpha0.75,case_057,warm,970,stop,False,False,0.7264653641207816,wrong,False,True,True,3035
longbench_v2_qwen3,mentored_dec,alpha0.75,case_058,warm,2669,stop,False,False,1.7141403865717193,wrong,False,True,True,3632
longbench_v2_qwen3,mentored_dec,alpha0.75,case_059,warm,1573,stop,False,False,0.8539458186101295,wrong,False,True,True,5834
longbench_v2_qwen3,mentored_dec,alpha0.75,case_060,warm,1477,stop,False,False,0.6166484118291348,correct,True,True,True,4524
longbench_v2_qwen3,mentored_dec,alpha0.75,case_061,warm,3202,stop,False,False,1.1774303195105371,correct,True,True,True,12167
longbench_v2_qwen3,mentored_dec,alpha0.75,case_062,warm,1091,stop,False,False,0.7192429022082019,correct,True,True,True,2679
longbench_v2_qwen3,mentored_dec,alpha0.75,case_063,warm,1795,stop,False,False,0.9801324503311258,correct,True,True,True,4591
longbench_v2_qwen3,mentored_dec,alpha0.75,case_064,warm,1349,stop,False,False,0.9367816091954023,correct,True,True,True,3530
longbench_v2_qwen3,mentored_dec,alpha0.75,case_065,warm,3189,stop,False,False,0.8665886483323582,wrong,False,True,True,13713
longbench_v2_qwen3,mentored_dec,alpha0.75,case_066,warm,1628,stop,False,False,0.844671201814059,wrong,False,True,True,4291
longbench_v2_qwen3,mentored_dec,alpha0.75,case_067,warm,7769,stop,False,False,1.3064133016627077,correct,True,True,True,16978
longbench_v2_qwen3,mentored_dec,alpha0.75,case_068,warm,1486,stop,False,False,0.7741935483870968,wrong,False,True,True,5058
longbench_v2_qwen3,mentored_dec,alpha0.75,case_069,warm,1805,stop,False,False,0.5253378378378378,wrong,False,True,True,7605
longbench_v2_qwen3,mentored_dec,alpha0.75,case_070,warm,4069,stop,False,False,0.8669724770642202,correct,True,True,True,15548
longbench_v2_qwen3,mentored_dec,alpha0.75,case_071,warm,7865,stop,False,False,0.6657487820377038,wrong,False,True,True,32212
longbench_v2_qwen3,mentored_dec,alpha0.75,case_072,warm,6630,stop,False,False,1.3862491000719943,correct,True,True,True,9942
longbench_v2_qwen3,mentored_dec,alpha0.75,case_073,warm,2748,stop,False,False,0.4627263045793397,wrong,False,True,True,10376
longbench_v2_qwen3,mentored_dec,alpha0.75,case_074,warm,2245,stop,False,False,0.8731218697829716,correct,True,True,True,3780
longbench_v2_qwen3,mentored_dec,alpha0.75,case_075,warm,1233,stop,False,False,0.4275782155272306,wrong,False,True,True,3686
longbench_v2_qwen3,mentored_dec,alpha0.75,case_076,warm,1643,stop,False,False,0.8940092165898618,correct,True,True,True,4352
longbench_v2_qwen3,mentored_dec,alpha0.75,case_077,warm,1253,stop,False,False,0.33760683760683763,correct,True,True,True,5003
longbench_v2_qwen3,mentored_dec,alpha0.75,case_078,warm,2580,stop,False,False,0.4595359366157329,correct,True,True,True,7943
longbench_v2_qwen3,mentored_dec,alpha0.75,case_079,warm,1691,stop,False,False,0.5129811996418979,correct,True,True,True,6838
longbench_v2_qwen3,mentored_dec,alpha0.75,case_080,warm,3324,stop,False,False,0.7808145766345124,correct,True,True,True,12176
longbench_v2_qwen3,mentored_dec,alpha0.75,case_081,warm,2277,stop,False,False,0.9288135593220339,wrong,False,True,True,6079
longbench_v2_qwen3,mentored_dec,alpha0.75,case_082,warm,895,stop,False,False,0.6519337016574586,correct,True,True,True,2263
longbench_v2_qwen3,mentored_dec,alpha0.75,case_083,warm,1447,stop,False,False,1.1498516320474776,wrong,False,True,True,4422
longbench_v2_qwen3,mentored_dec,alpha0.75,case_084,warm,1806,stop,False,False,0.7924528301886793,wrong,False,True,True,5704
longbench_v2_qwen3,mentored_dec,alpha0.75,case_085,warm,2072,stop,False,False,0.7491554054054054,correct,True,True,True,8611
longbench_v2_qwen3,mentored_dec,alpha0.75,case_086,warm,658,stop,False,False,0.6966580976863753,wrong,False,True,True,2137
longbench_v2_qwen3,mentored_dec,alpha0.75,case_087,warm,1853,stop,False,False,0.9978425026968716,wrong,False,True,True,5827
longbench_v2_qwen3,mentored_dec,alpha0.75,case_088,warm,4549,stop,False,False,1.1713603818615752,correct,True,True,True,6601
longbench_v2_qwen3,mentored_dec,alpha0.75,case_089,warm,6191,stop,False,False,1.3243243243243243,wrong,False,True,True,18121
longbench_v2_qwen3,mentored_dec,alpha0.75,case_090,warm,1111,stop,False,False,0.574468085106383,correct,True,True,True,3096
longbench_v2_qwen3,mentored_dec,alpha0.75,case_091,warm,7984,stop,False,False,1.6905965621840242,correct,True,True,True,17227
longbench_v2_qwen3,mentored_dec,alpha0.75,case_092,warm,2496,stop,False,False,0.50210716435882,wrong,False,True,True,10145
longbench_v2_qwen3,mentored_dec,alpha0.75,case_093,warm,1659,stop,False,False,0.7860215053763441,correct,True,True,True,6597
longbench_v2_qwen3,mentored_dec,alpha0.75,case_094,warm,2039,stop,False,False,0.33639344262295084,correct,True,True,True,7022
longbench_v2_qwen3,mentored_dec,alpha0.75,case_095,warm,1478,stop,False,False,0.48144433299899697,correct,True,True,True,3893
longbench_v2_qwen3,mentored_dec,alpha0.75,case_096,warm,2596,stop,False,False,1.1952662721893492,wrong,False,True,True,8657
longbench_v2_qwen3,mentored_dec,alpha0.75,case_097,warm,3359,stop,False,False,0.8451400329489291,wrong,False,True,True,12934
longbench_v2_qwen3,mentored_dec,alpha0.75,case_098,warm,4936,stop,False,False,0.6358515573227302,correct,True,True,True,18504
longbench_v2_qwen3,mentored_dec,alpha0.75,case_099,warm,1053,stop,False,False,0.6724960254372019,correct,True,True,True,3418
longbench_v2_qwen3,mentored_dec,alpha0.75,case_100,warm,8192,length,True,False,1.2583402260821617,wrong,False,True,False,-1
longbench_v2_qwen3,mentored_dec,alpha0.75,case_101,warm,6153,stop,False,False,0.8558504221954162,wrong,False,True,True,18957
longbench_v2_qwen3,mentored_dec,alpha0.75,case_102,warm,1825,stop,False,False,0.9301587301587302,wrong,False,True,True,7652
longbench_v2_qwen3,mentored_dec,alpha0.75,case_103,warm,1495,stop,False,False,0.9328165374677002,correct,True,True,True,4997
longbench_v2_qwen3,mentored_dec,alpha0.75,case_104,warm,2349,stop,False,False,0.8776978417266187,wrong,False,True,True,10559
longbench_v2_qwen3,mentored_dec,alpha0.75,case_105,warm,5469,stop,False,False,0.8993055555555556,wrong,False,True,True,20494
longbench_v2_qwen3,mentored_dec,alpha0.75,case_106,warm,8192,length,True,False,0.8113666519239274,correct,True,True,True,23577
longbench_v2_qwen3,mentored_dec,alpha0.75,case_107,warm,1339,stop,False,False,0.4916387959866221,wrong,False,True,True,3350
longbench_v2_qwen3,mentored_dec,alpha0.75,case_108,warm,1906,stop,False,False,0.28110289172831204,wrong,False,True,True,4018
longbench_v2_qwen3,mentored_dec,alpha0.75,case_109,warm,8192,length,True,False,0.8296114336757481,wrong,False,True,False,-1
longbench_v2_qwen3,mentored_dec,alpha0.75,case_110,warm,5374,stop,False,False,0.796989966555184,wrong,False,True,True,21569
longbench_v2_qwen3,mentored_dec,alpha0.75,case_111,warm,6122,stop,False,False,0.5054107230693556,correct,True,True,True,24188
longbench_v2_qwen3,mentored_dec,alpha0.75,case_112,warm,1443,stop,False,False,0.5455519828510182,correct,True,True,True,3058
longbench_v2_qwen3,mentored_dec,alpha0.75,case_113,warm,3347,stop,False,False,0.7194244604316546,wrong,False,True,True,11946
longbench_v2_qwen3,mentored_dec,alpha0.75,case_114,warm,624,stop,False,False,0.6124031007751938,wrong,False,True,True,2102
longbench_v2_qwen3,mentored_dec,alpha0.75,case_115,warm,1106,stop,False,False,0.7,correct,True,True,True,4172
longbench_v2_qwen3,mentored_dec,alpha0.75,case_116,warm,4296,stop,False,False,1.1923469387755101,correct,True,True,True,16108
longbench_v2_qwen3,mentored_dec,alpha0.75,case_117,warm,2532,stop,False,False,0.5526960784313726,correct,True,True,True,8579
longbench_v2_qwen3,mentored_dec,alpha0.75,case_118,warm,7205,stop,False,False,1.5310853530031612,wrong,False,True,True,29387
longbench_v2_qwen3,mentored_dec,alpha0.75,case_119,warm,1126,stop,False,False,0.7804107424960506,correct,True,True,True,2878
longbench_v2_qwen3,mentored_dec,alpha0.75,case_120,warm,1790,stop,False,False,0.44390637610976597,wrong,False,True,True,7171
longbench_v2_qwen3,mentored_dec,alpha0.75,case_121,warm,2268,stop,False,False,0.8063745019920319,wrong,False,True,True,6616
longbench_v2_qwen3,mentored_dec,alpha0.75,case_122,warm,1746,stop,False,False,0.396,wrong,False,True,True,6186
longbench_v2_qwen3,mentored_dec,alpha0.75,case_123,warm,2946,stop,False,False,1.0593990216631726,wrong,False,True,True,11883
longbench_v2_qwen3,mentored_dec,alpha0.75,case_124,warm,3306,stop,False,False,1.0721003134796239,correct,True,True,True,11792
longbench_v2_qwen3,mentored_dec,alpha0.75,case_125,warm,2195,stop,False,False,0.5806916426512968,correct,True,True,True,7080
longbench_v2_qwen3,mentored_dec,alpha0.75,case_126,warm,1433,stop,False,False,0.5169491525423728,correct,True,True,True,3936
longbench_v2_qwen3,mentored_dec,alpha0.75,case_127,warm,2260,stop,False,False,0.5720250521920668,wrong,False,True,True,8500
longbench_v2_qwen3,mentored_dec,alpha0.75,case_128,warm,1808,stop,False,False,0.5527896995708155,correct,True,True,True,4777
longbench_v2_qwen3,mentored_dec,alpha0.75,case_129,warm,3459,stop,False,False,0.5100436681222708,wrong,False,True,True,13574
longbench_v2_qwen3,mentored_dec,alpha0.75,case_130,warm,2057,stop,False,False,0.824468085106383,wrong,False,True,True,9041
longbench_v2_qwen3,mentored_dec,alpha0.75,case_131,warm,8192,length,True,False,1.444643390032826,correct,True,True,False,-1
longbench_v2_qwen3,mentored_dec,alpha0.75,case_132,warm,2666,stop,False,False,0.45867542419266555,correct,True,True,True,9744
longbench_v2_qwen3,mentored_dec,alpha0.75,case_133,warm,2529,stop,False,False,0.6050793650793651,correct,True,True,True,9107
longbench_v2_qwen3,mentored_dec,alpha0.75,case_134,warm,5088,stop,False,False,1.1993082576740164,wrong,False,True,True,23229
longbench_v2_qwen3,mentored_dec,alpha0.75,case_135,warm,7468,stop,False,False,1.002413515687852,wrong,False,True,True,28343
longbench_v2_qwen3,mentored_dec,alpha0.75,case_136,warm,1960,stop,False,False,0.4762622456669179,wrong,False,True,True,7410
longbench_v2_qwen3,mentored_dec,alpha0.75,case_137,warm,1838,stop,False,False,0.7104283054003724,wrong,False,True,True,4101
longbench_v2_qwen3,mentored_dec,alpha0.75,case_138,warm,4445,stop,False,False,0.44802867383512546,correct,True,True,True,16245
longbench_v2_qwen3,mentored_dec,alpha0.75,case_139,warm,6080,stop,False,False,0.3651470918481922,correct,True,True,True,24360
longbench_v2_qwen3,mentored_dec,alpha0.75,case_140,warm,3449,stop,False,False,0.8790190735694823,wrong,False,True,True,16485
longbench_v2_qwen3,mentored_dec,alpha0.75,case_141,warm,2495,stop,False,False,1.0782681099084097,correct,True,True,True,8306
longbench_v2_qwen3,mentored_dec,alpha0.75,case_142,warm,1851,stop,False,False,0.4788169464428457,correct,True,True,True,4766
longbench_v2_qwen3,mentored_dec,alpha0.75,case_143,warm,3812,stop,False,False,0.96849173553719,correct,True,True,True,5898
longbench_v2_qwen3,mentored_dec,alpha0.75,case_144,warm,8192,length,True,False,1.6882179192648508,correct,True,True,False,-1
longbench_v2_qwen3,mentored_dec,alpha0.75,case_145,warm,5799,stop,False,False,1.1292691883951524,wrong,False,True,True,24008
longbench_v2_qwen3,mentored_dec,alpha0.75,case_146,warm,725,stop,False,False,0.6575342465753424,wrong,False,True,True,2311
longbench_v2_qwen3,mentored_dec,alpha0.75,case_147,warm,1157,stop,False,False,0.7648854961832061,correct,True,True,True,2516
longbench_v2_qwen3,mentored_dec,alpha0.75,case_148,warm,837,stop,False,False,0.5984703632887189,correct,True,True,True,1917
longbench_v2_qwen3,mentored_dec,alpha0.75,case_149,warm,4894,stop,False,False,0.781864530225783,wrong,False,True,True,15177
longbench_v2_qwen3,mentored_dec,alpha0.75,case_150,warm,924,stop,False,False,1.1461716937354989,correct,True,True,True,2346
longbench_v2_qwen3,mentored_dec_qwen3_force_commit,alpha0.75_t7372,case_026,warm,7802,stop,False,False,1.2823288472791106,wrong,False,True,True,21703
longbench_v2_qwen3,mentored_dec_qwen3_force_commit,alpha0.75_t7372,case_050,warm,8192,length,True,False,1.2158506897484447,correct,True,True,True,30058
longbench_v2_qwen3,mentored_dec_qwen3_force_commit,alpha0.75_t7372,case_067,warm,7769,stop,False,False,1.3064133016627077,correct,True,True,True,16978
longbench_v2_qwen3,mentored_dec_qwen3_force_commit,alpha0.75_t7372,case_071,warm,7761,stop,False,False,0.6706844597503229,wrong,False,True,True,32034
longbench_v2_qwen3,mentored_dec_qwen3_force_commit,alpha0.75_t7372,case_091,warm,7505,stop,False,False,1.7257537232110425,correct,True,True,True,16637
longbench_v2_qwen3,mentored_dec_qwen3_force_commit,alpha0.75_t7372,case_100,warm,8192,length,True,False,1.2844394868934745,no_answer,False,True,True,13923
longbench_v2_qwen3,mentored_dec_qwen3_force_commit,alpha0.75_t7372,case_106,warm,8192,length,True,False,0.808787811879002,wrong,False,True,True,23349
longbench_v2_qwen3,mentored_dec_qwen3_force_commit,alpha0.75_t7372,case_109,warm,7981,stop,False,False,0.8588399720475192,wrong,False,True,True,19304
longbench_v2_qwen3,mentored_dec_qwen3_force_commit,alpha0.75_t7372,case_131,warm,8192,length,True,False,1.50719314355678,wrong,False,True,True,17089
longbench_v2_qwen3,mentored_dec_qwen3_force_commit,alpha0.75_t7372,case_135,warm,7468,stop,False,False,1.002413515687852,wrong,False,True,True,28343
longbench_v2_qwen3,mentored_dec_qwen3_force_commit,alpha0.75_t7372,case_144,warm,8192,length,True,False,1.693850707004275,wrong,False,True,True,22810
longbench_v2_qwen3,spec_casc_tok_qwen3_force_commit,alpha0.8_t6894,case_026,warm,7661,stop,False,False,1.1644532353772252,wrong,False,True,True,20991
longbench_v2_qwen3,spec_casc_tok_qwen3_force_commit,alpha0.8_t6894,case_045,warm,8192,length,True,False,0.7933450087565674,no_answer,False,True,True,20339
longbench_v2_qwen3,spec_casc_tok_qwen3_force_commit,alpha0.8_t6894,case_055,warm,7733,stop,False,False,0.6098271913387466,correct,True,True,True,32135
longbench_v2_qwen3,spec_casc_tok_qwen3_force_commit,alpha0.8_t6894,case_091,warm,8192,length,True,False,1.3322892938496582,no_answer,False,True,True,17112
longbench_v2_qwen3,spec_casc_tok_qwen3_force_commit,alpha0.8_t6894,case_101,warm,8084,stop,False,False,0.8771481653506735,wrong,False,True,True,20387
longbench_v2_qwen3,spec_casc_tok_qwen3_force_commit,alpha0.8_t6894,case_106,warm,7950,stop,False,False,0.5728136129798179,wrong,False,True,True,25916
longbench_v2_qwen3,spec_casc_tok_qwen3_force_commit,alpha0.8_t6894,case_135,warm,7894,stop,False,False,0.8960134486071085,wrong,False,True,True,29530
longbench_v2_qwen3,spec_casc_tok_qwen3_force_commit,alpha0.8_t6894,case_144,warm,8192,length,True,False,1.5335601608413238,correct,True,True,True,20421
longbench_v2_qwen3,mentored_dec_qwen3_force_commit,alpha0.75_t6894,case_026,warm,7636,stop,False,False,1.292104473131192,wrong,False,True,True,20101
longbench_v2_qwen3,mentored_dec_qwen3_force_commit,alpha0.75_t6894,case_050,warm,7812,stop,False,False,1.2040067720090293,wrong,False,True,True,28670
longbench_v2_qwen3,mentored_dec_qwen3_force_commit,alpha0.75_t6894,case_071,warm,7920,stop,False,False,0.670675105485232,wrong,False,True,True,29838
longbench_v2_qwen3,mentored_dec_qwen3_force_commit,alpha0.75_t6894,case_100,warm,8192,length,True,False,1.3625612921834438,no_answer,False,True,True,13011
longbench_v2_qwen3,mentored_dec_qwen3_force_commit,alpha0.75_t6894,case_106,warm,7205,stop,False,False,0.7942714819427148,wrong,False,True,True,21927
longbench_v2_qwen3,mentored_dec_qwen3_force_commit,alpha0.75_t6894,case_109,warm,7601,stop,False,False,0.8770066683131638,wrong,False,True,True,17533
longbench_v2_qwen3,mentored_dec_qwen3_force_commit,alpha0.75_t6894,case_118,warm,7205,stop,False,False,1.5310853530031612,wrong,False,True,True,29387
longbench_v2_qwen3,mentored_dec_qwen3_force_commit,alpha0.75_t6894,case_131,warm,7385,stop,False,False,1.4547872340425532,wrong,False,True,True,16005
longbench_v2_qwen3,mentored_dec_qwen3_force_commit,alpha0.75_t6894,case_135,warm,7468,stop,False,False,1.002413515687852,wrong,False,True,True,28343
longbench_v2_qwen3,mentored_dec_qwen3_force_commit,alpha0.75_t6894,case_144,warm,8192,length,True,False,1.6397035127296165,wrong,False,True,True,21318
