dataset,method,alpha,n_paired,n_strict,full,mean_l_bar,len_ratio,rounds_speedup,lc_speedup,wall_speedup,budget_hit_rate,strict_budget_hit_rate,no_final_rate,clean,accuracy,strict_accuracy
aime24,cactus,0.03,30,30,True,3.053,1.51,0.886,0.841,0.789,0.133,0.067,0.133,False,0.6333333333333333,0.7666666666666667
aime24,cactus,0.08,30,30,True,3.535,1.775,0.854,0.8,0.721,0.2,0.067,0.2,False,0.5333333333333333,0.7666666666666667
aime24,cactus,0.18,30,30,True,3.928,1.779,0.933,0.868,0.753,0.233,0.067,0.233,False,0.6,0.7666666666666667
aime24,cactus,0.35,3,30,False,4.403,1.149,1.672,1.497,1.285,0.667,0.333,0.667,False,,0.7666666666666667
aime24,mentored_dec,0.15,30,30,True,2.41,1.076,1.015,0.993,0.975,0.067,0.067,0.067,True,0.8,0.7666666666666667
aime24,mentored_dec,0.35,30,30,True,2.641,1.21,0.961,0.943,0.91,0.067,0.067,0.067,True,0.8,0.7666666666666667
aime24,mentored_dec,0.55,3,30,False,2.83,0.882,1.409,1.381,1.316,0.333,0.333,0.333,True,,0.7666666666666667
aime24,mentored_dec,0.75,30,30,True,3.338,1.695,0.846,0.802,0.733,0.2,0.067,0.2,False,0.6333333333333333,0.7666666666666667
aime24,r_fuzzy,0.03,30,30,True,2.267,1.315,0.777,0.779,0.769,0.133,0.067,0.133,False,0.7666666666666667,0.7666666666666667
aime24,r_fuzzy,0.08,30,30,True,2.463,1.307,0.857,0.83,0.813,0.1,0.067,0.1,True,0.7,0.7666666666666667
aime24,r_fuzzy,0.15,3,30,False,2.787,1.067,1.138,1.13,1.077,0.667,0.333,0.667,False,,0.7666666666666667
aime24,r_fuzzy,0.25,30,30,True,3.679,2.132,0.73,0.688,0.609,0.3,0.067,0.3,False,0.5,0.7666666666666667
aime24,spec_casc_opt,0.05,30,30,True,3.383,2.484,0.587,0.553,0.497,0.433,0.067,0.433,False,0.36666666666666664,0.7666666666666667
aime24,spec_casc_opt,-0.02,3,30,False,3.144,1.062,1.328,1.241,1.167,0.667,0.333,0.667,False,,0.7666666666666667
aime24,spec_casc_opt,-0.1,3,30,False,2.963,0.818,1.619,1.542,1.476,0.333,0.333,0.333,True,,0.7666666666666667
aime24,spec_casc_opt,-0.3,30,30,True,2.705,1.328,0.895,0.874,0.833,0.1,0.067,0.1,True,0.8,0.7666666666666667
aime24,spec_casc_tok,0.15,30,30,True,2.383,1.002,1.095,1.058,1.049,0.033,0.067,0.0,True,0.8333333333333334,0.7666666666666667
aime24,spec_casc_tok,0.35,3,30,False,2.442,0.767,1.403,1.428,1.382,0.333,0.333,0.333,True,,0.7666666666666667
aime24,spec_casc_tok,0.55,3,30,False,2.512,1.062,1.078,1.052,1.02,0.667,0.333,0.333,False,,0.7666666666666667
aime24,spec_casc_tok,0.8,30,30,True,2.698,1.484,0.817,0.781,0.754,0.2,0.067,0.2,False,0.7,0.7666666666666667
aime24,strict,,30,30,True,2.192,1.0,1.0,1.0,1.0,0.067,0.067,0.067,True,0.7666666666666667,0.7666666666666667
aime24_e6,spec_casc_opt_head,0.05 (beta0.15),30,90,False,2.455,1.192,0.913,0.899,0.889,0.033,0.067,0.033,True,0.8,0.7777777777777778
aime24_e6,spec_casc_opt_head,0.05 (beta0.35),30,90,False,2.528,1.27,0.868,0.862,0.859,0.167,0.067,0.167,False,0.6666666666666666,0.7777777777777778
aime24_e6,spec_casc_opt_head,-0.02 (beta0.15),30,90,False,2.484,1.3,0.837,0.832,0.834,0.067,0.067,0.067,True,0.8333333333333334,0.7777777777777778
aime24_e6,spec_casc_opt_head,-0.02 (beta0.35),30,90,False,2.533,1.118,0.999,0.98,0.973,0.067,0.067,0.067,True,0.8,0.7777777777777778
aime24_e6,spec_casc_opt_head,-0.1 (beta0.15),30,90,False,2.468,1.13,0.953,0.952,0.93,0.1,0.067,0.1,True,0.7333333333333333,0.7777777777777778
aime24_e6,spec_casc_opt_head,-0.1 (beta0.35),30,90,False,2.47,1.261,0.863,0.853,0.843,0.167,0.067,0.167,False,0.6333333333333333,0.7777777777777778
aime24_e6,spec_casc_opt_head,-0.3 (beta0.15),30,90,False,2.455,1.094,1.01,0.979,1.018,0.033,0.067,0.033,True,0.7333333333333333,0.7777777777777778
aime24_e6,spec_casc_opt_head,-0.3 (beta0.35),30,90,False,2.49,1.03,1.065,1.051,1.053,0.033,0.067,0.033,True,0.8,0.7777777777777778
aime24_e6,spec_casc_tok,0.05,90,90,True,2.324,1.098,0.955,0.946,0.952,0.089,0.067,0.089,True,0.7,0.7777777777777778
aime24_e6,spec_casc_tok,0.1,90,90,True,2.345,1.005,1.048,1.04,1.036,0.1,0.067,0.089,True,0.7222222222222222,0.7777777777777778
aime24_e6,spec_casc_tok,0.15,90,90,True,2.375,1.256,0.842,0.84,0.831,0.122,0.067,0.122,False,0.7777777777777778,0.7777777777777778
aime24_e6,spec_casc_tok,0.2,90,90,True,2.376,1.235,0.866,0.854,0.862,0.1,0.067,0.111,True,0.7888888888888889,0.7777777777777778
aime24_e6,spec_casc_tok,0.25,90,90,True,2.411,1.017,1.054,1.047,1.042,0.111,0.067,0.1,True,0.7777777777777778,0.7777777777777778
aime24_e6,spec_casc_tok,0.35,30,90,False,2.411,1.287,0.842,0.822,0.824,0.1,0.067,0.133,True,,0.7777777777777778
aime24_e6,spec_casc_tok,0.55,30,90,False,2.489,1.51,0.734,0.716,0.733,0.133,0.067,0.133,False,,0.7777777777777778
aime24_e6,spec_casc_tok,0.8,30,90,False,2.695,1.392,0.855,0.823,0.83,0.133,0.067,0.133,False,,0.7777777777777778
aime24_e6,spec_casc_tok_lt,0.05,90,90,True,2.448,1.031,1.065,1.045,1.063,0.1,0.067,0.1,True,0.7555555555555555,0.7777777777777778
aime24_e6,spec_casc_tok_lt,0.1,90,90,True,2.444,1.084,1.006,0.993,1.006,0.089,0.067,0.089,True,0.7555555555555555,0.7777777777777778
aime24_e6,spec_casc_tok_lt,0.15,90,90,True,2.48,1.009,1.076,1.077,1.066,0.067,0.067,0.056,True,0.7888888888888889,0.7777777777777778
aime24_e6,spec_casc_tok_lt,0.2,90,90,True,2.489,1.038,1.058,1.05,1.059,0.067,0.067,0.056,True,0.7777777777777778,0.7777777777777778
aime24_e6,spec_casc_tok_lt,0.25,90,90,True,2.497,1.075,1.014,1.017,1.019,0.122,0.067,0.133,False,0.6555555555555556,0.7777777777777778
aime24_e6,spec_casc_tok_lt,0.35,30,90,False,2.524,1.196,0.932,0.914,0.909,0.1,0.067,0.1,True,,0.7777777777777778
aime24_e6,spec_casc_tok_lt,0.55,30,90,False,2.554,1.335,0.845,0.826,0.828,0.133,0.067,0.133,False,,0.7777777777777778
aime24_e6,spec_casc_tok_lt,0.8,30,90,False,2.762,1.514,0.789,0.771,0.772,0.167,0.067,0.133,False,,0.7777777777777778
aime24_e6,strict,,90,90,True,2.201,1.0,1.0,1.0,1.0,0.067,0.067,0.067,True,0.7777777777777778,0.7777777777777778
aime24_fine,spec_casc_opt_head,0.05 (beta0.15),30,90,False,2.455,1.192,0.913,0.899,0.889,0.033,0.067,0.033,True,,0.7777777777777778
aime24_fine,spec_casc_opt_head,0.05 (beta0.35),30,90,False,2.528,1.27,0.868,0.862,0.859,0.167,0.067,0.167,False,,0.7777777777777778
aime24_fine,spec_casc_opt_head,-0.02 (beta0.15),30,90,False,2.484,1.3,0.837,0.832,0.834,0.067,0.067,0.067,True,,0.7777777777777778
aime24_fine,spec_casc_opt_head,-0.02 (beta0.35),30,90,False,2.533,1.118,0.999,0.98,0.973,0.067,0.067,0.067,True,,0.7777777777777778
aime24_fine,spec_casc_opt_head,-0.1 (beta0.15),30,90,False,2.468,1.13,0.953,0.952,0.93,0.1,0.067,0.1,True,,0.7777777777777778
aime24_fine,spec_casc_opt_head,-0.1 (beta0.35),30,90,False,2.47,1.261,0.863,0.853,0.843,0.167,0.067,0.167,False,,0.7777777777777778
aime24_fine,spec_casc_opt_head,-0.3 (beta0.15),30,90,False,2.455,1.094,1.01,0.979,1.018,0.033,0.067,0.033,True,,0.7777777777777778
aime24_fine,spec_casc_opt_head,-0.3 (beta0.35),30,90,False,2.49,1.03,1.065,1.051,1.053,0.033,0.067,0.033,True,,0.7777777777777778
aime24_fine,spec_casc_tok,0.05,90,90,True,2.324,1.098,0.955,0.946,0.952,0.089,0.067,0.089,True,0.7,0.7777777777777778
aime24_fine,spec_casc_tok,0.1,90,90,True,2.345,1.005,1.048,1.04,1.036,0.1,0.067,0.089,True,0.7222222222222222,0.7777777777777778
aime24_fine,spec_casc_tok,0.15,90,90,True,2.375,1.256,0.842,0.84,0.831,0.122,0.067,0.122,False,0.7777777777777778,0.7777777777777778
aime24_fine,spec_casc_tok,0.2,90,90,True,2.376,1.235,0.866,0.854,0.862,0.1,0.067,0.111,True,0.7888888888888889,0.7777777777777778
aime24_fine,spec_casc_tok,0.25,90,90,True,2.411,1.017,1.054,1.047,1.042,0.111,0.067,0.1,True,0.7777777777777778,0.7777777777777778
aime24_fine,spec_casc_tok,0.35,30,90,False,2.411,1.287,0.842,0.822,0.824,0.1,0.067,0.133,True,,0.7777777777777778
aime24_fine,spec_casc_tok,0.55,30,90,False,2.489,1.51,0.734,0.716,0.733,0.133,0.067,0.133,False,,0.7777777777777778
aime24_fine,spec_casc_tok,0.8,30,90,False,2.695,1.392,0.855,0.823,0.83,0.133,0.067,0.133,False,,0.7777777777777778
aime24_fine,spec_casc_tok_lt,0.05,90,90,True,2.448,1.031,1.065,1.045,1.063,0.1,0.067,0.1,True,0.7555555555555555,0.7777777777777778
aime24_fine,spec_casc_tok_lt,0.1,90,90,True,2.444,1.084,1.006,0.993,1.006,0.089,0.067,0.089,True,0.7555555555555555,0.7777777777777778
aime24_fine,spec_casc_tok_lt,0.15,90,90,True,2.48,1.009,1.076,1.077,1.066,0.067,0.067,0.056,True,0.7888888888888889,0.7777777777777778
aime24_fine,spec_casc_tok_lt,0.2,90,90,True,2.489,1.038,1.058,1.05,1.059,0.067,0.067,0.056,True,0.7777777777777778,0.7777777777777778
aime24_fine,spec_casc_tok_lt,0.25,90,90,True,2.497,1.075,1.014,1.017,1.019,0.122,0.067,0.133,False,0.6555555555555556,0.7777777777777778
aime24_fine,spec_casc_tok_lt,0.35,30,90,False,2.524,1.196,0.932,0.914,0.909,0.1,0.067,0.1,True,,0.7777777777777778
aime24_fine,spec_casc_tok_lt,0.55,30,90,False,2.554,1.335,0.845,0.826,0.828,0.133,0.067,0.133,False,,0.7777777777777778
aime24_fine,spec_casc_tok_lt,0.8,30,90,False,2.762,1.514,0.789,0.771,0.772,0.167,0.067,0.133,False,,0.7777777777777778
aime24_fine,strict,,90,90,True,2.201,1.0,1.0,1.0,1.0,0.067,0.067,0.067,True,0.7777777777777778,0.7777777777777778
aime24_quick,spec_casc_tok,0.15,30,30,True,2.402,1.507,0.714,0.7,0.713,0.167,0.067,0.167,False,0.8,0.8
aime24_quick,spec_casc_tok,0.35,30,30,True,2.411,1.287,0.842,0.822,0.824,0.1,0.067,0.133,True,0.7666666666666667,0.8
aime24_quick,spec_casc_tok,0.55,30,30,True,2.489,1.51,0.734,0.716,0.733,0.133,0.067,0.133,False,0.7333333333333333,0.8
aime24_quick,spec_casc_tok,0.8,30,30,True,2.695,1.392,0.855,0.823,0.83,0.133,0.067,0.133,False,0.7666666666666667,0.8
aime24_quick,spec_casc_tok_lt,0.15,30,30,True,2.525,1.031,1.075,1.061,1.079,0.0,0.067,0.0,True,0.8333333333333334,0.8
aime24_quick,spec_casc_tok_lt,0.35,30,30,True,2.524,1.196,0.932,0.914,0.909,0.1,0.067,0.1,True,0.7666666666666667,0.8
aime24_quick,spec_casc_tok_lt,0.55,30,30,True,2.554,1.335,0.845,0.826,0.828,0.133,0.067,0.133,False,0.8,0.8
aime24_quick,spec_casc_tok_lt,0.8,30,30,True,2.762,1.514,0.789,0.771,0.772,0.167,0.067,0.133,False,0.6666666666666666,0.8
aime24_quick,strict,,30,30,True,2.224,1.0,1.0,1.0,1.0,0.067,0.067,0.067,True,0.8,0.8
aime24_qwen3,cactus,0.03,30,30,True,1.612,1.147,1.133,1.083,1.075,0.167,0.167,,True,0.6,0.7
aime24_qwen3,cactus,0.08,30,30,True,2.214,1.048,1.539,1.458,1.409,0.233,0.167,,False,0.36666666666666664,0.7
aime24_qwen3,cactus,0.18,3,30,False,2.78,1.162,1.802,1.613,1.809,0.333,0.0,,False,,0.7
aime24_qwen3,cactus,0.35,30,30,True,3.463,1.257,1.829,1.688,1.52,0.567,0.167,,False,0.23333333333333334,0.7
aime24_qwen3,mentored_dec,0.15,30,30,True,1.185,0.913,1.133,1.138,1.127,0.133,0.167,,True,0.7333333333333333,0.7
aime24_qwen3,mentored_dec,0.35,3,30,False,1.073,1.006,0.981,1.021,0.976,0.0,0.0,,True,,0.7
aime24_qwen3,mentored_dec,0.55,3,30,False,1.124,0.951,1.038,1.108,1.033,0.333,0.0,,False,,0.7
aime24_qwen3,mentored_dec,0.75,30,30,True,1.301,1.012,1.069,1.081,1.049,0.233,0.167,,False,0.7333333333333333,0.7
aime24_qwen3,r_fuzzy,0.03,30,30,True,1.12,1.044,0.955,0.965,0.964,0.167,0.167,,True,0.6666666666666666,0.7
aime24_qwen3,r_fuzzy,0.08,3,30,False,1.028,1.166,0.848,0.862,0.835,0.667,0.0,,False,,0.7
aime24_qwen3,r_fuzzy,0.15,3,30,False,1.127,1.158,0.877,0.911,0.861,0.667,0.0,,False,,0.7
aime24_qwen3,r_fuzzy,0.25,30,30,True,1.374,1.291,0.859,0.874,0.844,0.367,0.167,,False,0.4,0.7
aime24_qwen3,spec_casc_opt,0.05,30,30,True,1.802,1.418,0.942,0.94,0.88,0.633,0.167,,False,0.3,0.7
aime24_qwen3,spec_casc_opt,-0.02,3,30,False,1.186,1.152,0.903,0.941,0.886,0.667,0.0,,False,,0.7
aime24_qwen3,spec_casc_opt,-0.1,3,30,False,1.199,1.129,0.906,0.966,0.89,0.667,0.0,,False,,0.7
aime24_qwen3,spec_casc_opt,-0.3,30,30,True,1.237,1.027,1.034,1.036,1.029,0.233,0.167,,False,0.7,0.7
aime24_qwen3,spec_casc_tok,0.15,30,30,True,1.143,0.964,1.049,1.057,1.05,0.167,0.167,,True,0.7333333333333333,0.7
aime24_qwen3,spec_casc_tok,0.3,12,30,False,1.223,0.988,1.116,1.118,0.784,0.167,0.167,,True,,0.7
aime24_qwen3,spec_casc_tok,0.35,3,30,False,1.033,1.144,0.861,0.881,0.848,0.333,0.0,,False,,0.7
aime24_qwen3,spec_casc_tok,0.55,3,30,False,1.045,0.965,1.016,1.05,1.011,0.333,0.0,,False,,0.7
aime24_qwen3,spec_casc_tok,0.8,30,30,True,1.241,0.983,1.074,1.084,1.076,0.133,0.167,,True,0.7,0.7
aime24_qwen3,spec_casc_tok_hsr_guard,0.3 (budget10_pct90_k8),4,30,False,1.181,0.848,1.285,1.308,1.041,0.5,0.5,,True,,0.7
aime24_qwen3,spec_casc_tok_hsr_guard,0.3 (budget10_pct95_k8),4,30,False,1.205,0.796,1.354,1.408,1.108,0.25,0.5,,True,,0.7
aime24_qwen3,spec_casc_tok_hsr_guard,0.3 (budget10_pct99.9_k8),12,30,False,1.223,0.953,1.166,1.158,0.902,0.167,0.167,,True,,0.7
aime24_qwen3,spec_casc_tok_hsr_guard,0.3 (budget10_pct99_k8),12,30,False,1.229,0.958,1.163,1.156,0.951,0.083,0.167,,True,,0.7
aime24_qwen3,spec_casc_tok_hsr_guard,0.3 (budget25_pct99.9_k8),12,30,False,1.223,0.988,1.116,1.118,0.78,0.167,0.167,,True,,0.7
aime24_qwen3,spec_casc_tok_hsr_guard,0.3 (budget5_pct99.9_k8),12,30,False,1.213,0.992,1.103,1.108,0.757,0.167,0.167,,True,,0.7
aime24_qwen3,strict,,30,30,True,1.104,1.0,1.0,1.0,1.0,0.167,0.167,,True,0.7,0.7
gsm8k,cactus,0.03,150,150,True,3.417,1.276,1.021,0.971,0.927,0.033,0.02,0.033,True,0.96,0.96
gsm8k,cactus,0.08,3,150,False,3.917,2.641,0.565,0.503,0.479,0.0,0.0,0.0,True,,0.96
gsm8k,cactus,0.18,150,150,True,4.096,1.557,0.984,0.917,0.843,0.073,0.02,0.073,False,0.8866666666666667,0.96
gsm8k,cactus,0.35,150,150,True,4.372,1.609,1.012,0.936,0.842,0.053,0.02,0.053,True,0.9133333333333333,0.96
gsm8k,mentored_dec,0.15,150,150,True,2.872,0.996,1.112,1.09,1.055,0.02,0.02,0.02,True,0.9733333333333334,0.96
gsm8k,mentored_dec,0.35,150,150,True,3.183,1.05,1.138,1.117,1.051,0.02,0.02,0.02,True,0.96,0.96
gsm8k,mentored_dec,0.55,3,150,False,3.848,1.98,0.703,0.661,0.606,0.0,0.0,0.0,True,,0.96
gsm8k,mentored_dec,0.75,150,150,True,3.733,1.163,1.204,1.141,1.037,0.04,0.02,0.04,True,0.9333333333333333,0.96
gsm8k,r_fuzzy,0.03,3,150,False,2.899,1.261,0.826,0.835,0.828,0.0,0.0,0.0,True,,0.96
gsm8k,r_fuzzy,0.08,150,150,True,2.961,1.054,1.066,1.054,1.011,0.013,0.02,0.013,True,0.92,0.96
gsm8k,r_fuzzy,0.15,150,150,True,3.407,1.204,1.059,1.027,0.964,0.013,0.02,0.02,True,0.94,0.96
gsm8k,r_fuzzy,0.25,150,150,True,4.018,1.695,0.878,0.83,0.773,0.053,0.02,0.047,True,0.8733333333333333,0.96
gsm8k,spec_casc_opt,0.05,150,150,True,3.666,1.455,0.938,0.899,0.85,0.047,0.02,0.053,True,0.94,0.96
gsm8k,spec_casc_opt,-0.02,3,150,False,3.787,2.213,0.594,0.584,0.538,0.0,0.0,0.0,True,,0.96
gsm8k,spec_casc_opt,-0.1,150,150,True,3.418,1.188,1.075,1.042,0.965,0.027,0.02,0.027,True,0.9533333333333334,0.96
gsm8k,spec_casc_opt,-0.3,150,150,True,3.178,1.089,1.087,1.076,0.998,0.013,0.02,0.02,True,0.9333333333333333,0.96
gsm8k,spec_casc_tok,0.15,150,150,True,2.753,0.875,1.197,1.203,1.142,0.013,0.02,0.013,True,0.98,0.96
gsm8k,spec_casc_tok,0.35,3,150,False,2.824,1.103,1.0,0.936,0.97,0.0,0.0,0.0,True,,0.96
gsm8k,spec_casc_tok,0.55,3,150,False,2.825,0.885,1.236,1.167,1.162,0.0,0.0,0.0,True,,0.96
gsm8k,spec_casc_tok,0.8,150,150,True,3.041,0.958,1.207,1.183,1.099,0.013,0.02,0.013,True,0.9733333333333334,0.96
gsm8k,strict,,150,150,True,2.567,1.0,1.0,1.0,1.0,0.02,0.02,0.02,True,0.96,0.96
gsm8k_proper,spec_casc_tok,0.15,450,450,True,2.716,0.972,1.064,1.064,1.075,0.016,0.016,0.016,True,0.9577777777777777,0.9622222222222222
gsm8k_proper,spec_casc_tok,0.2,450,450,True,2.706,0.938,1.104,1.1,1.115,0.016,0.016,0.016,True,0.9555555555555556,0.9622222222222222
gsm8k_proper,spec_casc_tok,0.25,450,450,True,2.747,0.938,1.107,1.112,1.111,0.022,0.016,0.022,True,0.9577777777777777,0.9622222222222222
gsm8k_proper,spec_casc_tok,0.35,30,450,False,2.639,0.82,1.216,1.218,1.331,0.0,0.0,0.0,True,,0.9622222222222222
gsm8k_proper,spec_casc_tok,0.55,30,450,False,2.921,0.863,1.235,1.247,1.353,0.0,0.0,0.0,True,,0.9622222222222222
gsm8k_proper,spec_casc_tok,0.8,30,450,False,3.194,0.934,1.223,1.231,1.346,0.0,0.0,0.0,True,,0.9622222222222222
gsm8k_proper,spec_casc_tok_lt,0.15,450,450,True,2.915,1.018,1.07,1.07,1.06,0.018,0.016,0.018,True,0.9555555555555556,0.9622222222222222
gsm8k_proper,spec_casc_tok_lt,0.2,450,450,True,2.908,1.043,1.044,1.043,1.049,0.022,0.016,0.022,True,0.9577777777777777,0.9622222222222222
gsm8k_proper,spec_casc_tok_lt,0.25,450,450,True,2.925,1.027,1.07,1.064,1.077,0.024,0.016,0.024,True,0.9577777777777777,0.9622222222222222
gsm8k_proper,spec_casc_tok_lt,0.35,30,450,False,2.988,0.977,1.105,1.12,1.218,0.0,0.0,0.0,True,,0.9622222222222222
gsm8k_proper,spec_casc_tok_lt,0.55,30,450,False,3.08,0.895,1.223,1.251,1.323,0.0,0.0,0.0,True,,0.9622222222222222
gsm8k_proper,spec_casc_tok_lt,0.8,30,450,False,3.226,0.924,1.271,1.255,1.401,0.0,0.0,0.0,True,,0.9622222222222222
gsm8k_proper,strict,,450,450,True,2.593,1.0,1.0,1.0,1.0,0.016,0.016,0.016,True,0.9622222222222222,0.9622222222222222
gsm8k_quick,spec_casc_tok,0.15,30,30,True,2.65,0.932,1.086,1.075,1.197,0.0,0.0,0.0,True,0.9666666666666667,1.0
gsm8k_quick,spec_casc_tok,0.35,30,30,True,2.639,0.82,1.216,1.218,1.331,0.0,0.0,0.0,True,1.0,1.0
gsm8k_quick,spec_casc_tok,0.55,30,30,True,2.921,0.863,1.235,1.247,1.353,0.0,0.0,0.0,True,0.9666666666666667,1.0
gsm8k_quick,spec_casc_tok,0.8,30,30,True,3.194,0.934,1.223,1.231,1.346,0.0,0.0,0.0,True,1.0,1.0
gsm8k_quick,spec_casc_tok_lt,0.15,30,30,True,2.948,1.035,1.027,1.046,1.0,0.0,0.0,0.0,True,0.9666666666666667,1.0
gsm8k_quick,spec_casc_tok_lt,0.35,30,30,True,2.988,0.977,1.105,1.12,1.218,0.0,0.0,0.0,True,0.9666666666666667,1.0
gsm8k_quick,spec_casc_tok_lt,0.55,30,30,True,3.08,0.895,1.223,1.251,1.323,0.0,0.0,0.0,True,0.9666666666666667,1.0
gsm8k_quick,spec_casc_tok_lt,0.8,30,30,True,3.226,0.924,1.271,1.255,1.401,0.0,0.0,0.0,True,1.0,1.0
gsm8k_quick,strict,,30,30,True,2.645,1.0,1.0,1.0,1.0,0.0,0.0,0.0,True,1.0,1.0
gsm8k_qwen3,cactus,0.03,150,150,True,1.623,1.016,1.03,1.026,1.022,0.253,0.247,,True,0.7866666666666666,0.8
gsm8k_qwen3,cactus,0.08,3,150,False,1.575,1.268,0.805,0.834,0.806,0.333,0.333,,True,,0.8
gsm8k_qwen3,cactus,0.18,3,150,False,1.632,1.048,1.033,1.032,1.032,0.333,0.333,,True,,0.8
gsm8k_qwen3,cactus,0.35,150,150,True,1.866,1.038,1.116,1.098,1.069,0.273,0.247,,True,0.7666666666666667,0.8
gsm8k_qwen3,mentored_dec,0.15,150,150,True,1.557,0.991,1.025,1.026,1.027,0.24,0.247,,True,0.7733333333333333,0.8
gsm8k_qwen3,mentored_dec,0.35,3,150,False,1.432,1.158,0.839,0.863,0.841,0.333,0.333,,True,,0.8
gsm8k_qwen3,mentored_dec,0.55,3,150,False,1.551,1.117,0.918,0.938,0.92,0.333,0.333,,True,,0.8
gsm8k_qwen3,mentored_dec,0.75,150,150,True,1.749,1.026,1.075,1.066,1.048,0.26,0.247,,True,0.7666666666666667,0.8
gsm8k_qwen3,r_fuzzy,0.03,3,150,False,1.397,1.072,0.905,0.919,0.906,0.0,0.333,,True,,0.8
gsm8k_qwen3,r_fuzzy,0.08,150,150,True,1.645,1.139,0.921,0.923,0.91,0.347,0.247,,False,0.72,0.8
gsm8k_qwen3,r_fuzzy,0.15,150,150,True,1.807,1.13,0.992,0.988,0.965,0.4,0.247,,False,0.6133333333333333,0.8
gsm8k_qwen3,r_fuzzy,0.25,150,150,True,2.074,0.954,1.311,1.282,1.228,0.353,0.247,,False,0.5533333333333333,0.8
gsm8k_qwen3,spec_casc_opt,0.05,150,150,True,2.187,1.328,0.955,0.955,0.891,0.58,0.247,,False,0.4866666666666667,0.8
gsm8k_qwen3,spec_casc_opt,-0.02,3,150,False,1.623,0.956,1.134,1.127,1.131,0.333,0.333,,True,,0.8
gsm8k_qwen3,spec_casc_opt,-0.1,150,150,True,1.741,1.054,1.042,1.035,1.019,0.307,0.247,,False,0.7133333333333334,0.8
gsm8k_qwen3,spec_casc_opt,-0.3,150,150,True,1.622,1.003,1.043,1.04,1.029,0.247,0.247,,True,0.7666666666666667,0.8
gsm8k_qwen3,spec_casc_tok,0.15,150,150,True,1.529,0.976,1.028,1.031,1.027,0.24,0.247,,True,0.8133333333333334,0.8
gsm8k_qwen3,spec_casc_tok,0.3,12,150,False,1.516,1.063,0.946,0.946,0.672,0.25,0.25,,True,,0.8
gsm8k_qwen3,spec_casc_tok,0.35,3,150,False,1.374,1.082,0.887,0.902,0.888,0.333,0.333,,True,,0.8
gsm8k_qwen3,spec_casc_tok,0.55,150,150,True,1.568,0.992,1.029,1.029,1.018,0.233,0.247,,True,0.8,0.8
gsm8k_qwen3,spec_casc_tok,0.8,150,150,True,1.616,0.987,1.053,1.054,1.043,0.233,0.247,,True,0.7866666666666666,0.8
gsm8k_qwen3,spec_casc_tok_hsr_guard,0.3 (budget10_pct99_k8),12,150,False,1.503,1.099,0.907,0.911,0.733,0.25,0.25,,True,,0.8
gsm8k_qwen3,spec_casc_tok_hsr_guard,0.3 (budget25_pct99.9_k8),12,150,False,1.516,1.063,0.946,0.946,0.676,0.25,0.25,,True,,0.8
gsm8k_qwen3,strict,,150,150,True,1.514,1.0,1.0,1.0,1.0,0.247,0.247,,True,0.8,0.8
humaneval,cactus,0.03,150,150,True,3.366,1.239,1.02,0.999,0.934,0.0,0.0,0.0,True,0.9333333333333333,0.96
humaneval,cactus,0.08,3,150,False,3.689,1.491,0.996,0.98,0.844,0.0,0.0,0.0,True,,0.96
humaneval,cactus,0.18,3,150,False,3.751,1.148,1.336,1.29,1.111,0.0,0.0,0.0,True,,0.96
humaneval,cactus,0.35,150,150,True,4.357,1.791,0.895,0.848,0.74,0.013,0.0,0.013,True,0.8733333333333333,0.96
humaneval,mentored_dec,0.15,150,150,True,2.71,0.965,1.103,1.09,1.062,0.0,0.0,0.0,True,0.9733333333333334,0.96
humaneval,mentored_dec,0.35,150,150,True,2.984,1.031,1.109,1.095,1.036,0.0,0.0,0.0,True,0.9466666666666667,0.96
humaneval,mentored_dec,0.55,3,150,False,2.855,0.637,1.931,1.886,1.764,0.0,0.0,0.0,True,,0.96
humaneval,mentored_dec,0.75,150,150,True,3.608,1.296,1.034,1.008,0.917,0.007,0.0,0.007,True,0.96,0.96
humaneval,r_fuzzy,0.03,150,150,True,2.584,1.022,1.001,0.994,0.984,0.0,0.0,0.0,True,0.8666666666666667,0.96
humaneval,r_fuzzy,0.08,150,150,True,2.775,1.05,1.033,1.019,0.986,0.0,0.0,0.0,True,0.8133333333333334,0.96
humaneval,r_fuzzy,0.15,3,150,False,2.915,1.601,0.786,0.762,0.714,0.0,0.0,0.0,True,,0.96
humaneval,r_fuzzy,0.25,150,150,True,3.77,1.638,0.862,0.826,0.757,0.007,0.0,0.007,True,0.6333333333333333,0.96
humaneval,spec_casc_opt,0.05,150,150,True,3.554,1.734,0.773,0.744,0.7,0.02,0.0,0.02,True,0.82,0.96
humaneval,spec_casc_opt,-0.02,3,150,False,3.108,0.876,1.482,1.461,1.348,0.0,0.0,0.0,True,,0.96
humaneval,spec_casc_opt,-0.1,3,150,False,3.08,1.114,1.136,1.141,1.027,0.0,0.0,0.0,True,,0.96
humaneval,spec_casc_opt,-0.3,150,150,True,2.986,1.091,1.046,1.036,0.987,0.007,0.0,0.007,True,0.94,0.96
humaneval,spec_casc_tok,0.15,150,150,True,2.556,1.05,0.97,0.96,0.962,0.0,0.0,0.0,True,0.9666666666666667,0.96
humaneval,spec_casc_tok,0.35,3,150,False,2.333,0.652,1.651,1.592,1.595,0.0,0.0,0.0,True,,0.96
humaneval,spec_casc_tok,0.55,3,150,False,2.219,0.61,1.713,1.645,1.691,0.0,0.0,0.0,True,,0.96
humaneval,spec_casc_tok,0.8,150,150,True,2.905,1.045,1.079,1.059,1.016,0.0,0.0,0.0,True,0.94,0.96
humaneval,strict,,150,150,True,2.527,1.0,1.0,1.0,1.0,0.0,0.0,0.0,True,0.96,0.96
humaneval_proper,spec_casc_tok,0.15,450,450,True,2.58,1.022,1.003,0.997,1.005,0.002,0.002,0.002,True,0.9644444444444444,0.96
humaneval_proper,spec_casc_tok,0.2,450,450,True,2.561,1.009,1.014,1.005,1.018,0.0,0.002,0.0,True,0.9733333333333334,0.96
humaneval_proper,spec_casc_tok,0.25,450,450,True,2.598,1.027,1.007,0.997,1.009,0.0,0.002,0.0,True,0.9577777777777777,0.96
humaneval_proper,spec_casc_tok_lt,0.15,450,450,True,2.764,1.003,1.079,1.068,1.074,0.0,0.002,0.007,True,0.9488888888888889,0.96
humaneval_proper,spec_casc_tok_lt,0.2,450,450,True,2.743,1.057,1.009,1.008,1.02,0.004,0.002,0.004,True,0.9622222222222222,0.96
humaneval_proper,spec_casc_tok_lt,0.25,450,450,True,2.797,1.002,1.086,1.078,1.09,0.0,0.002,0.0,True,0.9666666666666667,0.96
humaneval_proper,strict,,450,450,True,2.514,1.0,1.0,1.0,1.0,0.002,0.002,0.002,True,0.96,0.96
humaneval_qwen3,cactus,0.03,150,150,True,1.5,1.076,0.972,0.961,0.965,0.127,0.113,,True,0.84,0.8266666666666667
humaneval_qwen3,cactus,0.08,3,150,False,1.406,1.087,1.055,0.984,1.064,0.0,0.333,,True,,0.8266666666666667
humaneval_qwen3,cactus,0.18,150,150,True,1.645,1.127,1.0,0.97,0.97,0.153,0.113,,True,0.8133333333333334,0.8266666666666667
humaneval_qwen3,cactus,0.35,150,150,True,1.74,1.145,1.037,0.99,0.989,0.2,0.113,,False,0.7533333333333333,0.8266666666666667
humaneval_qwen3,mentored_dec,0.15,150,150,True,1.429,1.046,0.964,0.96,0.962,0.113,0.113,,True,0.8533333333333334,0.8266666666666667
humaneval_qwen3,mentored_dec,0.35,3,150,False,1.285,1.026,1.007,0.99,1.009,0.0,0.333,,True,,0.8266666666666667
humaneval_qwen3,mentored_dec,0.55,3,150,False,1.369,1.31,0.851,0.803,0.853,0.333,0.333,,True,,0.8266666666666667
humaneval_qwen3,mentored_dec,0.75,150,150,True,1.595,1.082,1.012,0.992,0.984,0.127,0.113,,True,0.8466666666666667,0.8266666666666667
humaneval_qwen3,r_fuzzy,0.03,150,150,True,1.428,1.164,0.863,0.862,0.865,0.133,0.113,,True,0.6133333333333333,0.8266666666666667
humaneval_qwen3,r_fuzzy,0.08,3,150,False,1.387,1.348,0.834,0.787,0.835,0.333,0.333,,True,,0.8266666666666667
humaneval_qwen3,r_fuzzy,0.15,3,150,False,1.463,1.38,0.835,0.793,0.837,0.0,0.333,,True,,0.8266666666666667
humaneval_qwen3,r_fuzzy,0.25,150,150,True,2.04,1.649,0.752,0.762,0.71,0.38,0.113,,False,0.16,0.8266666666666667
humaneval_qwen3,spec_casc_opt,0.05,150,150,True,2.034,1.719,0.738,0.73,0.686,0.4,0.113,,False,0.49333333333333335,0.8266666666666667
humaneval_qwen3,spec_casc_opt,-0.02,150,150,True,1.662,1.139,0.989,0.966,0.958,0.147,0.113,,True,0.8133333333333334,0.8266666666666667
humaneval_qwen3,spec_casc_opt,-0.1,3,150,False,1.431,0.968,1.163,1.116,1.171,0.0,0.333,,True,,0.8266666666666667
humaneval_qwen3,spec_casc_opt,-0.3,150,150,True,1.494,1.043,0.998,0.989,0.988,0.107,0.113,,True,0.86,0.8266666666666667
humaneval_qwen3,spec_casc_tok,0.15,150,150,True,1.418,1.059,0.943,0.944,0.947,0.12,0.113,,True,0.8333333333333334,0.8266666666666667
humaneval_qwen3,spec_casc_tok,0.3,12,150,False,1.373,1.125,0.963,0.928,0.668,0.083,0.083,,True,,0.8266666666666667
humaneval_qwen3,spec_casc_tok,0.35,3,150,False,1.344,1.073,1.075,0.971,1.083,0.0,0.333,,True,,0.8266666666666667
humaneval_qwen3,spec_casc_tok,0.55,3,150,False,1.341,0.811,1.412,1.283,1.43,0.0,0.333,,True,,0.8266666666666667
humaneval_qwen3,spec_casc_tok,0.8,150,150,True,1.499,1.079,0.965,0.958,0.956,0.113,0.113,,True,0.8533333333333334,0.8266666666666667
humaneval_qwen3,spec_casc_tok_hsr_guard,0.3 (budget10_pct99_k8),12,150,False,1.375,0.831,1.323,1.258,1.075,0.0,0.083,,True,,0.8266666666666667
humaneval_qwen3,spec_casc_tok_hsr_guard,0.3 (budget25_pct99.9_k8),12,150,False,1.373,1.125,0.963,0.928,0.671,0.083,0.083,,True,,0.8266666666666667
humaneval_qwen3,strict,,150,150,True,1.418,1.0,1.0,1.0,1.0,0.113,0.113,,True,0.8266666666666667,0.8266666666666667
livecodebench,cactus,0.03,90,90,True,2.996,1.313,1.003,0.962,0.91,0.056,0.022,0.056,True,0.7888888888888889,0.8888888888888888
livecodebench,cactus,0.08,90,90,True,3.425,1.369,1.082,1.021,0.94,0.089,0.022,0.067,False,0.7,0.8888888888888888
livecodebench,cactus,0.18,90,90,True,3.856,1.538,1.067,0.998,0.874,0.111,0.022,0.1,False,0.6111111111111112,0.8888888888888888
livecodebench,cactus,0.35,3,90,False,4.325,2.867,0.589,0.591,0.473,0.0,0.0,0.0,True,,0.8888888888888888
livecodebench,mentored_dec,0.15,90,90,True,2.385,1.08,0.985,0.99,0.965,0.067,0.022,0.033,True,0.8666666666666667,0.8888888888888888
livecodebench,mentored_dec,0.35,90,90,True,2.61,1.082,1.054,1.055,1.011,0.078,0.022,0.056,False,0.8444444444444444,0.8888888888888888
livecodebench,mentored_dec,0.55,3,90,False,3.05,1.488,0.851,0.866,0.779,0.0,0.0,0.0,True,,0.8888888888888888
livecodebench,mentored_dec,0.75,90,90,True,3.282,1.248,1.119,1.085,0.989,0.089,0.022,0.078,False,0.8444444444444444,0.8888888888888888
livecodebench,r_fuzzy,0.03,90,90,True,2.216,1.01,1.007,1.007,1.006,0.056,0.022,0.056,True,0.7,0.8888888888888888
livecodebench,r_fuzzy,0.08,3,90,False,2.393,1.424,0.751,0.758,0.739,0.0,0.0,0.0,True,,0.8888888888888888
livecodebench,r_fuzzy,0.15,90,90,True,2.773,1.29,0.938,0.924,0.885,0.133,0.022,0.1,False,0.4666666666666667,0.8888888888888888
livecodebench,r_fuzzy,0.25,90,90,True,3.509,1.653,0.902,0.862,0.786,0.156,0.022,0.144,False,0.34444444444444444,0.8888888888888888
livecodebench,spec_casc_opt,0.05,90,90,True,3.287,1.64,0.862,0.826,0.76,0.189,0.022,0.144,False,0.4888888888888889,0.8888888888888888
livecodebench,spec_casc_opt,-0.02,3,90,False,3.282,2.235,0.603,0.61,0.528,0.0,0.0,0.0,True,,0.8888888888888888
livecodebench,spec_casc_opt,-0.1,3,90,False,2.975,1.46,0.843,0.867,0.765,0.0,0.0,0.0,True,,0.8888888888888888
livecodebench,spec_casc_opt,-0.3,90,90,True,2.69,1.103,1.066,1.057,0.999,0.078,0.022,0.056,False,0.8666666666666667,0.8888888888888888
livecodebench,spec_casc_tok,0.15,90,90,True,2.321,1.004,1.044,1.045,1.029,0.056,0.022,0.056,True,0.9222222222222223,0.8888888888888888
livecodebench,spec_casc_tok,0.35,3,90,False,2.575,1.066,1.048,1.067,1.008,0.0,0.0,0.0,True,,0.8888888888888888
livecodebench,spec_casc_tok,0.55,3,90,False,2.57,1.084,1.037,1.048,0.984,0.0,0.0,0.0,True,,0.8888888888888888
livecodebench,spec_casc_tok,0.8,90,90,True,2.665,1.16,1.023,0.998,0.964,0.067,0.022,0.056,True,0.8777777777777778,0.8888888888888888
livecodebench,strict,,90,90,True,2.164,1.0,1.0,1.0,1.0,0.022,0.022,0.044,True,0.8888888888888888,0.8888888888888888
livecodebench_proper,spec_casc_tok,0.15,270,270,True,2.311,1.032,1.009,1.002,1.02,0.044,0.033,0.041,True,0.9259259259259259,0.8888888888888888
livecodebench_proper,spec_casc_tok,0.2,270,270,True,2.305,1.032,1.007,1.001,1.009,0.048,0.033,0.048,True,0.9185185185185185,0.8888888888888888
livecodebench_proper,spec_casc_tok,0.25,270,270,True,2.333,1.053,0.999,0.989,0.988,0.044,0.033,0.033,True,0.8925925925925926,0.8888888888888888
livecodebench_proper,spec_casc_tok_lt,0.15,270,270,True,2.443,1.025,1.061,1.049,1.064,0.037,0.033,0.033,True,0.8925925925925926,0.8888888888888888
livecodebench_proper,spec_casc_tok_lt,0.2,270,270,True,2.452,1.031,1.056,1.046,1.057,0.037,0.033,0.026,True,0.8962962962962963,0.8888888888888888
livecodebench_proper,spec_casc_tok_lt,0.25,270,270,True,2.47,1.081,1.006,1.002,1.019,0.052,0.033,0.041,True,0.8888888888888888,0.8888888888888888
livecodebench_proper,strict,,270,270,True,2.202,1.0,1.0,1.0,1.0,0.033,0.033,0.044,True,0.8888888888888888,0.8888888888888888
livecodebench_qwen3,cactus,0.03,90,90,True,1.409,1.06,1.054,1.03,1.026,0.367,0.322,,True,0.6333333333333333,0.7
livecodebench_qwen3,cactus,0.08,3,90,False,1.657,1.121,1.187,1.141,1.187,0.667,0.333,,False,,0.7
livecodebench_qwen3,cactus,0.18,90,90,True,1.946,1.098,1.281,1.217,1.163,0.5,0.322,,False,0.5,0.7
livecodebench_qwen3,cactus,0.35,90,90,True,2.338,1.149,1.385,1.318,1.223,0.544,0.322,,False,0.4444444444444444,0.7
livecodebench_qwen3,mentored_dec,0.15,90,90,True,1.246,1.018,1.007,1.001,1.005,0.267,0.322,,True,0.7333333333333333,0.7
livecodebench_qwen3,mentored_dec,0.35,3,90,False,1.2,1.038,1.005,1.021,1.002,0.667,0.333,,False,,0.7
livecodebench_qwen3,mentored_dec,0.55,3,90,False,1.181,1.05,1.007,1.0,1.006,0.667,0.333,,False,,0.7
livecodebench_qwen3,mentored_dec,0.75,90,90,True,1.452,1.05,1.076,1.059,1.047,0.344,0.322,,True,0.6333333333333333,0.7
livecodebench_qwen3,r_fuzzy,0.03,90,90,True,1.221,1.069,0.945,0.943,0.947,0.356,0.322,,True,0.36666666666666664,0.7
livecodebench_qwen3,r_fuzzy,0.08,3,90,False,1.08,1.023,0.975,0.979,0.973,0.667,0.333,,False,,0.7
livecodebench_qwen3,r_fuzzy,0.15,90,90,True,1.458,1.148,0.961,0.971,0.933,0.5,0.322,,False,0.03333333333333333,0.7
livecodebench_qwen3,r_fuzzy,0.25,90,90,True,1.762,1.074,1.144,1.166,1.082,0.611,0.322,,False,0.022222222222222223,0.7
livecodebench_qwen3,spec_casc_opt,0.05,90,90,True,1.698,1.269,0.971,0.964,0.919,0.611,0.322,,False,0.3333333333333333,0.7
livecodebench_qwen3,spec_casc_opt,-0.02,3,90,False,1.209,1.298,0.838,0.82,0.835,0.667,0.333,,False,,0.7
livecodebench_qwen3,spec_casc_opt,-0.1,3,90,False,1.226,1.152,0.937,0.93,0.935,0.667,0.333,,False,,0.7
livecodebench_qwen3,spec_casc_opt,-0.3,90,90,True,1.319,1.055,1.007,0.997,0.994,0.333,0.322,,True,0.6777777777777778,0.7
livecodebench_qwen3,spec_casc_tok,0.15,90,90,True,1.228,1.008,1.007,1.002,1.004,0.3,0.322,,True,0.7222222222222222,0.7
livecodebench_qwen3,spec_casc_tok,0.3,12,90,False,1.217,1.028,1.036,1.028,0.714,0.25,0.333,,True,,0.7
livecodebench_qwen3,spec_casc_tok,0.35,3,90,False,1.079,1.035,0.957,0.967,0.954,0.667,0.333,,False,,0.7
livecodebench_qwen3,spec_casc_tok,0.55,3,90,False,1.113,1.076,0.946,0.946,0.944,0.667,0.333,,False,,0.7
livecodebench_qwen3,spec_casc_tok,0.8,90,90,True,1.327,1.003,1.061,1.052,1.046,0.3,0.322,,True,0.7111111111111111,0.7
livecodebench_qwen3,spec_casc_tok_hsr_guard,0.3 (budget10_pct99_k8),12,90,False,1.209,1.064,0.995,0.99,0.8,0.333,0.333,,True,,0.7
livecodebench_qwen3,spec_casc_tok_hsr_guard,0.3 (budget25_pct99.9_k8),12,90,False,1.217,1.028,1.036,1.028,0.715,0.25,0.333,,True,,0.7
livecodebench_qwen3,strict,,90,90,True,1.205,1.0,1.0,1.0,1.0,0.322,0.322,,True,0.7,0.7
longbench_v2,cactus,0.03,150,150,True,3.386,1.537,0.984,0.98,0.97,0.033,0.013,0.04,True,0.44,0.56
longbench_v2,cactus,0.08,3,150,False,4.422,2.766,0.787,0.746,0.953,0.0,0.0,0.0,True,,0.56
longbench_v2,cactus,0.18,150,150,True,4.494,1.731,1.104,1.09,0.972,0.027,0.013,0.027,True,0.36,0.56
longbench_v2,cactus,0.35,150,150,True,4.834,1.768,1.145,1.133,0.975,0.02,0.013,0.033,True,0.36,0.56
longbench_v2,mentored_dec,0.15,150,150,True,2.103,1.062,1.003,1.003,0.998,0.007,0.013,0.007,True,0.5333333333333333,0.56
longbench_v2,mentored_dec,0.35,3,150,False,2.084,2.417,0.482,0.485,0.937,0.0,0.0,0.0,True,,0.56
longbench_v2,mentored_dec,0.55,150,150,True,2.61,1.114,1.121,1.112,1.004,0.007,0.013,0.007,True,0.5733333333333334,0.56
longbench_v2,mentored_dec,0.75,150,150,True,3.102,1.595,0.899,0.883,0.958,0.027,0.013,0.027,True,0.5066666666666667,0.56
longbench_v2,r_fuzzy,0.03,150,150,True,1.933,1.139,0.883,0.884,0.979,0.013,0.013,0.02,True,0.5666666666666667,0.56
longbench_v2,r_fuzzy,0.08,3,150,False,1.593,1.983,0.532,0.497,0.942,0.0,0.0,0.0,True,,0.56
longbench_v2,r_fuzzy,0.15,150,150,True,2.525,1.503,0.806,0.806,0.951,0.06,0.013,0.093,True,0.5066666666666667,0.56
longbench_v2,r_fuzzy,0.25,150,150,True,3.422,1.693,0.912,0.897,0.956,0.053,0.013,0.087,True,0.4,0.56
longbench_v2,spec_casc_opt,0.05,150,150,True,2.87,1.788,0.763,0.743,0.935,0.14,0.013,0.133,False,0.4666666666666667,0.56
longbench_v2,spec_casc_opt,-0.02,3,150,False,2.61,2.019,0.681,0.68,0.963,0.0,0.0,0.0,True,,0.56
longbench_v2,spec_casc_opt,-0.1,150,150,True,2.588,1.305,0.934,0.944,0.979,0.04,0.013,0.04,True,0.4866666666666667,0.56
longbench_v2,spec_casc_opt,-0.3,150,150,True,2.322,1.209,0.95,0.943,0.983,0.027,0.013,0.027,True,0.5333333333333333,0.56
longbench_v2,spec_casc_tok,0.15,150,150,True,2.03,1.08,0.978,0.963,0.994,0.013,0.013,0.013,True,0.52,0.56
longbench_v2,spec_casc_tok,0.35,3,150,False,1.838,1.41,0.757,0.766,0.982,0.0,0.0,0.0,True,,0.56
longbench_v2,spec_casc_tok,0.55,3,150,False,1.778,1.043,1.013,1.014,1.002,0.0,0.0,0.0,True,,0.56
longbench_v2,spec_casc_tok,0.8,150,150,True,2.359,1.126,1.036,1.025,0.996,0.007,0.013,0.007,True,0.5266666666666666,0.56
longbench_v2,strict,,150,150,True,1.912,1.0,1.0,1.0,1.0,0.013,0.013,0.013,True,0.56,0.56
longbench_v2_proper,spec_casc_tok,0.15,90,90,True,2.116,1.099,0.953,0.956,0.942,0.0,0.0,0.0,True,0.5555555555555556,0.6
longbench_v2_proper,spec_casc_tok,0.2,90,90,True,2.142,1.229,0.871,0.862,0.885,0.033,0.0,0.033,True,0.5666666666666667,0.6
longbench_v2_proper,spec_casc_tok,0.25,90,90,True,2.191,0.987,1.094,1.091,1.08,0.0,0.0,0.0,True,0.5222222222222223,0.6
longbench_v2_proper,spec_casc_tok_lt,0.15,90,90,True,2.184,1.086,0.999,0.989,0.988,0.011,0.0,0.011,True,0.5555555555555556,0.6
longbench_v2_proper,spec_casc_tok_lt,0.2,90,90,True,2.187,0.994,1.086,1.081,1.063,0.0,0.0,0.0,True,0.5333333333333333,0.6
longbench_v2_proper,spec_casc_tok_lt,0.25,90,90,True,2.22,1.271,0.877,0.854,0.891,0.056,0.0,0.056,False,0.5555555555555556,0.6
longbench_v2_proper,strict,,90,90,True,1.966,1.0,1.0,1.0,1.0,0.0,0.0,0.0,True,0.6,0.6
longbench_v2_qwen3,cactus,0.03,150,150,True,1.569,1.172,1.328,1.288,1.18,0.113,0.027,,False,0.44666666666666666,0.5266666666666666
longbench_v2_qwen3,cactus,0.08,150,150,True,2.174,1.528,1.257,1.221,1.058,0.267,0.027,,False,0.41333333333333333,0.5266666666666666
longbench_v2_qwen3,cactus,0.18,3,150,False,3.299,6.35,0.504,0.495,0.545,0.667,0.0,,False,,0.5266666666666666
longbench_v2_qwen3,cactus,0.35,150,150,True,3.45,2.1,1.248,1.245,0.956,0.567,0.027,,False,0.29333333333333333,0.5266666666666666
longbench_v2_qwen3,mentored_dec,0.15,150,150,True,0.721,0.988,1.032,1.024,1.029,0.033,0.027,,True,0.5,0.5266666666666666
longbench_v2_qwen3,mentored_dec,0.35,3,150,False,0.339,0.868,1.131,1.127,1.102,0.0,0.0,,True,,0.5266666666666666
longbench_v2_qwen3,mentored_dec,0.55,3,150,False,0.379,1.048,0.966,0.961,0.973,0.0,0.0,,True,,0.5266666666666666
longbench_v2_qwen3,mentored_dec,0.75,150,150,True,0.827,1.062,1.025,1.011,1.008,0.047,0.027,,True,0.5133333333333333,0.5266666666666666
longbench_v2_qwen3,r_fuzzy,0.03,150,150,True,0.713,1.047,0.975,0.962,0.971,0.06,0.027,,True,0.48,0.5266666666666666
longbench_v2_qwen3,r_fuzzy,0.08,3,150,False,0.364,1.068,0.94,0.934,0.943,0.0,0.0,,True,,0.5266666666666666
longbench_v2_qwen3,r_fuzzy,0.15,3,150,False,0.407,1.021,1.012,1.006,1.01,0.0,0.0,,True,,0.5266666666666666
longbench_v2_qwen3,r_fuzzy,0.25,150,150,True,0.899,1.08,1.04,1.033,1.014,0.107,0.027,,False,0.44,0.5266666666666666
longbench_v2_qwen3,spec_casc_opt,0.05,150,150,True,1.34,1.16,1.204,1.185,1.11,0.167,0.027,,False,0.36666666666666664,0.5266666666666666
longbench_v2_qwen3,spec_casc_opt,-0.02,3,150,False,0.418,0.958,1.087,1.081,1.07,0.0,0.0,,True,,0.5266666666666666
longbench_v2_qwen3,spec_casc_opt,-0.1,3,150,False,0.377,0.844,1.198,1.192,1.161,0.0,0.0,,True,,0.5266666666666666
longbench_v2_qwen3,spec_casc_opt,-0.3,150,150,True,0.821,1.087,0.997,0.984,0.982,0.073,0.027,,True,0.4666666666666667,0.5266666666666666
longbench_v2_qwen3,spec_casc_tok,0.15,150,150,True,0.721,1.051,0.975,0.963,0.97,0.04,0.027,,True,0.5133333333333333,0.5266666666666666
longbench_v2_qwen3,spec_casc_tok,0.3,12,150,False,0.703,1.062,0.972,0.96,0.766,0.0,0.0,,True,,0.5266666666666666
longbench_v2_qwen3,spec_casc_tok,0.35,3,150,False,0.379,1.047,0.966,0.962,0.968,0.0,0.0,,True,,0.5266666666666666
longbench_v2_qwen3,spec_casc_tok,0.55,3,150,False,0.363,0.973,1.026,1.023,1.017,0.0,0.0,,True,,0.5266666666666666
longbench_v2_qwen3,spec_casc_tok,0.8,150,150,True,0.758,0.996,1.043,1.038,1.033,0.04,0.027,,True,0.49333333333333335,0.5266666666666666
longbench_v2_qwen3,spec_casc_tok_hsr_guard,0.3 (budget10_pct99_k8),12,150,False,0.68,1.069,0.952,0.941,0.823,0.0,0.0,,True,,0.5266666666666666
longbench_v2_qwen3,spec_casc_tok_hsr_guard,0.3 (budget25_pct99.9_k8),12,150,False,0.703,1.062,0.972,0.96,0.765,0.0,0.0,,True,,0.5266666666666666
longbench_v2_qwen3,strict,,150,150,True,0.702,1.0,1.0,1.0,1.0,0.027,0.027,,True,0.5266666666666666,0.5266666666666666
mtbench,cactus,0.03,80,80,True,3.65,1.039,1.46,1.34,1.223,0.025,0.037,0.025,True,,
mtbench,cactus,0.08,3,80,False,4.79,0.454,4.288,4.301,3.245,0.0,0.667,0.0,True,,
mtbench,cactus,0.18,80,80,True,4.441,1.074,1.682,1.517,1.294,0.037,0.037,0.025,True,,
mtbench,cactus,0.35,80,80,True,4.774,1.184,1.61,1.46,1.217,0.062,0.037,0.075,True,,
mtbench,mentored_dec,0.15,80,80,True,2.505,0.999,1.066,1.05,1.052,0.0,0.037,0.0,True,,
mtbench,mentored_dec,0.35,3,80,False,2.745,0.643,1.987,1.965,1.872,0.0,0.667,0.0,True,,
mtbench,mentored_dec,0.55,80,80,True,3.163,1.041,1.24,1.197,1.124,0.037,0.037,0.025,True,,
mtbench,mentored_dec,0.75,80,80,True,3.61,1.098,1.333,1.257,1.149,0.013,0.037,0.013,True,,
mtbench,r_fuzzy,0.03,3,80,False,2.05,0.617,1.658,1.666,1.681,0.0,0.667,0.0,True,,
mtbench,r_fuzzy,0.08,80,80,True,2.604,1.044,1.051,1.034,1.017,0.037,0.037,0.025,True,,
mtbench,r_fuzzy,0.15,80,80,True,3.047,1.074,1.169,1.128,1.077,0.05,0.037,0.025,True,,
mtbench,r_fuzzy,0.25,80,80,True,3.873,1.2,1.32,1.216,1.092,0.037,0.037,0.037,True,,
mtbench,spec_casc_opt,0.05,80,80,True,3.48,1.091,1.319,1.229,1.148,0.025,0.037,0.025,True,,
mtbench,spec_casc_opt,-0.02,3,80,False,3.194,0.65,2.181,2.176,1.935,0.0,0.667,0.0,True,,
mtbench,spec_casc_opt,-0.1,3,80,False,2.865,0.675,1.927,1.931,1.752,0.0,0.667,0.0,True,,
mtbench,spec_casc_opt,-0.3,80,80,True,2.793,0.976,1.188,1.164,1.136,0.0,0.037,0.0,True,,
mtbench,spec_casc_tok,0.15,80,80,True,2.313,0.971,1.021,1.022,1.035,0.037,0.037,0.013,True,,
mtbench,spec_casc_tok,0.35,3,80,False,1.779,0.804,1.136,1.165,1.183,0.333,0.667,0.0,True,,
mtbench,spec_casc_tok,0.55,3,80,False,1.817,0.739,1.27,1.286,1.305,0.0,0.667,0.0,True,,
mtbench,spec_casc_tok,0.8,80,80,True,2.628,0.963,1.143,1.129,1.105,0.013,0.037,0.0,True,,
mtbench,strict,,80,80,True,2.34,1.0,1.0,1.0,1.0,0.037,0.037,0.0,True,,
mtbench_proper,spec_casc_tok,0.15,240,240,True,2.338,0.986,1.024,1.028,1.032,0.021,0.017,0.013,True,,
mtbench_proper,spec_casc_tok,0.2,240,240,True,2.341,1.01,1.002,1.005,1.011,0.017,0.017,0.008,True,,
mtbench_proper,spec_casc_tok,0.25,240,240,True,2.337,0.975,1.038,1.04,1.031,0.021,0.017,0.004,True,,
mtbench_proper,spec_casc_tok_lt,0.15,240,240,True,2.551,1.001,1.079,1.078,1.077,0.021,0.017,0.008,True,,
mtbench_proper,spec_casc_tok_lt,0.2,240,240,True,2.538,0.998,1.087,1.077,1.086,0.021,0.017,0.004,True,,
mtbench_proper,spec_casc_tok_lt,0.25,240,240,True,2.538,0.992,1.095,1.083,1.104,0.008,0.017,0.004,True,,
mtbench_proper,strict,,240,240,True,2.291,1.0,1.0,1.0,1.0,0.017,0.017,0.004,True,,
mtbench_qwen3,cactus,0.03,80,80,True,1.783,1.041,1.197,1.19,1.122,0.163,0.138,,True,,
mtbench_qwen3,cactus,0.08,80,80,True,2.135,1.129,1.249,1.236,1.136,0.2,0.138,,False,,
mtbench_qwen3,cactus,0.18,3,80,False,1.686,0.954,1.438,1.475,1.434,0.0,0.0,,True,,
mtbench_qwen3,cactus,0.35,80,80,True,3.021,1.156,1.566,1.548,1.325,0.325,0.138,,False,,
mtbench_qwen3,mentored_dec,0.15,80,80,True,1.303,1.017,1.016,1.008,1.005,0.163,0.138,,True,,
mtbench_qwen3,mentored_dec,0.35,3,80,False,1.075,1.081,1.006,1.006,1.004,0.0,0.0,,True,,
mtbench_qwen3,mentored_dec,0.55,3,80,False,1.091,1.123,0.971,0.976,0.971,0.0,0.0,,True,,
mtbench_qwen3,mentored_dec,0.75,80,80,True,1.598,1.039,1.12,1.112,1.076,0.212,0.138,,False,,
mtbench_qwen3,r_fuzzy,0.03,80,80,True,1.273,0.996,1.019,1.016,1.017,0.163,0.138,,True,,
mtbench_qwen3,r_fuzzy,0.08,3,80,False,1.04,0.831,1.254,1.286,1.253,0.0,0.0,,True,,
mtbench_qwen3,r_fuzzy,0.15,80,80,True,1.515,1.114,1.013,1.005,0.982,0.225,0.138,,False,,
mtbench_qwen3,r_fuzzy,0.25,80,80,True,1.924,1.124,1.171,1.157,1.092,0.263,0.138,,False,,
mtbench_qwen3,spec_casc_opt,0.05,80,80,True,1.879,1.224,1.064,1.047,0.987,0.275,0.138,,False,,
mtbench_qwen3,spec_casc_opt,-0.02,80,80,True,1.67,1.139,1.055,1.043,1.005,0.225,0.138,,False,,
mtbench_qwen3,spec_casc_opt,-0.1,3,80,False,1.133,1.11,0.994,1.006,0.992,0.0,0.0,,True,,
mtbench_qwen3,spec_casc_opt,-0.3,80,80,True,1.413,1.019,1.056,1.054,1.041,0.15,0.138,,True,,
mtbench_qwen3,spec_casc_tok,0.15,80,80,True,1.27,1.018,0.992,0.993,0.992,0.15,0.138,,True,,
mtbench_qwen3,spec_casc_tok,0.3,12,80,False,1.242,0.99,1.02,1.037,0.728,0.083,0.0,,False,,
mtbench_qwen3,spec_casc_tok,0.35,3,80,False,0.918,1.016,0.991,0.989,0.992,0.0,0.0,,True,,
mtbench_qwen3,spec_casc_tok,0.55,3,80,False,0.973,0.988,1.051,1.046,1.052,0.0,0.0,,True,,
mtbench_qwen3,spec_casc_tok,0.8,80,80,True,1.405,1.038,1.036,1.031,1.015,0.138,0.138,,True,,
mtbench_qwen3,spec_casc_tok_hsr_guard,0.3 (budget10_pct99_k8),12,80,False,1.223,1.085,0.936,0.939,0.762,0.083,0.0,,False,,
mtbench_qwen3,spec_casc_tok_hsr_guard,0.3 (budget25_pct99.9_k8),12,80,False,1.242,0.99,1.02,1.037,0.729,0.083,0.0,,False,,
mtbench_qwen3,strict,,80,80,True,1.247,1.0,1.0,1.0,1.0,0.138,0.138,,True,,
