target,dataset,category,method,alpha,n_pairs,l_bar_relaxed,l_bar_strict,gain,lambda,gain_over_lambda,rounds_ratio,rounds_ratio_ci_lo,rounds_ratio_ci_hi,time_ratio,time_ratio_ci_lo,time_ratio_ci_hi,eq4_predicts_win,rounds_win,time_win,time_loss_beyond_ci,same_node,same_node_pairs
qwen3-8b,speedbench,all,spec_casc_opt,0.05,672,1.84139,1.15524,1.31837,1.39563,0.944638,1.01622,0.977062,1.05838,1.12824,1.08399,1.17364,0,0,0,1,False,93
qwen3-8b,speedbench,coding,spec_casc_opt,0.05,80,1.93746,1.26396,1.29749,1.34817,0.962406,1.0479,0.976984,1.13058,1.161,1.07977,1.25413,0,0,0,1,False,11
qwen3-8b,speedbench,math,spec_casc_opt,0.05,18,2.43916,1.511,1.36964,2.04305,0.67039,1.46507,1.08482,1.94548,1.64315,1.21861,2.19758,0,0,0,1,False,2
qwen3-8b,speedbench,humanities,spec_casc_opt,0.05,8,1.94318,1.02106,1.45626,1.72205,0.845651,1.09388,0.831688,1.35802,1.1921,0.915808,1.46763,0,0,0,0,False,1
qwen3-8b,speedbench,stem,spec_casc_opt,0.05,6,1.66156,1.15279,1.23633,1.06811,1.1575,0.86802,0.79541,0.99462,0.978055,0.889444,1.13576,1,1,1,0,False,1
qwen3-8b,speedbench,writing,spec_casc_opt,0.05,80,1.76351,0.999155,1.38234,1.3716,1.00783,0.974888,0.891003,1.06898,1.08505,0.991376,1.18849,1,1,0,0,False,11
qwen3-8b,speedbench,summarization,spec_casc_opt,0.05,80,1.46792,1.14676,1.1496,0.990146,1.16104,0.863399,0.772448,0.955808,0.930462,0.83313,1.03207,1,1,1,0,False,11
qwen3-8b,speedbench,roleplay,spec_casc_opt,0.05,80,1.4725,0.866182,1.3249,1.46535,0.904149,0.953673,0.794826,1.14472,1.07056,0.897162,1.27516,0,1,0,0,False,12
qwen3-8b,speedbench,rag,spec_casc_opt,0.05,80,1.99743,1.34952,1.27577,1.41459,0.901862,1.03083,0.892577,1.20033,1.15128,0.991867,1.33913,0,0,0,0,False,11
qwen3-8b,speedbench,multilingual,spec_casc_opt,0.05,80,1.88683,1.07997,1.38792,1.56593,0.886322,1.11253,0.994898,1.25453,1.23103,1.09831,1.38842,0,0,0,1,False,11
qwen3-8b,speedbench,reasoning,spec_casc_opt,0.05,80,2.04061,1.27789,1.33483,1.33822,0.997467,0.961639,0.865349,1.07871,1.06956,0.957344,1.20104,0,1,0,0,False,11
qwen3-8b,speedbench,qa,spec_casc_opt,0.05,80,2.03368,1.19201,1.38397,1.28702,1.07533,0.862464,0.757711,0.983314,0.961882,0.844103,1.09777,1,1,1,0,False,11
qwen3-8b,speedbench,all,mentored_dec,0.75,672,1.46753,1.15524,1.1449,1.07073,1.06927,0.929877,0.904046,0.957021,1.01524,0.984297,1.04573,1,1,0,0,False,249
qwen3-8b,speedbench,coding,mentored_dec,0.75,80,1.57682,1.26396,1.13819,1.1257,1.0111,0.980828,0.939867,1.02815,1.07012,1.02129,1.12659,1,1,0,1,False,30
qwen3-8b,speedbench,math,mentored_dec,0.75,18,1.8644,1.511,1.14074,0.998609,1.14233,0.877662,0.762326,1.00203,0.977772,0.852384,1.11896,1,1,1,0,False,4
qwen3-8b,speedbench,humanities,mentored_dec,0.75,8,1.38498,1.02106,1.18006,1.08281,1.08981,0.912899,0.748518,1.14136,1.0089,0.797131,1.28056,1,1,0,0,False,2
qwen3-8b,speedbench,stem,mentored_dec,0.75,6,1.44219,1.15279,1.13443,0.876181,1.29475,0.769545,0.57019,1.00763,0.862801,0.643682,1.14779,1,1,1,0,False,1
qwen3-8b,speedbench,writing,mentored_dec,0.75,80,1.28139,0.999155,1.14118,1.04228,1.09488,0.905024,0.859439,0.953938,0.991326,0.935621,1.04939,1,1,1,0,False,30
qwen3-8b,speedbench,summarization,mentored_dec,0.75,80,1.38357,1.14676,1.11031,0.936685,1.18536,0.847931,0.775868,0.926058,0.907917,0.829755,0.989496,1,1,1,0,False,31
qwen3-8b,speedbench,roleplay,mentored_dec,0.75,80,1.12074,0.866182,1.13641,1.11413,1.02,0.978057,0.899854,1.0646,1.08207,0.996059,1.17442,1,1,0,0,False,30
qwen3-8b,speedbench,rag,mentored_dec,0.75,80,1.67776,1.34952,1.13971,1.02171,1.11548,0.894804,0.832425,0.96426,0.977964,0.905493,1.06307,1,1,1,0,False,30
qwen3-8b,speedbench,multilingual,mentored_dec,0.75,80,1.31165,1.07997,1.11138,0.998531,1.11302,0.902833,0.81353,1.00111,0.979857,0.881067,1.08903,1,1,1,0,False,31
qwen3-8b,speedbench,reasoning,mentored_dec,0.75,80,1.6455,1.27789,1.16138,1.16457,0.997261,0.997282,0.905154,1.10227,1.08658,0.980911,1.2087,0,1,0,0,False,30
qwen3-8b,speedbench,qa,mentored_dec,0.75,80,1.66365,1.19201,1.21516,1.02332,1.18747,0.817614,0.734564,0.906091,0.891076,0.802104,0.986465,1,1,1,0,False,30
qwen3-8b,speedbench,all,cactus,0.35,672,3.10811,1.15524,1.9061,1.34565,1.41649,0.665063,0.6362,0.695442,0.679664,0.649541,0.710895,1,1,1,0,False,0
qwen3-8b,speedbench,coding,cactus,0.35,80,3.10068,1.26396,1.81129,1.31564,1.37674,0.701991,0.644363,0.768016,0.714183,0.655945,0.781119,1,1,1,0,False,0
qwen3-8b,speedbench,math,cactus,0.35,18,2.64637,1.511,1.45216,1.1659,1.24552,0.796454,0.686215,0.920384,0.812869,0.698256,0.939266,1,1,1,0,False,0
qwen3-8b,speedbench,humanities,cactus,0.35,8,3.66171,1.02106,2.30657,1.70724,1.35105,0.718943,0.410497,1.15653,0.743906,0.419681,1.21779,1,1,1,0,False,0
qwen3-8b,speedbench,stem,cactus,0.35,6,3.34968,1.15279,2.02049,1.49055,1.35553,0.697342,0.525367,0.942005,0.721566,0.542264,0.980514,1,1,1,0,False,0
qwen3-8b,speedbench,writing,cactus,0.35,80,3.80939,0.999155,2.40571,1.49523,1.60893,0.589877,0.524848,0.66232,0.604082,0.537972,0.67843,1,1,1,0,False,0
qwen3-8b,speedbench,summarization,cactus,0.35,80,2.59288,1.14676,1.67363,1.26076,1.32747,0.709616,0.613284,0.836233,0.729562,0.632795,0.861989,1,1,1,0,False,0
qwen3-8b,speedbench,roleplay,cactus,0.35,80,3.16984,0.866182,2.23442,2.02233,1.10488,0.816703,0.666561,1.00303,0.838069,0.683625,1.03001,1,1,1,0,False,0
qwen3-8b,speedbench,rag,cactus,0.35,80,2.98186,1.34952,1.69476,1.42863,1.18628,0.743567,0.618241,0.889664,0.764563,0.633721,0.914264,1,1,1,0,False,0
qwen3-8b,speedbench,multilingual,cactus,0.35,80,2.86152,1.07997,1.85652,1.19618,1.55205,0.614928,0.553813,0.685319,0.62712,0.565201,0.701188,1,1,1,0,False,0
qwen3-8b,speedbench,reasoning,cactus,0.35,80,3.0872,1.27789,1.79429,1.29601,1.38447,0.683628,0.605798,0.776665,0.696813,0.616499,0.792729,1,1,1,0,False,0
qwen3-8b,speedbench,qa,cactus,0.35,80,3.29189,1.19201,1.95797,1.18533,1.65183,0.5677,0.484992,0.664595,0.58424,0.499942,0.686222,1,1,1,0,False,0
qwen3-8b,speedbench,all,r_fuzzy,0.25,672,1.76626,1.15524,1.28351,1.19878,1.07068,0.945532,0.90527,0.985391,0.95667,0.916752,0.997859,1,1,1,0,True,672
qwen3-8b,speedbench,coding,r_fuzzy,0.25,80,1.81005,1.26396,1.24121,1.3479,0.920848,1.0863,0.999481,1.1864,1.10124,1.00964,1.20458,0,0,0,1,True,80
qwen3-8b,speedbench,math,r_fuzzy,0.25,18,2.23157,1.511,1.28697,1.38697,0.9279,1.09812,0.901093,1.29918,1.11329,0.915316,1.31802,0,0,0,0,True,18
qwen3-8b,speedbench,humanities,r_fuzzy,0.25,8,1.64338,1.02106,1.30792,1.11684,1.17108,0.849833,0.684521,1.04212,0.861035,0.682987,1.071,1,1,1,0,True,8
qwen3-8b,speedbench,stem,r_fuzzy,0.25,6,1.7499,1.15279,1.27737,0.964212,1.32478,0.75586,0.656031,0.91354,0.768048,0.661709,0.930139,1,1,1,0,True,6
qwen3-8b,speedbench,writing,r_fuzzy,0.25,80,1.61809,0.999155,1.3096,1.0122,1.29381,0.783842,0.710306,0.860167,0.791072,0.718154,0.868933,1,1,1,0,True,80
qwen3-8b,speedbench,summarization,r_fuzzy,0.25,80,1.73035,1.14676,1.27184,0.961416,1.32289,0.76908,0.681817,0.861454,0.779405,0.689058,0.874751,1,1,1,0,True,80
qwen3-8b,speedbench,roleplay,r_fuzzy,0.25,80,1.48439,0.866182,1.33127,1.25345,1.06208,0.939781,0.854242,1.03521,0.948032,0.861566,1.03937,1,1,1,0,True,80
qwen3-8b,speedbench,rag,r_fuzzy,0.25,80,2.00901,1.34952,1.28069,1.13399,1.12937,0.889899,0.737431,1.0659,0.900493,0.745535,1.08438,1,1,1,0,True,80
qwen3-8b,speedbench,multilingual,r_fuzzy,0.25,80,1.41805,1.07997,1.16254,1.16782,0.995479,0.980207,0.870969,1.1059,0.990277,0.880879,1.11812,0,1,1,0,True,80
qwen3-8b,speedbench,reasoning,r_fuzzy,0.25,80,1.97205,1.27789,1.30474,1.3058,0.999186,1.00849,0.911158,1.12529,1.01934,0.917545,1.14248,0,0,0,0,True,80
qwen3-8b,speedbench,qa,r_fuzzy,0.25,80,1.99694,1.19201,1.36721,1.02308,1.33636,0.751684,0.667536,0.840745,0.758898,0.677882,0.847507,1,1,1,0,True,80
qwen3-8b,speedbench,all,spec_casc_tok,0.8,672,1.27088,1.15524,1.05366,1.00847,1.04481,0.951026,0.926723,0.977232,0.950175,0.924626,0.977145,1,1,1,0,False,632
qwen3-8b,speedbench,coding,spec_casc_tok,0.8,80,1.4054,1.26396,1.06248,1.03387,1.02766,0.966523,0.92338,1.01481,0.965753,0.919738,1.01439,1,1,1,0,False,75
qwen3-8b,speedbench,math,spec_casc_tok,0.8,18,1.65827,1.511,1.05865,0.939812,1.12645,0.905979,0.756244,1.06878,0.905471,0.756108,1.07064,1,1,1,0,True,18
qwen3-8b,speedbench,humanities,spec_casc_tok,0.8,8,1.13433,1.02106,1.05605,0.913718,1.15577,0.875297,0.783073,0.966927,0.874867,0.783685,0.967338,1,1,1,0,False,7
qwen3-8b,speedbench,stem,spec_casc_tok,0.8,6,1.28592,1.15279,1.06184,0.854634,1.24245,0.803209,0.674212,0.968062,0.800853,0.673849,0.965689,1,1,1,0,True,6
qwen3-8b,speedbench,writing,spec_casc_tok,0.8,80,1.08885,0.999155,1.04487,1.0063,1.03833,0.958646,0.910172,1.01051,0.957394,0.910328,1.00976,1,1,1,0,False,75
qwen3-8b,speedbench,summarization,spec_casc_tok,0.8,80,1.24818,1.14676,1.04724,0.892226,1.17374,0.858012,0.787394,0.933023,0.858556,0.787849,0.930485,1,1,1,0,False,75
qwen3-8b,speedbench,roleplay,spec_casc_tok,0.8,80,0.929249,0.866182,1.03379,1.05882,0.976369,1.02293,0.965484,1.0829,1.02169,0.965067,1.08126,0,0,0,0,False,76
qwen3-8b,speedbench,rag,spec_casc_tok,0.8,80,1.43836,1.34952,1.03782,0.981705,1.05716,0.940008,0.846148,1.04716,0.938471,0.847347,1.04625,1,1,1,0,False,75
qwen3-8b,speedbench,multilingual,spec_casc_tok,0.8,80,1.1706,1.07997,1.04357,1.00662,1.03671,0.969512,0.888093,1.06053,0.968427,0.887766,1.05643,1,1,1,0,False,75
qwen3-8b,speedbench,reasoning,spec_casc_tok,0.8,80,1.42438,1.27789,1.06431,1.02181,1.04159,0.95235,0.880241,1.03642,0.951316,0.875256,1.03604,1,1,1,0,False,75
qwen3-8b,speedbench,qa,spec_casc_tok,0.8,80,1.38739,1.19201,1.08913,1.00225,1.08669,0.892329,0.795248,0.999516,0.892102,0.794866,0.998902,1,1,1,0,False,75
