target,drafter,drafter_family,spec_method,sampler_path,dataset,method,alpha,beta,setting,l_bar_target,n_pairs,l_bar,l_bar_strict,mean_tokens,mean_tokens_strict,lambda,rounds_ratio,time_ratio,accuracy,accuracy_strict,capout_rate,capout_rate_strict,time_per_round_ratio,nodes,nodes_strict,same_node_pairs,same_node,lambda_ci_lo,lambda_ci_hi,rounds_ratio_ci_lo,rounds_ratio_ci_hi,time_ratio_ci_lo,time_ratio_ci_hi,time_ratio_same_node
deepseek-ai/DeepSeek-R1-Distill-Llama-8B,yuhuili/EAGLE3-DeepSeek-R1-Distill-LLaMA-8B,eagle3,eagle3,V2 accept-test-only,longbench_v2_r1llama,mentored_dec,0.75,,low+mid+high,0.827/2.230/3.634,150,0.0470137,0.0333954,1973.49,1911.35,1.03251,1.01269,1.01435,0.353333,0.293333,0.0133333,0.04,1.00164,kn173:147+kn174:3,kn171,0,False,0.940952,1.13395,0.924487,1.10952,0.929642,1.11052,
deepseek-ai/DeepSeek-R1-Distill-Llama-8B,yuhuili/EAGLE3-DeepSeek-R1-Distill-LLaMA-8B,eagle3,eagle3,V2 accept-test-only,longbench_v2_r1llama,mentored_dec,0.15,,extra,,150,0.0339679,0.0333954,1982.35,1911.35,1.03715,1.03646,1.04582,0.34,0.293333,0.06,0.04,1.00903,kn175:147+kn173:3,kn171,0,False,0.964486,1.11085,0.966085,1.10998,0.975693,1.12044,
deepseek-ai/DeepSeek-R1-Distill-Llama-8B,yuhuili/EAGLE3-DeepSeek-R1-Distill-LLaMA-8B,eagle3,eagle3,V2 accept-test-only,longbench_v2_r1llama,cactus,0.03,,low+mid,0.827/2.230,150,2.7984,0.0333954,7413.15,1911.35,3.8785,1.07241,1.08205,0.26,0.293333,0.853333,0.04,1.00899,kn175:147+kn172:3,kn171,0,False,3.32042,4.57772,0.915009,1.27313,0.92706,1.27496,
deepseek-ai/DeepSeek-R1-Distill-Llama-8B,yuhuili/EAGLE3-DeepSeek-R1-Distill-LLaMA-8B,eagle3,eagle3,V2 accept-test-only,longbench_v2_r1llama,cactus,0.08,,high,3.634,150,3.37409,0.0333954,7641.32,1911.35,3.99787,0.993446,1.007,0.286667,0.293333,0.88,0.04,1.01365,kn174:147+kn176:3,kn171,0,False,3.42641,4.74439,0.844489,1.1756,0.860768,1.18689,
deepseek-ai/DeepSeek-R1-Distill-Llama-8B,yuhuili/EAGLE3-DeepSeek-R1-Distill-LLaMA-8B,eagle3,eagle3,V2 accept-test-only,longbench_v2_r1llama,cactus,0.35,,extra,,150,4.03781,0.0333954,7712.52,1911.35,4.03512,0.855669,0.870145,0.226667,0.293333,0.873333,0.04,1.01692,kn173:147+kn172:3,kn171,0,False,3.45111,4.79855,0.72924,1.01702,0.747936,1.02422,
deepseek-ai/DeepSeek-R1-Distill-Llama-8B,yuhuili/EAGLE3-DeepSeek-R1-Distill-LLaMA-8B,eagle3,eagle3,V2 accept-test-only,longbench_v2_r1llama,spec_casc_opt,0.05,,low+mid+high,0.827/2.230/3.634,150,0.433725,0.0333954,2352.44,1911.35,1.23078,0.832135,0.842161,0.326667,0.293333,0.06,0.04,1.01205,kn174:147+kn175:3,kn171,0,False,1.09042,1.39219,0.754597,0.923951,0.766589,0.932361,
deepseek-ai/DeepSeek-R1-Distill-Llama-8B,yuhuili/EAGLE3-DeepSeek-R1-Distill-LLaMA-8B,eagle3,eagle3,V2 accept-test-only,longbench_v2_r1llama,spec_casc_opt,-0.3,,extra,,150,0.0708771,0.0333954,1814.95,1911.35,0.949564,0.91366,0.917502,0.32,0.293333,0.04,0.04,1.00421,kn169:132+kn171:15+kn172:3,kn171,15,False,0.859473,1.04603,0.829363,1.00214,0.834229,1.00637,0.870157
deepseek-ai/DeepSeek-R1-Distill-Llama-8B,yuhuili/EAGLE3-DeepSeek-R1-Distill-LLaMA-8B,eagle3,eagle3,V2 accept-test-only,longbench_v2_r1llama,r_fuzzy,0.03,,low+mid+high,0.827/2.230/3.634,150,0.0335571,0.0333954,1890.67,1911.35,0.98918,0.989577,0.993769,0.286667,0.293333,0.0266667,0.04,1.00424,kn171:147+kn173:3,kn171,147,False,0.970687,1.00546,0.97165,1.00591,0.976017,1.01011,0.993832
deepseek-ai/DeepSeek-R1-Distill-Llama-8B,yuhuili/EAGLE3-DeepSeek-R1-Distill-LLaMA-8B,eagle3,eagle3,V2 accept-test-only,longbench_v2_r1llama,r_fuzzy,0.25,,extra,,150,0.0374137,0.0333954,1935.47,1911.35,1.01262,1.00862,1.0115,0.346667,0.293333,0.0333333,0.04,1.00286,kn173:147+kn175:3,kn171,0,False,0.922459,1.11359,0.920468,1.11004,0.924399,1.10793,
deepseek-ai/DeepSeek-R1-Distill-Llama-8B,yuhuili/EAGLE3-DeepSeek-R1-Distill-LLaMA-8B,eagle3,eagle3,V2 accept-test-only,longbench_v2_r1llama,spec_casc_tok,0.15,,low+mid+high,0.827/2.230/3.634,150,0.033497,0.0333954,1935.79,1911.35,1.01279,1.01226,1.0224,0.32,0.293333,0.0666667,0.04,1.01002,kn169:147+kn175:3,kn171,0,False,0.956056,1.07102,0.958099,1.07006,0.966575,1.07985,
deepseek-ai/DeepSeek-R1-Distill-Llama-8B,yuhuili/EAGLE3-DeepSeek-R1-Distill-LLaMA-8B,eagle3,eagle3,V2 accept-test-only,longbench_v2_r1llama,spec_casc_tok,0.8,,extra,,150,0.0341386,0.0333954,1953.75,1911.35,1.02219,1.02137,1.02107,0.32,0.293333,0.0266667,0.04,0.999713,kn173:143+kn175:7,kn171,0,False,0.953643,1.0957,0.953765,1.09471,0.954634,1.09351,
deepseek-ai/DeepSeek-R1-Distill-Llama-8B,yuhuili/EAGLE3-DeepSeek-R1-Distill-LLaMA-8B,eagle3,eagle3,V2 accept-test-only,humaneval_r1llama,mentored_dec,0.15,,low,1.947,150,1.96989,1.89098,3964.98,3739.03,1.06043,1.05371,1.06259,0.826667,0.86,0.1,0.0666667,1.00843,kn169:147+kn173:3,kn175,0,False,0.990051,1.139,0.946625,1.17764,0.954612,1.18721,
deepseek-ai/DeepSeek-R1-Distill-Llama-8B,yuhuili/EAGLE3-DeepSeek-R1-Distill-LLaMA-8B,eagle3,eagle3,V2 accept-test-only,humaneval_r1llama,mentored_dec,0.55,,mid+high,3.006/4.065,150,2.29778,1.89098,4053.07,3739.03,1.08399,1.01098,1.03107,0.84,0.86,0.106667,0.0666667,1.01987,kn171:88+kn177:59+kn173:3,kn175,0,False,1.0126,1.16069,0.905219,1.13176,0.922874,1.15224,
deepseek-ai/DeepSeek-R1-Distill-Llama-8B,yuhuili/EAGLE3-DeepSeek-R1-Distill-LLaMA-8B,eagle3,eagle3,V2 accept-test-only,humaneval_r1llama,mentored_dec,0.75,,extra,,150,2.24575,1.89098,4509.32,3739.03,1.20601,1.11795,1.1282,0.82,0.86,0.1,0.0666667,1.00916,kn173,kn175,0,False,1.11893,1.30186,0.992443,1.26235,0.999633,1.27905,
deepseek-ai/DeepSeek-R1-Distill-Llama-8B,yuhuili/EAGLE3-DeepSeek-R1-Distill-LLaMA-8B,eagle3,eagle3,V2 accept-test-only,humaneval_r1llama,cactus,0.03,,low,1.947,150,2.51603,1.89098,6677.49,3739.03,1.78589,1.20096,1.22134,0.246667,0.86,0.64,0.0666667,1.01697,kn174,kn175,0,False,1.64242,1.95164,1.05632,1.38202,1.07593,1.40937,
deepseek-ai/DeepSeek-R1-Distill-Llama-8B,yuhuili/EAGLE3-DeepSeek-R1-Distill-LLaMA-8B,eagle3,eagle3,V2 accept-test-only,humaneval_r1llama,cactus,0.08,,mid,3.006,150,3.07479,1.89098,6951.69,3739.03,1.85922,1.04559,1.07803,0.206667,0.86,0.706667,0.0666667,1.03102,kn177:147+kn173:3,kn175,0,False,1.70445,2.04011,0.910676,1.20825,0.937598,1.24993,
deepseek-ai/DeepSeek-R1-Distill-Llama-8B,yuhuili/EAGLE3-DeepSeek-R1-Distill-LLaMA-8B,eagle3,eagle3,V2 accept-test-only,humaneval_r1llama,cactus,0.18,,high,4.065,150,3.60125,1.89098,7370.21,3739.03,1.97115,0.953338,0.96313,0.16,0.86,0.773333,0.0666667,1.01027,kn174:147+kn173:3,kn175,0,False,1.80816,2.16106,0.831745,1.1018,0.837736,1.11722,
deepseek-ai/DeepSeek-R1-Distill-Llama-8B,yuhuili/EAGLE3-DeepSeek-R1-Distill-LLaMA-8B,eagle3,eagle3,V2 accept-test-only,humaneval_r1llama,spec_casc_opt,-0.1,,low,1.947,150,2.19251,1.89098,4210.71,3739.03,1.12615,1.00444,1.03084,0.793333,0.86,0.106667,0.0666667,1.02628,kn169:123+kn176:24+kn173:3,kn175,0,False,1.05419,1.20436,0.910997,1.10882,0.936009,1.14364,
deepseek-ai/DeepSeek-R1-Distill-Llama-8B,yuhuili/EAGLE3-DeepSeek-R1-Distill-LLaMA-8B,eagle3,eagle3,V2 accept-test-only,humaneval_r1llama,spec_casc_opt,0.05,,mid+high,3.006/4.065,150,2.32373,1.89098,4785.31,3739.03,1.27983,1.00561,1.00996,0.593333,0.86,0.206667,0.0666667,1.00433,kn173:147+kn174:3,kn175,0,False,1.18395,1.38624,0.896513,1.13626,0.899918,1.14594,
deepseek-ai/DeepSeek-R1-Distill-Llama-8B,yuhuili/EAGLE3-DeepSeek-R1-Distill-LLaMA-8B,eagle3,eagle3,V2 accept-test-only,humaneval_r1llama,spec_casc_opt,-0.3,,extra,,150,2.15747,1.89098,3936.95,3739.03,1.05293,0.997861,1.03241,0.806667,0.86,0.0733333,0.0666667,1.03462,kn175:147+kn171:3,kn175,147,False,0.981163,1.1357,0.889205,1.12438,0.917256,1.16086,1.05086
deepseek-ai/DeepSeek-R1-Distill-Llama-8B,yuhuili/EAGLE3-DeepSeek-R1-Distill-LLaMA-8B,eagle3,eagle3,V2 accept-test-only,humaneval_r1llama,r_fuzzy,0.08,,low,1.947,150,1.79903,1.89098,4462.29,3739.03,1.19343,1.21554,1.2495,0.513333,0.86,0.08,0.0666667,1.02793,kn175:81+kn171:69,kn175,81,False,1.12095,1.27263,1.10493,1.34873,1.13345,1.38457,1.27517
deepseek-ai/DeepSeek-R1-Distill-Llama-8B,yuhuili/EAGLE3-DeepSeek-R1-Distill-LLaMA-8B,eagle3,eagle3,V2 accept-test-only,humaneval_r1llama,r_fuzzy,0.25,,mid+high,3.006/4.065,150,1.70214,1.89098,6098.64,3739.03,1.63107,1.62954,1.64345,0.173333,0.86,0.166667,0.0666667,1.00853,kn173:147+kn171:3,kn175,0,False,1.50845,1.7701,1.44599,1.86074,1.45564,1.88181,
deepseek-ai/DeepSeek-R1-Distill-Llama-8B,yuhuili/EAGLE3-DeepSeek-R1-Distill-LLaMA-8B,eagle3,eagle3,V2 accept-test-only,humaneval_r1llama,r_fuzzy,0.03,,extra,,150,1.83723,1.89098,4090.05,3739.03,1.09388,1.1093,1.13236,0.706667,0.86,0.0866667,0.0666667,1.02079,kn176:147+kn173:3,kn175,0,False,1.02496,1.17051,1.00218,1.23131,1.02127,1.25937,
deepseek-ai/DeepSeek-R1-Distill-Llama-8B,yuhuili/EAGLE3-DeepSeek-R1-Distill-LLaMA-8B,eagle3,eagle3,V2 accept-test-only,humaneval_r1llama,spec_casc_tok,0.8,,low,1.947,150,2.15934,1.89098,3818.71,3739.03,1.02131,0.973979,0.996875,0.806667,0.86,0.1,0.0666667,1.02351,kn173,kn175,0,False,0.953709,1.09302,0.872342,1.08836,0.890491,1.11554,
deepseek-ai/DeepSeek-R1-Distill-Llama-8B,yuhuili/EAGLE3-DeepSeek-R1-Distill-LLaMA-8B,eagle3,eagle3,V2 accept-test-only,humaneval_r1llama,spec_casc_tok,0.55,,mid+high,3.006/4.065,150,2.06636,1.89098,3683.53,3739.03,0.985157,0.978624,0.986036,0.833333,0.86,0.0666667,0.0666667,1.00757,kn173,kn175,0,False,0.906431,1.06693,0.863112,1.10399,0.866583,1.11611,
deepseek-ai/DeepSeek-R1-Distill-Llama-8B,yuhuili/EAGLE3-DeepSeek-R1-Distill-LLaMA-8B,eagle3,eagle3,V2 accept-test-only,humaneval_r1llama,spec_casc_tok,0.15,,extra,,150,1.96789,1.89098,3637.33,3739.03,0.972799,0.96407,0.987706,0.873333,0.86,0.0866667,0.0666667,1.02452,kn174:147+kn175:3,kn175,3,False,0.907279,1.04172,0.862036,1.0803,0.880326,1.10656,
