target,drafter,drafter_family,spec_method,sampler_path,dataset,method,alpha,beta,setting,n_pairs,l_bar,l_bar_strict,mean_tokens,mean_tokens_strict,lambda,rounds_ratio,time_ratio,accuracy,accuracy_strict,capout_rate,capout_rate_strict,time_per_round_ratio,nodes,nodes_strict,same_node_pairs,same_node,lambda_ci_lo,lambda_ci_hi,rounds_ratio_ci_lo,rounds_ratio_ci_hi,time_ratio_ci_lo,time_ratio_ci_hi
meta-llama/Llama-3.1-8B-Instruct,meta-llama/Llama-3.2-1B-Instruct,draft_model,draft_model,V1 full patches,gsm8k_llama31,mentored_dec,0.75,,loosest,150,5.17219,4.03782,230.433,268.867,0.857054,0.675672,0.664179,0.746667,0.78,0,0.0133333,0.982989,kn174,kn173,0,False,0.717364,1.02774,0.566432,0.805357,0.559305,0.788987
meta-llama/Llama-3.1-8B-Instruct,meta-llama/Llama-3.2-1B-Instruct,draft_model,draft_model,V1 full patches,gsm8k_llama31,cactus,0.35,,loosest,150,5.45662,4.03782,388.153,268.867,1.44366,1.05546,1.02692,0.6,0.78,0.0666667,0.0133333,0.972954,kn175,kn173,0,False,1.1337,1.81677,0.834594,1.31606,0.816117,1.28126
meta-llama/Llama-3.1-8B-Instruct,meta-llama/Llama-3.2-1B-Instruct,draft_model,draft_model,V1 full patches,gsm8k_llama31,spec_casc_opt,0.05,,loosest,150,4.85933,4.03782,217.707,268.867,0.80972,0.67603,0.673828,0.72,0.78,0,0.0133333,0.996743,kn175,kn173,0,False,0.694896,0.932484,0.575773,0.792086,0.571761,0.784596
meta-llama/Llama-3.1-8B-Instruct,meta-llama/Llama-3.2-1B-Instruct,draft_model,draft_model,V1 full patches,gsm8k_llama31,r_fuzzy,0.25,,loosest,150,5.4603,4.03782,313.247,268.867,1.16506,0.860271,0.840602,0.606667,0.78,0.0333333,0.0133333,0.977136,kn176,kn173,0,False,0.917817,1.46702,0.678495,1.07631,0.666284,1.05083
meta-llama/Llama-3.1-8B-Instruct,meta-llama/Llama-3.2-1B-Instruct,draft_model,draft_model,V1 full patches,gsm8k_llama31,spec_casc_tok,0.8,,loosest,150,4.51143,4.03782,222.353,268.867,0.827002,0.741728,0.729159,0.86,0.78,0,0.0133333,0.983054,kn176,kn173,0,False,0.735471,0.925336,0.658657,0.835297,0.647888,0.820345
meta-llama/Llama-3.1-8B-Instruct,meta-llama/Llama-3.2-1B-Instruct,draft_model,draft_model,V1 full patches,livecodebench_llama31,mentored_dec,0.75,,loosest,90,5.04697,3.481,769.078,763.6,1.00717,0.741304,0.725649,0.0666667,0.155556,0,0,0.978882,kn174,kn173,0,False,0.770212,1.27683,0.579804,0.917024,0.568376,0.902485
meta-llama/Llama-3.1-8B-Instruct,meta-llama/Llama-3.2-1B-Instruct,draft_model,draft_model,V1 full patches,livecodebench_llama31,cactus,0.35,,loosest,90,5.48064,3.481,1135.48,763.6,1.48701,1.0124,0.997528,0.0111111,0.155556,0,0,0.98531,kn175,kn173,0,False,1.06081,2.03805,0.736724,1.34698,0.724124,1.32638
meta-llama/Llama-3.1-8B-Instruct,meta-llama/Llama-3.2-1B-Instruct,draft_model,draft_model,V1 full patches,livecodebench_llama31,spec_casc_opt,0.05,,loosest,90,4.72094,3.481,692.056,763.6,0.906306,0.706128,0.711394,0.133333,0.155556,0,0,1.00746,kn175,kn173,0,False,0.705901,1.12076,0.558781,0.855983,0.566416,0.860472
meta-llama/Llama-3.1-8B-Instruct,meta-llama/Llama-3.2-1B-Instruct,draft_model,draft_model,V1 full patches,livecodebench_llama31,r_fuzzy,0.25,,loosest,90,5.48116,3.481,1042.91,763.6,1.36578,0.932193,0.923559,0.0111111,0.155556,0,0,0.990737,kn176,kn173,0,False,1.05482,1.74089,0.734213,1.16409,0.72861,1.15361
meta-llama/Llama-3.1-8B-Instruct,meta-llama/Llama-3.2-1B-Instruct,draft_model,draft_model,V1 full patches,livecodebench_llama31,spec_casc_tok,0.8,,loosest,90,4.13404,3.481,601.478,763.6,0.787687,0.693467,0.686835,0.222222,0.155556,0,0,0.990436,kn176,kn173,0,False,0.619742,0.944812,0.556566,0.819438,0.552378,0.810648
