target,drafter,drafter_family,spec_method,sampler_path,dataset,method,alpha,beta,setting,l_bar_target,n_pairs,l_bar,l_bar_strict,mean_tokens,mean_tokens_strict,lambda,rounds_ratio,time_ratio,accuracy,accuracy_strict,capout_rate,capout_rate_strict,time_per_round_ratio,nodes,nodes_strict,same_node_pairs,same_node,time_ratio_same_node,lambda_ci_lo,lambda_ci_hi,rounds_ratio_ci_lo,rounds_ratio_ci_hi,time_ratio_ci_lo,time_ratio_ci_hi
Qwen/Qwen3-8B,deepseek-ai/dspark_qwen3_8b_block7,dspark,dspark,V2 accept-test-only,aime24_qwen3,mentored_dec,0.35,,low,2.797,30,2.96738,2.50879,18927,19550.5,0.968107,0.847295,0.844988,0.733333,0.7,0.2,0.2,0.997277,kn176:27+kn173:3,kn176,27,False,0.825156,0.857639,1.09093,0.74565,0.964689,0.737487,0.97111
Qwen/Qwen3-8B,deepseek-ai/dspark_qwen3_8b_block7,dspark,dspark,V2 accept-test-only,aime24_qwen3,mentored_dec,0.75,,mid+high,3.408/4.019,30,3.3839,2.50879,22087.3,19550.5,1.12975,0.896014,0.900998,0.633333,0.7,0.333333,0.2,1.00556,kn175:27+kn171:3,kn176,0,False,,1.01071,1.26631,0.795909,1.02075,0.792047,1.03944
Qwen/Qwen3-8B,deepseek-ai/dspark_qwen3_8b_block7,dspark,dspark,V2 accept-test-only,aime24_qwen3,mentored_dec,0.15,,extra,,30,2.74264,2.50879,18650.2,19550.5,0.953948,0.89746,0.899539,0.7,0.7,0.166667,0.2,1.00232,kn173:29+kn172:1,kn176,0,False,,0.851563,1.05364,0.796946,0.992943,0.793985,1.00132
Qwen/Qwen3-8B,deepseek-ai/dspark_qwen3_8b_block7,dspark,dspark,V2 accept-test-only,aime24_qwen3,cactus,0.03,,low,2.797,30,2.89478,2.50879,19311.1,19550.5,0.987755,0.887465,0.88674,0.7,0.7,0.2,0.2,0.999182,kn171:27+kn173:3,kn176,0,False,,0.914736,1.06756,0.817972,0.962835,0.812748,0.965194
Qwen/Qwen3-8B,deepseek-ai/dspark_qwen3_8b_block7,dspark,dspark,V2 accept-test-only,aime24_qwen3,cactus,0.35,,mid+high,3.408/4.019,30,3.47377,2.50879,21270.8,19550.5,1.08799,0.843963,0.844623,0.7,0.7,0.2,0.2,1.00078,kn171:27+kn175:3,kn176,0,False,,0.943976,1.26377,0.722522,1.00014,0.719554,1.00523
Qwen/Qwen3-8B,deepseek-ai/dspark_qwen3_8b_block7,dspark,dspark,V2 accept-test-only,aime24_qwen3,spec_casc_opt,-0.3,,low,2.797,30,3.20066,2.50879,20507,19550.5,1.04892,0.868823,0.876469,0.666667,0.7,0.233333,0.2,1.0088,kn169:27+kn171:3,kn176,0,False,,0.932609,1.18505,0.766221,0.995868,0.767045,1.00976
Qwen/Qwen3-8B,deepseek-ai/dspark_qwen3_8b_block7,dspark,dspark,V2 accept-test-only,aime24_qwen3,spec_casc_opt,-0.1,,mid,3.408,30,3.49342,2.50879,23966.8,19550.5,1.22589,0.938863,0.95185,0.566667,0.7,0.4,0.2,1.01383,kn171:27+kn172:3,kn176,0,False,,1.07687,1.41406,0.817822,1.09616,0.81961,1.12295
Qwen/Qwen3-8B,deepseek-ai/dspark_qwen3_8b_block7,dspark,dspark,V2 accept-test-only,aime24_qwen3,spec_casc_opt,0.05,,high,4.019,30,4.21524,2.50879,29686.7,19550.5,1.51846,0.994968,1.01446,0.366667,0.7,0.7,0.2,1.01959,kn173:27+kn176:3,kn176,3,False,,1.31994,1.78384,0.852914,1.19292,0.859159,1.22316
Qwen/Qwen3-8B,deepseek-ai/dspark_qwen3_8b_block7,dspark,dspark,V2 accept-test-only,aime24_qwen3,r_fuzzy,0.15,,low,2.797,30,2.88496,2.50879,22643.8,19550.5,1.15822,1.03556,1.04549,0.633333,0.7,0.333333,0.2,1.00958,kn175:27+kn172:3,kn176,0,False,,1.02642,1.32253,0.910286,1.19884,0.910594,1.21831
Qwen/Qwen3-8B,deepseek-ai/dspark_qwen3_8b_block7,dspark,dspark,V2 accept-test-only,aime24_qwen3,r_fuzzy,0.25,,mid+high,3.408/4.019,30,3.31443,2.50879,23542,19550.5,1.20416,0.961802,0.966544,0.6,0.7,0.233333,0.2,1.00493,kn175:27+kn174:3,kn176,0,False,,1.06002,1.38314,0.841597,1.12542,0.835743,1.14544
Qwen/Qwen3-8B,deepseek-ai/dspark_qwen3_8b_block7,dspark,dspark,V2 accept-test-only,aime24_qwen3,r_fuzzy,0.03,,extra,,30,2.58631,2.50879,20008.3,19550.5,1.02342,0.996443,1.00157,0.666667,0.7,0.2,0.2,1.00514,kn175:27+kn174:3,kn176,0,False,,0.900364,1.15695,0.872908,1.14147,0.867524,1.15982
Qwen/Qwen3-8B,deepseek-ai/dspark_qwen3_8b_block7,dspark,dspark,V2 accept-test-only,aime24_qwen3,spec_casc_tok,0.35,,low,2.797,30,2.79803,2.50879,20184,19550.5,1.0324,0.95168,0.955588,0.7,0.7,0.2,0.2,1.00411,kn173:27+kn172:3,kn176,0,False,,0.905987,1.19444,0.82679,1.10886,0.820188,1.12657
Qwen/Qwen3-8B,deepseek-ai/dspark_qwen3_8b_block7,dspark,dspark,V2 accept-test-only,aime24_qwen3,spec_casc_tok,0.8,,mid+high,3.408/4.019,30,3.08867,2.50879,21451.7,19550.5,1.09724,0.932344,0.937248,0.666667,0.7,0.266667,0.2,1.00526,kn174:27+kn173:3,kn176,0,False,,0.996233,1.22885,0.841122,1.05647,0.839933,1.07161
Qwen/Qwen3-8B,deepseek-ai/dspark_qwen3_8b_block7,dspark,dspark,V2 accept-test-only,aime24_qwen3,spec_casc_tok,0.15,,extra,,30,2.75895,2.50879,18404.2,19550.5,0.941364,0.870998,0.866051,0.8,0.7,0.1,0.2,0.99432,kn172:27+kn171:3,kn176,0,False,,0.859085,1.02578,0.794353,0.954014,0.786848,0.955039
Qwen/Qwen3-8B,deepseek-ai/dspark_qwen3_8b_block7,dspark,dspark,V2 accept-test-only,longbench_v2_qwen3,mentored_dec,0.55,,low,1.759,150,2.32888,1.88251,2808.86,2947.96,0.952815,0.821172,0.838013,0.5,0.473333,0.0333333,0.04,1.02051,kn175:147+kn173:3,kn175,147,False,0.834439,0.889708,1.01792,0.768169,0.878497,0.788363,0.891586
Qwen/Qwen3-8B,deepseek-ai/dspark_qwen3_8b_block7,dspark,dspark,V2 accept-test-only,longbench_v2_qwen3,mentored_dec,0.35,,mid+high,2.228/2.697,150,2.18064,1.88251,2937.43,2947.96,0.996429,0.892399,0.899273,0.5,0.473333,0.0466667,0.04,1.0077,kn171:147+kn175:3,kn175,3,False,,0.933458,1.06297,0.835196,0.952422,0.848194,0.954096
Qwen/Qwen3-8B,deepseek-ai/dspark_qwen3_8b_block7,dspark,dspark,V2 accept-test-only,longbench_v2_qwen3,mentored_dec,0.15,,extra,,150,2.03759,1.88251,2914.55,2947.96,0.988666,0.930719,0.950047,0.466667,0.473333,0.0266667,0.04,1.02077,kn175:147+kn174:3,kn175,147,False,0.946414,0.925271,1.05461,0.870918,0.991134,0.894759,1.00732
Qwen/Qwen3-8B,deepseek-ai/dspark_qwen3_8b_block7,dspark,dspark,V2 accept-test-only,longbench_v2_qwen3,cactus,0.08,,low,1.759,150,2.34946,1.88251,3043.37,2947.96,1.03237,0.87809,0.905815,0.533333,0.473333,0.0266667,0.04,1.03157,kn169:147+kn172:3,kn175,0,False,,0.967546,1.10095,0.82155,0.941787,0.851174,0.965308
Qwen/Qwen3-8B,deepseek-ai/dspark_qwen3_8b_block7,dspark,dspark,V2 accept-test-only,longbench_v2_qwen3,cactus,0.35,,mid+high,2.228/2.697,150,2.72776,1.88251,2869.45,2947.96,0.973369,0.742223,0.7696,0.466667,0.473333,0.0466667,0.04,1.03688,kn175:84+kn176:63+kn169:3,kn175,84,False,0.743496,0.901959,1.05231,0.685972,0.802434,0.716086,0.825618
Qwen/Qwen3-8B,deepseek-ai/dspark_qwen3_8b_block7,dspark,dspark,V2 accept-test-only,longbench_v2_qwen3,cactus,0.03,,extra,,150,2.15428,1.88251,2986.07,2947.96,1.01293,0.917664,0.925535,0.506667,0.473333,0.0466667,0.04,1.00858,kn175:147+kn169:3,kn175,147,False,0.922878,0.937278,1.09463,0.847811,0.992808,0.86276,0.996835
Qwen/Qwen3-8B,deepseek-ai/dspark_qwen3_8b_block7,dspark,dspark,V2 accept-test-only,longbench_v2_qwen3,spec_casc_opt,-0.3,,low,1.759,150,2.37165,1.88251,2983.37,2947.96,1.01201,0.843336,0.857156,0.44,0.473333,0.0733333,0.04,1.01639,kn175:147+kn176:3,kn175,147,False,0.856003,0.942759,1.08508,0.787692,0.90352,0.80541,0.912493
Qwen/Qwen3-8B,deepseek-ai/dspark_qwen3_8b_block7,dspark,dspark,V2 accept-test-only,longbench_v2_qwen3,spec_casc_opt,-0.02,,mid,2.228,150,3.01042,1.88251,3104.65,2947.96,1.05315,0.733883,0.764541,0.446667,0.473333,0.0866667,0.04,1.04177,kn173:147+kn169:3,kn175,0,False,,0.9596,1.1547,0.673011,0.79797,0.707154,0.828478
Qwen/Qwen3-8B,deepseek-ai/dspark_qwen3_8b_block7,dspark,dspark,V2 accept-test-only,longbench_v2_qwen3,spec_casc_opt,0.05,,high,2.697,150,3.45747,1.88251,3257.03,2947.96,1.10484,0.674814,0.722231,0.42,0.473333,0.173333,0.04,1.07027,kn172:123+kn171:24+kn175:3,kn175,3,False,,1.00558,1.21292,0.616616,0.736292,0.668149,0.781132
Qwen/Qwen3-8B,deepseek-ai/dspark_qwen3_8b_block7,dspark,dspark,V2 accept-test-only,longbench_v2_qwen3,r_fuzzy,0.15,,low,1.759,150,2.21526,1.88251,3155.95,2947.96,1.07056,0.945293,0.963366,0.44,0.473333,0.0666667,0.04,1.01912,kn176:81+kn174:66+kn171:3,kn175,0,False,,0.98797,1.1622,0.873163,1.0255,0.893911,1.0376
Qwen/Qwen3-8B,deepseek-ai/dspark_qwen3_8b_block7,dspark,dspark,V2 accept-test-only,longbench_v2_qwen3,r_fuzzy,0.25,,mid+high,2.228/2.697,150,2.61609,1.88251,3123.85,2947.96,1.05966,0.827693,0.845651,0.386667,0.473333,0.1,0.04,1.0217,kn169:147+kn174:3,kn175,0,False,,0.964544,1.16277,0.751221,0.910176,0.773854,0.92373
Qwen/Qwen3-8B,deepseek-ai/dspark_qwen3_8b_block7,dspark,dspark,V2 accept-test-only,longbench_v2_qwen3,r_fuzzy,0.03,,extra,,150,1.92178,1.88251,3104.07,2947.96,1.05295,1.02733,1.02328,0.493333,0.473333,0.04,0.04,0.996057,kn171:147+kn176:3,kn175,0,False,,0.993452,1.11685,0.967262,1.09338,0.968033,1.08218
Qwen/Qwen3-8B,deepseek-ai/dspark_qwen3_8b_block7,dspark,dspark,V2 accept-test-only,longbench_v2_qwen3,spec_casc_tok,0.8,,low+mid+high,1.759/2.228/2.697,150,2.28981,1.88251,2776.98,2947.96,0.942001,0.812401,0.828595,0.5,0.473333,0.0266667,0.04,1.01993,kn174:147+kn169:3,kn175,0,False,,0.87938,1.00499,0.75736,0.869345,0.778093,0.880834
Qwen/Qwen3-8B,deepseek-ai/dspark_qwen3_8b_block7,dspark,dspark,V2 accept-test-only,longbench_v2_qwen3,spec_casc_tok,0.15,,extra,,150,2.00195,1.88251,2864.15,2947.96,0.971569,0.926469,0.934655,0.473333,0.473333,0.0333333,0.04,1.00884,kn175:134+kn173:16,kn175,134,False,0.92829,0.903286,1.04133,0.860282,0.998434,0.872268,1.00108
Qwen/Qwen3-8B,deepseek-ai/dspark_qwen3_8b_block7,dspark,dspark,V2 accept-test-only,humaneval_qwen3,mentored_dec,0.55,,low,2.699,150,2.79607,2.49615,3908.51,3755.84,1.04065,0.938051,0.932824,0.853333,0.84,0.12,0.113333,0.994428,kn175:75+kn173:75,kn169,0,False,,0.971694,1.11638,0.879867,1.00228,0.874759,0.999083
Qwen/Qwen3-8B,deepseek-ai/dspark_qwen3_8b_block7,dspark,dspark,V2 accept-test-only,humaneval_qwen3,mentored_dec,0.75,,mid+high,3.134/3.569,150,2.9777,2.49615,4121.79,3755.84,1.09744,0.93295,0.933238,0.8,0.84,0.166667,0.113333,1.00031,kn175,kn169,0,False,,1.03195,1.16757,0.880036,0.991237,0.880395,0.991464
Qwen/Qwen3-8B,deepseek-ai/dspark_qwen3_8b_block7,dspark,dspark,V2 accept-test-only,humaneval_qwen3,mentored_dec,0.15,,extra,,150,2.54557,2.49615,3815.16,3755.84,1.01579,0.991742,0.986501,0.853333,0.84,0.0933333,0.113333,0.994716,kn174:83+kn169:64+kn173:3,kn169,64,False,1.02604,0.941218,1.09578,0.920487,1.07036,0.915825,1.06712
Qwen/Qwen3-8B,deepseek-ai/dspark_qwen3_8b_block7,dspark,dspark,V2 accept-test-only,humaneval_qwen3,cactus,0.08,,low,2.699,150,2.75833,2.49615,4083.42,3755.84,1.08722,0.992516,0.982935,0.826667,0.84,0.146667,0.113333,0.990347,kn173:119+kn171:28+kn175:3,kn169,0,False,,1.02638,1.15342,0.935965,1.05566,0.926583,1.04694
Qwen/Qwen3-8B,deepseek-ai/dspark_qwen3_8b_block7,dspark,dspark,V2 accept-test-only,humaneval_qwen3,cactus,0.35,,mid+high,3.134/3.569,150,3.00932,2.49615,4150.39,3755.84,1.10505,0.931335,0.936303,0.82,0.84,0.146667,0.113333,1.00533,kn173,kn169,0,False,,1.03855,1.18237,0.873658,0.995988,0.877881,1.00294
Qwen/Qwen3-8B,deepseek-ai/dspark_qwen3_8b_block7,dspark,dspark,V2 accept-test-only,humaneval_qwen3,cactus,0.03,,extra,,150,2.66712,2.49615,3746.93,3755.84,0.997627,0.936702,0.924408,0.893333,0.84,0.08,0.113333,0.986876,kn173:106+kn175:41+kn174:3,kn169,0,False,,0.93484,1.06411,0.875888,1.00318,0.863648,0.989551
Qwen/Qwen3-8B,deepseek-ai/dspark_qwen3_8b_block7,dspark,dspark,V2 accept-test-only,humaneval_qwen3,spec_casc_opt,-0.3,,low,2.699,150,2.75603,2.49615,4000.01,3755.84,1.06501,0.972149,0.96247,0.82,0.84,0.146667,0.113333,0.990044,kn174:147+kn169:3,kn169,3,False,,1.00436,1.13294,0.913263,1.03561,0.903985,1.02836
Qwen/Qwen3-8B,deepseek-ai/dspark_qwen3_8b_block7,dspark,dspark,V2 accept-test-only,humaneval_qwen3,spec_casc_opt,-0.1,,mid,3.134,150,2.96487,2.49615,4012.83,3755.84,1.06842,0.915629,0.904969,0.813333,0.84,0.126667,0.113333,0.988357,kn175:147+kn174:3,kn169,0,False,,1.00215,1.13814,0.860991,0.975278,0.849021,0.963917
Qwen/Qwen3-8B,deepseek-ai/dspark_qwen3_8b_block7,dspark,dspark,V2 accept-test-only,humaneval_qwen3,spec_casc_opt,0.05,,high,3.569,150,3.50343,2.49615,5353.87,3755.84,1.42548,1.08547,1.09644,0.613333,0.84,0.266667,0.113333,1.0101,kn177:78+kn173:69+kn174:3,kn169,0,False,,1.32798,1.53709,1.0083,1.17482,1.0181,1.18516
Qwen/Qwen3-8B,deepseek-ai/dspark_qwen3_8b_block7,dspark,dspark,V2 accept-test-only,humaneval_qwen3,r_fuzzy,0.15,,low,2.699,150,2.91212,2.49615,4165.23,3755.84,1.109,0.996824,0.98891,0.7,0.84,0.14,0.113333,0.99206,kn173:119+kn177:31,kn169,0,False,,1.02217,1.1999,0.924676,1.0737,0.916898,1.06754
Qwen/Qwen3-8B,deepseek-ai/dspark_qwen3_8b_block7,dspark,dspark,V2 accept-test-only,humaneval_qwen3,r_fuzzy,0.25,,mid,3.134,150,3.27495,2.49615,4671.25,3755.84,1.24373,1.01161,1.0195,0.64,0.84,0.22,0.113333,1.00779,kn176:147+kn171:3,kn169,0,False,,1.14702,1.34834,0.936248,1.09208,0.945504,1.10232
Qwen/Qwen3-8B,deepseek-ai/dspark_qwen3_8b_block7,dspark,dspark,V2 accept-test-only,humaneval_qwen3,r_fuzzy,0.03,,high,3.569,150,2.60181,2.49615,3801,3755.84,1.01202,0.991395,0.985193,0.8,0.84,0.0933333,0.113333,0.993744,kn171:147+kn173:3,kn169,0,False,,0.942532,1.08642,0.92492,1.06022,0.920492,1.05491
Qwen/Qwen3-8B,deepseek-ai/dspark_qwen3_8b_block7,dspark,dspark,V2 accept-test-only,humaneval_qwen3,spec_casc_tok,0.8,,low+mid+high,2.699/3.134/3.569,150,2.75312,2.49615,3930.95,3755.84,1.04662,0.953032,0.944444,0.813333,0.84,0.133333,0.113333,0.990989,kn176:147+kn174:3,kn169,0,False,,0.990024,1.10793,0.901082,1.01104,0.891753,1.0029
Qwen/Qwen3-8B,deepseek-ai/dspark_qwen3_8b_block7,dspark,dspark,V2 accept-test-only,humaneval_qwen3,spec_casc_tok,0.15,,extra,,150,2.52058,2.49615,3834.77,3755.84,1.02101,1.01127,1.01175,0.846667,0.84,0.0933333,0.113333,1.00048,kn173:93+kn169:54+kn171:3,kn169,54,False,1.01761,0.948664,1.09821,0.945703,1.08312,0.946176,1.08248
