target,drafter,drafter_family,spec_method,sampler_path,dataset,method,alpha,beta,setting,n_pairs,l_bar,l_bar_strict,mean_tokens,mean_tokens_strict,lambda,rounds_ratio,time_ratio,accuracy,accuracy_strict,capout_rate,capout_rate_strict,time_per_round_ratio,nodes,nodes_strict,same_node_pairs,same_node,lambda_ci_lo,lambda_ci_hi,rounds_ratio_ci_lo,rounds_ratio_ci_hi,time_ratio_ci_lo,time_ratio_ci_hi,time_ratio_same_node
Qwen/Qwen3-8B,RedHatAI/Qwen3-8B-speculator.peagle,eagle3,eagle3,V1 full patches,gsm8k_qwen3,mentored_dec,0.75,,loosest,150,2.36953,2.15502,1331.1,1302.81,1.02171,0.949647,0.948379,0.786667,0.806667,0.253333,0.233333,0.998665,kn174,kn175,0,False,0.987714,1.05717,0.917098,0.98535,0.915606,0.983359,
Qwen/Qwen3-8B,RedHatAI/Qwen3-8B-speculator.peagle,eagle3,eagle3,V1 full patches,gsm8k_qwen3,cactus,0.35,,loosest,150,2.46641,2.15502,1357.97,1302.81,1.04233,0.941743,0.947635,0.766667,0.806667,0.273333,0.233333,1.00626,kn175,kn175,150,True,1.00439,1.0824,0.907352,0.978537,0.913395,0.984151,0.947635
Qwen/Qwen3-8B,RedHatAI/Qwen3-8B-speculator.peagle,eagle3,eagle3,V1 full patches,gsm8k_qwen3,spec_casc_opt,0.05,,loosest,150,2.36126,2.15502,1333.99,1302.81,1.02393,0.957792,0.939338,0.766667,0.806667,0.273333,0.233333,0.980733,kn174,kn175,0,False,0.984131,1.06622,0.920575,0.996185,0.903559,0.976813,
Qwen/Qwen3-8B,RedHatAI/Qwen3-8B-speculator.peagle,eagle3,eagle3,V1 full patches,gsm8k_qwen3,r_fuzzy,0.25,,loosest,150,2.74672,2.15502,1672.1,1302.81,1.28345,1.07543,1.07687,0.513333,0.806667,0.56,0.233333,1.00134,kn175,kn175,150,True,1.21778,1.35632,1.01887,1.13759,1.02162,1.13886,1.07687
Qwen/Qwen3-8B,RedHatAI/Qwen3-8B-speculator.peagle,eagle3,eagle3,V1 full patches,gsm8k_qwen3,spec_casc_tok,0.8,,loosest,150,2.23309,2.15502,1304.17,1302.81,1.00104,0.975516,0.980489,0.733333,0.806667,0.28,0.233333,1.0051,kn174,kn175,0,False,0.960465,1.04362,0.935763,1.01855,0.939835,1.02271,
Qwen/Qwen3-8B,RedHatAI/Qwen3-8B-speculator.peagle,eagle3,eagle3,V1 full patches,livecodebench_qwen3,mentored_dec,0.75,,loosest,90,2.09695,1.83908,8172.98,8071.5,1.01257,0.917319,0.917526,0.666667,0.733333,0.333333,0.288889,1.00023,kn175,kn175,90,True,0.974025,1.05206,0.881406,0.95513,0.881354,0.956454,0.917526
Qwen/Qwen3-8B,RedHatAI/Qwen3-8B-speculator.peagle,eagle3,eagle3,V1 full patches,livecodebench_qwen3,cactus,0.35,,loosest,90,2.24425,1.83908,8847.17,8071.5,1.0961,0.94292,0.945204,0.555556,0.733333,0.455556,0.288889,1.00242,kn176,kn175,0,False,1.05357,1.14334,0.906319,0.985346,0.907746,0.989982,
Qwen/Qwen3-8B,RedHatAI/Qwen3-8B-speculator.peagle,eagle3,eagle3,V1 full patches,livecodebench_qwen3,spec_casc_opt,0.05,,loosest,90,2.07778,1.83908,8413.21,8071.5,1.04234,0.950717,0.951911,0.511111,0.733333,0.344444,0.288889,1.00126,kn176,kn175,0,False,0.99865,1.08847,0.911282,0.993446,0.911659,0.994818,
Qwen/Qwen3-8B,RedHatAI/Qwen3-8B-speculator.peagle,eagle3,eagle3,V1 full patches,livecodebench_qwen3,r_fuzzy,0.25,,loosest,90,2.37695,1.83908,10562.4,8071.5,1.30861,1.10323,1.13396,0.0333333,0.733333,0.7,0.288889,1.02785,kn172,kn175,0,False,1.23423,1.39534,1.0448,1.17427,1.06945,1.20864,
Qwen/Qwen3-8B,RedHatAI/Qwen3-8B-speculator.peagle,eagle3,eagle3,V1 full patches,livecodebench_qwen3,spec_casc_tok,0.8,,loosest,90,1.98841,1.83908,8362.89,8071.5,1.0361,0.977216,0.979875,0.644444,0.733333,0.333333,0.288889,1.00272,kn176,kn175,0,False,0.990396,1.08802,0.9338,1.02584,0.934831,1.02969,
