target,dataset,stem,method,alpha,n_cases,mean_l_bar,mean_completion_length,mean_verifier_rounds,accuracy
gpt_oss_20b,gsm8k,gsm8k,mentored_dec,0.15,150,2.872302661996245,320.94,84.56666666666666,0.9733333333333334
gpt_oss_20b,gsm8k,gsm8k,mentored_dec,0.35,150,3.1825548864444273,338.2733333333333,82.59333333333333,0.96
gpt_oss_20b,gsm8k,gsm8k,mentored_dec,0.75,150,3.733286873135276,374.82,78.09333333333333,0.9333333333333333
gpt_oss_20b,gsm8k,gsm8k,cactus,0.03,150,3.4170272113658857,411.00666666666666,92.11333333333333,0.96
gpt_oss_20b,gsm8k,gsm8k,cactus,0.18,150,4.095762333128075,501.73333333333335,95.57333333333334,0.8866666666666667
gpt_oss_20b,gsm8k,gsm8k,cactus,0.35,150,4.37218581681752,518.4733333333334,92.86666666666666,0.9133333333333333
gpt_oss_20b,gsm8k,gsm8k,spec_casc_opt,-0.3,150,3.1781864357661442,350.88666666666666,86.49333333333334,0.9333333333333333
gpt_oss_20b,gsm8k,gsm8k,spec_casc_opt,-0.1,150,3.4175528552364227,382.88666666666666,87.5,0.9533333333333334
gpt_oss_20b,gsm8k,gsm8k,spec_casc_opt,0.05,150,3.6661153881198416,468.92,100.26,0.94
gpt_oss_20b,gsm8k,gsm8k,r_fuzzy,0.08,150,2.9610393752834194,339.64,88.22,0.92
gpt_oss_20b,gsm8k,gsm8k,r_fuzzy,0.15,150,3.407039921467916,387.82,88.80666666666667,0.94
gpt_oss_20b,gsm8k,gsm8k,r_fuzzy,0.25,150,4.018256962953026,546.1733333333333,107.02666666666667,0.8733333333333333
gpt_oss_20b,gsm8k,gsm8k,spec_casc_tok,0.15,150,2.752777872444252,281.76,78.52666666666667,0.98
gpt_oss_20b,gsm8k,gsm8k,spec_casc_tok,0.8,150,3.040900807884757,308.52,77.88666666666667,0.9733333333333334
gpt_oss_20b,gsm8k,gsm8k,strict,strict,150,2.5666493775836448,322.18666666666667,94.02,0.96
gpt_oss_20b,aime24,aime24,mentored_dec,0.35,30,2.641171227372565,10544.8,3072.6,0.8
gpt_oss_20b,aime24,aime24,mentored_dec,0.75,30,3.3382415650391635,14772.766666666666,3491.3,0.6333333333333333
gpt_oss_20b,aime24,aime24,mentored_dec,0.15,30,2.410031080507201,9380.866666666667,2907.5666666666666,0.8
gpt_oss_20b,aime24,aime24,cactus,0.03,30,3.053454082172536,13162.266666666666,3333.8333333333335,0.6333333333333333
gpt_oss_20b,aime24,aime24,cactus,0.08,30,3.5346910401803178,15474.3,3455.8333333333335,0.5333333333333333
gpt_oss_20b,aime24,aime24,cactus,0.18,30,3.9281913391095773,15510.033333333333,3165.8,0.6
gpt_oss_20b,aime24,aime24,spec_casc_opt,-0.3,30,2.7054377678066754,11580.766666666666,3299.8333333333335,0.8
gpt_oss_20b,aime24,aime24,spec_casc_opt,0.05,30,3.382914845827477,21652.533333333333,5033.1,0.36666666666666664
gpt_oss_20b,aime24,aime24,r_fuzzy,0.08,30,2.463405196974448,11390.5,3446.3333333333335,0.7
gpt_oss_20b,aime24,aime24,r_fuzzy,0.25,30,3.679256096943079,18582.3,4041.9333333333334,0.5
gpt_oss_20b,aime24,aime24,r_fuzzy,0.03,30,2.267329501064567,11459.2,3798.4666666666667,0.7666666666666667
gpt_oss_20b,aime24,aime24,spec_casc_tok,0.8,30,2.6979429197373204,12936.933333333332,3615.5666666666666,0.7
gpt_oss_20b,aime24,aime24,spec_casc_tok,0.15,30,2.383499809486646,8733.6,2695.233333333333,0.8333333333333334
gpt_oss_20b,aime24,aime24,strict,strict,30,2.1919579169662753,8717.266666666666,2952.5,0.7666666666666667
gpt_oss_20b,humaneval,humaneval,mentored_dec,0.35,150,2.9844413469105464,940.52,244.86,0.9466666666666667
gpt_oss_20b,humaneval,humaneval,mentored_dec,0.75,150,3.6082611117280603,1182.0266666666666,262.6066666666667,0.96
gpt_oss_20b,humaneval,humaneval,mentored_dec,0.15,150,2.709617350804999,879.56,246.21333333333334,0.9733333333333334
gpt_oss_20b,humaneval,humaneval,cactus,0.03,150,3.3657604648800508,1129.96,266.2,0.9333333333333333
gpt_oss_20b,humaneval,humaneval,cactus,0.35,150,4.356839589711439,1632.82,303.38,0.8733333333333333
gpt_oss_20b,humaneval,humaneval,spec_casc_opt,-0.3,150,2.9859729466629257,994.88,259.62,0.94
gpt_oss_20b,humaneval,humaneval,spec_casc_opt,0.05,150,3.5540545377985193,1581.6066666666666,351.46,0.82
gpt_oss_20b,humaneval,humaneval,r_fuzzy,0.08,150,2.7753217457188186,957.86,262.96666666666664,0.8133333333333334
gpt_oss_20b,humaneval,humaneval,r_fuzzy,0.25,150,3.7698498590523255,1493.6266666666668,314.8666666666667,0.6333333333333333
gpt_oss_20b,humaneval,humaneval,r_fuzzy,0.03,150,2.5838245367469312,932.2133333333334,271.35333333333335,0.8666666666666667
gpt_oss_20b,humaneval,humaneval,spec_casc_tok,0.8,150,2.904743554944783,953.3733333333333,251.72666666666666,0.94
gpt_oss_20b,humaneval,humaneval,spec_casc_tok,0.15,150,2.5562424590512274,957.3133333333334,279.79333333333335,0.9666666666666667
gpt_oss_20b,humaneval,humaneval,strict,strict,150,2.5272686533630186,911.8933333333333,271.52,0.96
gpt_oss_20b,livecodebench,livecodebench,mentored_dec,0.35,90,2.610046941898833,3738.6,1091.8444444444444,0.8444444444444444
gpt_oss_20b,livecodebench,livecodebench,mentored_dec,0.75,90,3.2822584157703667,4312.577777777778,1028.4888888888888,0.8444444444444444
gpt_oss_20b,livecodebench,livecodebench,mentored_dec,0.15,90,2.3850420734642457,3732.7444444444445,1168.1777777777777,0.8666666666666667
gpt_oss_20b,livecodebench,livecodebench,cactus,0.03,90,2.9964583006128476,4536.488888888889,1147.4666666666667,0.7888888888888889
gpt_oss_20b,livecodebench,livecodebench,cactus,0.08,90,3.4250446868363573,4731.555555555556,1063.8777777777777,0.7
gpt_oss_20b,livecodebench,livecodebench,cactus,0.18,90,3.855511671840003,5314.333333333333,1078.3333333333333,0.6111111111111112
gpt_oss_20b,livecodebench,livecodebench,spec_casc_opt,-0.3,90,2.6898140281151823,3813.9333333333334,1079.0777777777778,0.8666666666666667
gpt_oss_20b,livecodebench,livecodebench,spec_casc_opt,0.05,90,3.2874690190165894,5668.655555555555,1335.088888888889,0.4888888888888889
gpt_oss_20b,livecodebench,livecodebench,r_fuzzy,0.15,90,2.772956973213951,4457.544444444445,1226.5777777777778,0.4666666666666667
gpt_oss_20b,livecodebench,livecodebench,r_fuzzy,0.25,90,3.50919417632454,5714.366666666667,1276.1777777777777,0.34444444444444444
gpt_oss_20b,livecodebench,livecodebench,r_fuzzy,0.03,90,2.216106332443075,3489.6222222222223,1143.3222222222223,0.7
gpt_oss_20b,livecodebench,livecodebench,spec_casc_tok,0.8,90,2.6647137941424974,4010.4222222222224,1125.0555555555557,0.8777777777777778
gpt_oss_20b,livecodebench,livecodebench,spec_casc_tok,0.15,90,2.32121070308609,3470.133333333333,1102.1666666666667,0.9222222222222223
gpt_oss_20b,livecodebench,livecodebench,strict,strict,90,2.1644534160372544,3456.2444444444445,1150.8333333333333,0.8888888888888888
gpt_oss_20b,mtbench,mtbench,mentored_dec,0.15,80,2.505328092063736,1263.45,388.35,
gpt_oss_20b,mtbench,mtbench,mentored_dec,0.55,80,3.163346500220843,1316.75,333.625,
gpt_oss_20b,mtbench,mtbench,mentored_dec,0.75,80,3.6104694357689717,1388.375,310.3875,
gpt_oss_20b,mtbench,mtbench,cactus,0.03,80,3.64993858415149,1313.55,283.3625,
gpt_oss_20b,mtbench,mtbench,cactus,0.18,80,4.440624210304625,1357.575,246.0375,
gpt_oss_20b,mtbench,mtbench,cactus,0.35,80,4.773722653057979,1497.0125,257.0875,
gpt_oss_20b,mtbench,mtbench,spec_casc_opt,-0.3,80,2.7931475772357675,1234.0375,348.2125,
gpt_oss_20b,mtbench,mtbench,spec_casc_opt,0.05,80,3.48043319044859,1379.7875,313.8375,
gpt_oss_20b,mtbench,mtbench,r_fuzzy,0.08,80,2.60355827556005,1319.4,393.825,
gpt_oss_20b,mtbench,mtbench,r_fuzzy,0.15,80,3.0473164685789578,1357.8375,353.8375,
gpt_oss_20b,mtbench,mtbench,r_fuzzy,0.25,80,3.87346948694627,1517.575,313.4,
gpt_oss_20b,mtbench,mtbench,spec_casc_tok,0.8,80,2.6281918652865297,1217.0375,362.1625,
gpt_oss_20b,mtbench,mtbench,spec_casc_tok,0.15,80,2.31322332490842,1227.2,405.4875,
gpt_oss_20b,mtbench,mtbench,strict,strict,80,2.3397169873197234,1264.325,413.8125,
gpt_oss_20b,longbench_v2,longbench_v2,mentored_dec,0.55,150,2.6097996982262663,1681.5133333333333,463.61333333333334,0.5733333333333334
gpt_oss_20b,longbench_v2,longbench_v2,mentored_dec,0.75,150,3.1015609809215943,2406.5066666666667,577.8933333333333,0.5066666666666667
gpt_oss_20b,longbench_v2,longbench_v2,mentored_dec,0.15,150,2.1029156498982235,1602.06,518.2466666666667,0.5333333333333333
gpt_oss_20b,longbench_v2,longbench_v2,cactus,0.03,150,3.3856625909790345,2318.5666666666666,527.88,0.44
gpt_oss_20b,longbench_v2,longbench_v2,cactus,0.18,150,4.493641316229309,2611.7266666666665,470.78,0.36
gpt_oss_20b,longbench_v2,longbench_v2,cactus,0.35,150,4.834042417381813,2667.4733333333334,453.9266666666667,0.36
gpt_oss_20b,longbench_v2,longbench_v2,spec_casc_opt,-0.1,150,2.5883795156560487,1969.2466666666667,556.46,0.4866666666666667
gpt_oss_20b,longbench_v2,longbench_v2,spec_casc_opt,0.05,150,2.8703824940162677,2697.1066666666666,681.3333333333334,0.4666666666666667
gpt_oss_20b,longbench_v2,longbench_v2,spec_casc_opt,-0.3,150,2.322484121107107,1824.7466666666667,546.7866666666666,0.5333333333333333
gpt_oss_20b,longbench_v2,longbench_v2,r_fuzzy,0.15,150,2.5253183168221924,2267.46,644.6733333333333,0.5066666666666667
gpt_oss_20b,longbench_v2,longbench_v2,r_fuzzy,0.25,150,3.4219426623537994,2553.9333333333334,569.5866666666667,0.4
gpt_oss_20b,longbench_v2,longbench_v2,r_fuzzy,0.03,150,1.9333792994962402,1718.62,588.1933333333334,0.5666666666666667
gpt_oss_20b,longbench_v2,longbench_v2,spec_casc_tok,0.8,150,2.3587305900308717,1698.2133333333334,501.7,0.5266666666666666
gpt_oss_20b,longbench_v2,longbench_v2,spec_casc_tok,0.15,150,2.0300022950099748,1629.64,531.4066666666666,0.52
gpt_oss_20b,longbench_v2,longbench_v2,strict,strict,150,1.9122098962761507,1508.8133333333333,519.5733333333334,0.56
qwen3_8b,gsm8k,gsm8k_qwen3,mentored_dec,0.15,150,1.5566665959577108,1280.6933333333334,497.62,0.7733333333333333
qwen3_8b,gsm8k,gsm8k_qwen3,mentored_dec,0.75,150,1.7492146016794519,1324.8933333333334,474.3333333333333,0.7666666666666667
qwen3_8b,gsm8k,gsm8k_qwen3,cactus,0.03,150,1.6229062295778571,1312.9733333333334,495.0466666666667,0.7866666666666666
qwen3_8b,gsm8k,gsm8k_qwen3,cactus,0.35,150,1.8660425531560054,1340.92,456.94,0.7666666666666667
qwen3_8b,gsm8k,gsm8k_qwen3,spec_casc_opt,-0.3,150,1.6224252349031507,1295.7866666666666,489.1,0.7666666666666667
qwen3_8b,gsm8k,gsm8k_qwen3,spec_casc_opt,-0.1,150,1.7411131835887754,1361.1933333333334,489.68,0.7133333333333334
qwen3_8b,gsm8k,gsm8k_qwen3,spec_casc_opt,0.05,150,2.1871513743868736,1715.12,534.3533333333334,0.4866666666666667
qwen3_8b,gsm8k,gsm8k_qwen3,r_fuzzy,0.08,150,1.6447167614025398,1472.08,553.94,0.72
qwen3_8b,gsm8k,gsm8k_qwen3,r_fuzzy,0.15,150,1.80713589295058,1459.6533333333334,514.04,0.6133333333333333
qwen3_8b,gsm8k,gsm8k_qwen3,r_fuzzy,0.25,150,2.073933800993014,1231.92,388.93333333333334,0.5533333333333333
qwen3_8b,gsm8k,gsm8k_qwen3,spec_casc_tok,0.55,150,1.5677709262715207,1282.1466666666668,495.56666666666666,0.8
qwen3_8b,gsm8k,gsm8k_qwen3,spec_casc_tok,0.15,150,1.5292491386780578,1260.2866666666666,496.3333333333333,0.8133333333333334
qwen3_8b,gsm8k,gsm8k_qwen3,spec_casc_tok,0.8,150,1.615669317068848,1275.3933333333334,484.3066666666667,0.7866666666666666
qwen3_8b,gsm8k,gsm8k_qwen3,strict,strict,150,1.5144359442907698,1291.9333333333334,510.08,0.8
qwen3_8b,aime24,aime24_qwen3,mentored_dec,0.75,30,1.3007892915692782,19369.266666666666,8865.166666666666,0.7333333333333333
qwen3_8b,aime24,aime24_qwen3,mentored_dec,0.15,30,1.184818229822537,17472.833333333332,8361.166666666666,0.7333333333333333
qwen3_8b,aime24,aime24_qwen3,cactus,0.03,30,1.6116682615441111,21952.933333333334,8361.1,0.6
qwen3_8b,aime24,aime24_qwen3,cactus,0.08,30,2.214254675683829,20053.2,6157.766666666666,0.36666666666666664
qwen3_8b,aime24,aime24_qwen3,cactus,0.35,30,3.4626664327490166,24062.0,5180.2,0.23333333333333334
qwen3_8b,aime24,aime24_qwen3,spec_casc_opt,0.05,30,1.8017478007172678,27132.466666666667,10059.6,0.3
qwen3_8b,aime24,aime24_qwen3,spec_casc_opt,-0.3,30,1.2372887387336038,19651.966666666667,9159.566666666668,0.7
qwen3_8b,aime24,aime24_qwen3,r_fuzzy,0.25,30,1.3743250286022617,24710.266666666666,11026.233333333334,0.4
qwen3_8b,aime24,aime24_qwen3,r_fuzzy,0.03,30,1.12000265811583,19990.5,9917.833333333334,0.6666666666666666
qwen3_8b,aime24,aime24_qwen3,spec_casc_tok,0.8,30,1.2410358702905742,18814.666666666668,8820.533333333333,0.7
qwen3_8b,aime24,aime24_qwen3,spec_casc_tok,0.15,30,1.143044834765835,18448.233333333334,9031.666666666666,0.7333333333333333
qwen3_8b,aime24,aime24_qwen3,strict,strict,30,1.1035766962046005,19140.9,9474.933333333332,0.7
qwen3_8b,humaneval,humaneval_qwen3,mentored_dec,0.75,150,1.5952655768362842,3972.6133333333332,1517.4866666666667,0.8466666666666667
qwen3_8b,humaneval,humaneval_qwen3,mentored_dec,0.15,150,1.4287689099132068,3839.7733333333335,1592.96,0.8533333333333334
qwen3_8b,humaneval,humaneval_qwen3,cactus,0.18,150,1.6452797050997392,4137.4,1534.5666666666666,0.8133333333333334
qwen3_8b,humaneval,humaneval_qwen3,cactus,0.35,150,1.7400824080959247,4202.386666666666,1479.76,0.7533333333333333
qwen3_8b,humaneval,humaneval_qwen3,cactus,0.03,150,1.5000005136315964,3947.9133333333334,1578.6,0.84
qwen3_8b,humaneval,humaneval_qwen3,spec_casc_opt,-0.02,150,1.6622992653040976,4181.74,1551.8,0.8133333333333334
qwen3_8b,humaneval,humaneval_qwen3,spec_casc_opt,0.05,150,2.033585690936412,6309.566666666667,2080.1133333333332,0.49333333333333335
qwen3_8b,humaneval,humaneval_qwen3,spec_casc_opt,-0.3,150,1.4944126582091193,3826.6466666666665,1537.82,0.86
qwen3_8b,humaneval,humaneval_qwen3,r_fuzzy,0.25,150,2.040278247427274,6053.733333333334,2040.3466666666666,0.16
qwen3_8b,humaneval,humaneval_qwen3,r_fuzzy,0.03,150,1.4278480555860682,4273.753333333333,1779.5533333333333,0.6133333333333333
qwen3_8b,humaneval,humaneval_qwen3,spec_casc_tok,0.8,150,1.4989511277215235,3959.76,1590.42,0.8533333333333334
qwen3_8b,humaneval,humaneval_qwen3,spec_casc_tok,0.15,150,1.4176879605346027,3887.5533333333333,1626.8866666666668,0.8333333333333334
qwen3_8b,humaneval,humaneval_qwen3,strict,strict,150,1.4182804185015399,3670.306666666667,1534.94,0.8266666666666667
qwen3_8b,livecodebench,livecodebench_qwen3,mentored_dec,0.75,90,1.4523823377518588,8427.977777777778,3442.0222222222224,0.6333333333333333
qwen3_8b,livecodebench,livecodebench_qwen3,mentored_dec,0.15,90,1.2461791570105367,8173.188888888889,3676.8,0.7333333333333333
qwen3_8b,livecodebench,livecodebench_qwen3,cactus,0.03,90,1.4090706174071084,8511.766666666666,3512.277777777778,0.6333333333333333
qwen3_8b,livecodebench,livecodebench_qwen3,cactus,0.18,90,1.9458239645906006,8812.377777777778,2891.733333333333,0.5
qwen3_8b,livecodebench,livecodebench_qwen3,cactus,0.35,90,2.338445706844098,9223.822222222223,2673.766666666667,0.4444444444444444
qwen3_8b,livecodebench,livecodebench_qwen3,spec_casc_opt,0.05,90,1.6981101345961804,10187.722222222223,3813.011111111111,0.3333333333333333
qwen3_8b,livecodebench,livecodebench_qwen3,spec_casc_opt,-0.3,90,1.3193159205900333,8472.733333333334,3678.0333333333333,0.6777777777777778
qwen3_8b,livecodebench,livecodebench_qwen3,r_fuzzy,0.15,90,1.4577808126370435,9219.533333333333,3854.488888888889,0.03333333333333333
qwen3_8b,livecodebench,livecodebench_qwen3,r_fuzzy,0.25,90,1.7622943465360916,8621.666666666666,3236.5777777777776,0.022222222222222223
qwen3_8b,livecodebench,livecodebench_qwen3,r_fuzzy,0.03,90,1.2214961669068363,8581.155555555555,3918.1,0.36666666666666664
qwen3_8b,livecodebench,livecodebench_qwen3,spec_casc_tok,0.8,90,1.3269465100336175,8054.122222222222,3491.488888888889,0.7111111111111111
qwen3_8b,livecodebench,livecodebench_qwen3,spec_casc_tok,0.15,90,1.2278963846149595,8095.455555555555,3679.2555555555555,0.7222222222222222
qwen3_8b,livecodebench,livecodebench_qwen3,strict,strict,90,1.2051410117612567,8028.544444444445,3703.366666666667,0.7
qwen3_8b,mtbench,mtbench_qwen3,mentored_dec,0.75,80,1.598255663869867,2155.125,815.25,
qwen3_8b,mtbench,mtbench_qwen3,mentored_dec,0.15,80,1.3030538730177177,2107.5625,899.45,
qwen3_8b,mtbench,mtbench_qwen3,cactus,0.03,80,1.783434495022321,2158.6375,763.1375,
qwen3_8b,mtbench,mtbench_qwen3,cactus,0.08,80,2.134823958167233,2340.55,731.1625,
qwen3_8b,mtbench,mtbench_qwen3,cactus,0.35,80,3.0214783230815727,2396.125,583.4,
qwen3_8b,mtbench,mtbench_qwen3,spec_casc_opt,-0.02,80,1.6702722258466498,2362.3375,865.5125,
qwen3_8b,mtbench,mtbench_qwen3,spec_casc_opt,-0.3,80,1.4127730554211164,2111.6375,865.2875,
qwen3_8b,mtbench,mtbench_qwen3,spec_casc_opt,0.05,80,1.8787648893976876,2537.325,858.275,
qwen3_8b,mtbench,mtbench_qwen3,r_fuzzy,0.15,80,1.5151045260537068,2309.7375,901.7875,
qwen3_8b,mtbench,mtbench_qwen3,r_fuzzy,0.25,80,1.9240907601081603,2330.7625,780.3375,
qwen3_8b,mtbench,mtbench_qwen3,r_fuzzy,0.03,80,1.2734932877625211,2064.1625,896.65,
qwen3_8b,mtbench,mtbench_qwen3,spec_casc_tok,0.8,80,1.404905955498495,2151.6375,881.45,
qwen3_8b,mtbench,mtbench_qwen3,spec_casc_tok,0.15,80,1.2701428712737015,2109.6125,921.1125,
qwen3_8b,mtbench,mtbench_qwen3,strict,strict,80,1.2472299819015498,2073.275,913.425,
qwen3_8b,longbench_v2,longbench_v2_qwen3,mentored_dec,0.15,150,0.72138486449308,2852.3333333333335,1624.36,0.5
qwen3_8b,longbench_v2,longbench_v2_qwen3,mentored_dec,0.75,150,0.8272085167316705,3065.5866666666666,1635.2466666666667,0.5133333333333333
qwen3_8b,longbench_v2,longbench_v2_qwen3,cactus,0.03,150,1.5688053022348727,3385.4933333333333,1262.12,0.44666666666666666
qwen3_8b,longbench_v2,longbench_v2_qwen3,cactus,0.08,150,2.1735557732878608,4411.3,1333.32,0.41333333333333333
qwen3_8b,longbench_v2,longbench_v2_qwen3,cactus,0.35,150,3.4498141683805827,6062.84,1342.9933333333333,0.29333333333333333
qwen3_8b,longbench_v2,longbench_v2_qwen3,spec_casc_opt,0.05,150,1.3398214920413665,3350.7533333333336,1392.2133333333334,0.36666666666666664
qwen3_8b,longbench_v2,longbench_v2_qwen3,spec_casc_opt,-0.3,150,0.8207064109707776,3138.4533333333334,1680.9733333333334,0.4666666666666667
qwen3_8b,longbench_v2,longbench_v2_qwen3,r_fuzzy,0.25,150,0.8989466904594247,3117.9866666666667,1611.2333333333333,0.44
qwen3_8b,longbench_v2,longbench_v2_qwen3,r_fuzzy,0.03,150,0.7131625861960477,3022.7266666666665,1719.0866666666666,0.48
qwen3_8b,longbench_v2,longbench_v2_qwen3,spec_casc_tok,0.15,150,0.720634228463074,3033.36,1720.0,0.5133333333333333
qwen3_8b,longbench_v2,longbench_v2_qwen3,spec_casc_tok,0.8,150,0.7575283424053297,2874.5533333333333,1606.8466666666666,0.49333333333333335
qwen3_8b,longbench_v2,longbench_v2_qwen3,strict,strict,150,0.7015922137840327,2887.46,1676.4333333333334,0.5266666666666666
