check,dataset,method,params,case,status,output_tokens,finish,l_bar,host
a2_r1_eagle3_maxpos,gsm8k_r1llama,mentored_dec,alpha0.75,case_001,ok,669,stop,3.806,
a2_r1_eagle3_maxpos,gsm8k_r1llama,strict,strict,case_001,ok,592,stop,2.397,
a2_r1_eagle3_maxpos,gsm8k_r1llama,strict,strict,case_002,ok,577,stop,2.74,
a2_r1_eagle3_maxpos,gsm8k_r1llama,strict,strict,case_003,ok,389,stop,3.46,
a2_r1_eagle3_maxpos,gsm8k_r1llama,strict,strict,case_004,ok,254,stop,3.288,
a2_r1_eagle3_maxpos,gsm8k_r1llama,strict,strict,case_005,ok,668,stop,2.706,
a2_r1_eagle3_maxpos,livecodebench_r1llama,strict,strict,case_001,ok,3850,stop,1.198,
a2_r1_eagle3_maxpos,livecodebench_r1llama,strict,strict,case_002,ok,9586,stop,0.48,
a2_r1_eagle3_maxpos,livecodebench_r1llama,strict,strict,case_003,ok,12000,length,0.414,
a2_r1_eagle3_maxpos,livecodebench_r1llama,strict,strict,case_004,ok,6370,stop,0.824,
a2_r1_eagle3_maxpos,livecodebench_r1llama,strict,strict,case_005,ok,12000,length,0.387,
a_r1_eagle3,gsm8k_r1llama,mentored_dec,alpha0.75,case_001,ok,477,stop,3.367,
a_r1_eagle3,gsm8k_r1llama,strict,strict,case_001,ok,490,stop,2.596,
a_r1_eagle3,gsm8k_r1llama,strict,strict,case_002,ok,260,stop,2.866,
a_r1_eagle3,gsm8k_r1llama,strict,strict,case_003,ok,717,stop,2.829,
a_r1_eagle3,gsm8k_r1llama,strict,strict,case_004,ok,326,stop,3.276,
a_r1_eagle3,gsm8k_r1llama,strict,strict,case_005,ok,368,stop,2.398,
a_r1_eagle3_maxpos,livecodebench_r1llama,strict,strict,case_001,ok,4139,stop,1.173,
a_r1_eagle3_maxpos,livecodebench_r1llama,strict,strict,case_002,ok,12000,length,0.402,
b2_r1_llama1b,gsm8k_r1llama,mentored_dec,alpha0.75,case_001,ok,474,stop,3.38,
b2_r1_llama1b,gsm8k_r1llama,strict,strict,case_001,ok,325,stop,2.0,
b2_r1_llama1b,gsm8k_r1llama,strict,strict,case_002,ok,240,stop,2.187,
b2_r1_llama1b,gsm8k_r1llama,strict,strict,case_003,ok,443,stop,2.746,
b2_r1_llama1b,gsm8k_r1llama,strict,strict,case_004,ok,298,stop,2.0,
b2_r1_llama1b,gsm8k_r1llama,strict,strict,case_005,ok,590,stop,2.254,
b_r1_llama1b,gsm8k_r1llama,mentored_dec,alpha0.75,case_001,ok,350,stop,2.598,
b_r1_llama1b,gsm8k_r1llama,strict,strict,case_001,ok,402,stop,1.949,
b_r1_llama1b,gsm8k_r1llama,strict,strict,case_002,ok,272,stop,2.871,
b_r1_llama1b,gsm8k_r1llama,strict,strict,case_003,ok,427,stop,2.328,
b_r1_llama1b,gsm8k_r1llama,strict,strict,case_004,ok,289,stop,2.646,
b_r1_llama1b,gsm8k_r1llama,strict,strict,case_005,ok,516,stop,2.527,
c_l31_eagle1,gsm8k_llama31,strict,strict,case_001,ok,157,stop,1.508,
c_l31_eagle1,livecodebench_llama31,strict,strict,case_001,ok,448,stop,1.626,
c_l31_eagle1,livecodebench_llama31,strict,strict,case_002,ok,976,stop,1.442,
c_l31_eagle1_maxpos,livecodebench_llama31,strict,strict,case_001,ok,448,stop,1.626,
c_l31_eagle1_maxpos,livecodebench_llama31,strict,strict,case_002,ok,976,stop,1.442,
c_l31_eagle3,gsm8k_llama31,strict,strict,case_001,ok,166,stop,2.173,
c_l31_eagle3,gsm8k_llama31,strict,strict,case_002,ok,152,stop,2.304,
c_l31_eagle3,gsm8k_llama31,strict,strict,case_003,ok,441,stop,1.864,
c_l31_eagle3,gsm8k_llama31,strict,strict,case_004,ok,204,stop,2.561,
c_l31_eagle3,gsm8k_llama31,strict,strict,case_005,ok,217,stop,1.602,
c_l31_eagle3,livecodebench_llama31,strict,strict,case_001,ok,534,stop,1.796,
c_l31_eagle3,livecodebench_llama31,strict,strict,case_002,ok,543,stop,2.265,
c_l31_eagle3,livecodebench_llama31,strict,strict,case_003,ok,1058,stop,2.011,
c_l31_eagle3,livecodebench_llama31,strict,strict,case_004,ok,688,stop,1.741,
c_l31_eagle3,livecodebench_llama31,strict,strict,case_005,ok,785,stop,1.875,
c_l31_eagle3_maxpos,livecodebench_llama31,strict,strict,case_001,ok,443,stop,2.034,
c_l31_eagle3_maxpos,livecodebench_llama31,strict,strict,case_002,ok,612,stop,2.171,
c_l31_llama1b,gsm8k_llama31,strict,strict,case_001,ok,191,stop,3.043,
c_l31_medusa,gsm8k_llama31,mentored_dec,alpha0.75,case_001,ok,222,stop,1.265,
c_l31_medusa,gsm8k_llama31,strict,strict,case_001,ok,249,stop,0.818,
c_l31_medusa,livecodebench_llama31,strict,strict,case_001,ok,402,stop,0.995,
d_q3_dflash,gsm8k_qwen3,mentored_dec,alpha0.75,case_001,ok,754,stop,2.129,
d_q3_dflash,gsm8k_qwen3,strict,strict,case_001,ok,577,stop,1.828,
d_q3_qwen17b_owncache,gsm8k_qwen3,mentored_dec,alpha0.75,case_001,ok,642,stop,4.136,
d_q3_qwen17b_owncache,gsm8k_qwen3,strict,strict,case_001,ok,715,stop,3.469,
d_q3_thinking_eagle3,gsm8k_qwen3,mentored_dec,alpha0.75,case_001,ok,477,stop,2.424,kn175
d_q3_thinking_eagle3,gsm8k_qwen3,strict,strict,case_001,ok,554,stop,2.197,kn175
e_gptoss_rh_eagle3,gsm8k,mentored_dec,alpha0.75,case_001,ok,202,stop,2.589,
e_gptoss_rh_eagle3,gsm8k,strict,strict,case_001,ok,115,stop,1.714,
f2_v2_l31_eagle3_maxpos,gsm8k_llama31,cactus,alpha0,case_001,ok,142,stop,2.357,
f2_v2_l31_eagle3_maxpos,gsm8k_llama31,cactus,alpha0.35,case_001,ok,2048,length,4.639,
f2_v2_l31_eagle3_maxpos,gsm8k_llama31,mentored_dec,alpha0,case_001,ok,142,stop,2.357,
f2_v2_l31_eagle3_maxpos,gsm8k_llama31,mentored_dec,alpha0.75,case_001,ok,152,stop,2.619,
f2_v2_l31_eagle3_maxpos,gsm8k_llama31,r_fuzzy,alpha0.25,case_001,ok,2048,length,0.931,
f2_v2_l31_eagle3_maxpos,gsm8k_llama31,r_fuzzy,alphaneginf,case_001,ok,142,stop,2.357,
f2_v2_l31_eagle3_maxpos,gsm8k_llama31,spec_casc_opt,alpha0.05,case_001,ok,155,stop,2.69,
f2_v2_l31_eagle3_maxpos,gsm8k_llama31,spec_casc_opt,alphaneginf,case_001,ok,142,stop,2.357,
f2_v2_l31_eagle3_maxpos,gsm8k_llama31,spec_casc_tok,alpha0.8,case_001,ok,164,stop,2.705,
f2_v2_l31_eagle3_maxpos,gsm8k_llama31,spec_casc_tok,alphaneginf,case_001,ok,142,stop,2.357,
f2_v2_l31_eagle3_maxpos,gsm8k_llama31,strict,strict,case_001,ok,166,stop,2.173,
f_v1_l31_llama1b,gsm8k_llama31,cactus,alpha0,case_001,ok,280,stop,2.986,
f_v1_l31_llama1b,gsm8k_llama31,cactus,alpha0.35,case_001,ok,172,stop,4.5,
f_v1_l31_llama1b,gsm8k_llama31,mentored_dec,alpha0,case_001,ok,280,stop,2.986,
f_v1_l31_llama1b,gsm8k_llama31,mentored_dec,alpha0.75,case_001,ok,151,stop,4.345,
f_v1_l31_llama1b,gsm8k_llama31,r_fuzzy,alpha0.25,case_001,ok,213,stop,5.143,
f_v1_l31_llama1b,gsm8k_llama31,r_fuzzy,alphaneginf,case_001,ok,280,stop,2.986,
f_v1_l31_llama1b,gsm8k_llama31,spec_casc_opt,alpha0.05,case_001,ok,338,stop,4.106,
f_v1_l31_llama1b,gsm8k_llama31,spec_casc_opt,alphaneginf,case_001,ok,280,stop,2.986,
f_v1_l31_llama1b,gsm8k_llama31,spec_casc_tok,alpha0.8,case_001,ok,261,stop,4.388,
f_v1_l31_llama1b,gsm8k_llama31,spec_casc_tok,alphaneginf,case_001,ok,280,stop,2.986,
f_v1_l31_llama1b,gsm8k_llama31,strict,strict,case_001,ok,280,stop,2.986,
f_v2_l31_eagle3,gsm8k_llama31,cactus,alpha0,case_001,ok,142,stop,2.357,
f_v2_l31_eagle3,gsm8k_llama31,mentored_dec,alpha0,case_001,ok,142,stop,2.357,
f_v2_l31_eagle3,gsm8k_llama31,mentored_dec,alpha0.75,case_001,ok,152,stop,2.619,
f_v2_l31_eagle3,gsm8k_llama31,spec_casc_opt,alpha0.05,case_001,ok,155,stop,2.69,
f_v2_l31_eagle3,gsm8k_llama31,spec_casc_tok,alpha0.8,case_001,ok,164,stop,2.705,
f_v2_l31_eagle3,gsm8k_llama31,strict,strict,case_001,ok,142,stop,2.357,
p_q3_peagle,gsm8k_qwen3,strict,strict,case_001,ok,481,stop,1.652,kn175
prof2_r1_eagle3_maxpos_1024,aime24_r1llama,strict,strict,case_001,ok,1024,length,2.642,
prof2_r1_eagle3_maxpos_1024,livecodebench_r1llama,strict,strict,case_002,ok,1024,length,2.317,
prof2_r1_eagle3_maxpos_2048,aime24_r1llama,strict,strict,case_001,ok,2048,length,2.969,
prof2_r1_eagle3_maxpos_2048,livecodebench_r1llama,strict,strict,case_002,ok,2048,length,2.239,
prof2_r1_eagle3_maxpos_4096,aime24_r1llama,strict,strict,case_001,ok,3605,stop,1.969,
prof2_r1_eagle3_maxpos_4096,livecodebench_r1llama,strict,strict,case_002,ok,4096,length,1.204,
prof2_r1_eagle3_maxpos_8192,aime24_r1llama,strict,strict,case_001,ok,3605,stop,1.969,
prof2_r1_eagle3_maxpos_8192,livecodebench_r1llama,strict,strict,case_002,ok,8192,length,0.575,
