sampler_path,method,setting,params,identical_to_lossless,expected,pass,tokens,tokens_lossless,l_bar,l_bar_lossless
"V2 (Llama-3.1-8B-Instruct + EAGLE-3, 65536-position head)",mentored_dec,strict point,alpha0,False,identical,False,142,166,2.357,2.173
"V2 (Llama-3.1-8B-Instruct + EAGLE-3, 65536-position head)",mentored_dec,loosest,alpha0.75,False,differs,True,152,166,2.619,2.173
"V2 (Llama-3.1-8B-Instruct + EAGLE-3, 65536-position head)",cactus,strict point,alpha0,False,identical,False,142,166,2.357,2.173
"V2 (Llama-3.1-8B-Instruct + EAGLE-3, 65536-position head)",cactus,loosest,alpha0.35,False,differs,True,2048,166,4.639,2.173
"V2 (Llama-3.1-8B-Instruct + EAGLE-3, 65536-position head)",spec_casc_opt,strict point,alphaneginf,False,identical,False,142,166,2.357,2.173
"V2 (Llama-3.1-8B-Instruct + EAGLE-3, 65536-position head)",spec_casc_opt,loosest,alpha0.05,False,differs,True,155,166,2.69,2.173
"V2 (Llama-3.1-8B-Instruct + EAGLE-3, 65536-position head)",r_fuzzy,strict point,alphaneginf,False,identical,False,142,166,2.357,2.173
"V2 (Llama-3.1-8B-Instruct + EAGLE-3, 65536-position head)",r_fuzzy,loosest,alpha0.25,False,differs,True,2048,166,0.931,2.173
"V2 (Llama-3.1-8B-Instruct + EAGLE-3, 65536-position head)",spec_casc_tok,strict point,alphaneginf,False,identical,False,142,166,2.357,2.173
"V2 (Llama-3.1-8B-Instruct + EAGLE-3, 65536-position head)",spec_casc_tok,loosest,alpha0.8,False,differs,True,164,166,2.705,2.173
"V1 (Llama-3.1-8B-Instruct + Llama-3.2-1B, draft_model)",mentored_dec,strict point,alpha0,True,identical,True,280,280,2.986,2.986
"V1 (Llama-3.1-8B-Instruct + Llama-3.2-1B, draft_model)",mentored_dec,loosest,alpha0.75,False,differs,True,151,280,4.345,2.986
"V1 (Llama-3.1-8B-Instruct + Llama-3.2-1B, draft_model)",cactus,strict point,alpha0,True,identical,True,280,280,2.986,2.986
"V1 (Llama-3.1-8B-Instruct + Llama-3.2-1B, draft_model)",cactus,loosest,alpha0.35,False,differs,True,172,280,4.5,2.986
"V1 (Llama-3.1-8B-Instruct + Llama-3.2-1B, draft_model)",spec_casc_opt,strict point,alphaneginf,True,identical,True,280,280,2.986,2.986
"V1 (Llama-3.1-8B-Instruct + Llama-3.2-1B, draft_model)",spec_casc_opt,loosest,alpha0.05,False,differs,True,338,280,4.106,2.986
"V1 (Llama-3.1-8B-Instruct + Llama-3.2-1B, draft_model)",r_fuzzy,strict point,alphaneginf,True,identical,True,280,280,2.986,2.986
"V1 (Llama-3.1-8B-Instruct + Llama-3.2-1B, draft_model)",r_fuzzy,loosest,alpha0.25,False,differs,True,213,280,5.143,2.986
"V1 (Llama-3.1-8B-Instruct + Llama-3.2-1B, draft_model)",spec_casc_tok,strict point,alphaneginf,True,identical,True,280,280,2.986,2.986
"V1 (Llama-3.1-8B-Instruct + Llama-3.2-1B, draft_model)",spec_casc_tok,loosest,alpha0.8,False,differs,True,261,280,4.388,2.986
