method,params,old_ok,new_ok,old_eq_new,new_eq_strict_new,tokens_old,tokens_new,l_bar_old,l_bar_new
strict,strict,True,True,True,True,731,731,1.2741433021806854,1.2741433021806854
mentored_dec,alpha0.75,True,True,True,False,648,648,1.4694656488549618,1.4694656488549618
cactus,alpha0.35,True,True,True,False,697,697,1.4421052631578948,1.4421052631578948
spec_casc_opt,alpha0.05,True,True,True,False,564,564,1.491150442477876,1.491150442477876
r_fuzzy,alpha0.25,True,True,True,False,2048,2048,2.2267716535433073,2.2267716535433073
spec_casc_tok,alpha0.8,True,True,True,False,1083,1083,1.3268817204301075,1.3268817204301075
spec_casc_tok_lt,alphaneginf,False,False,,,,,,
spec_casc_tok_lt,alpha0.15,False,True,,False,,612,,1.2380952380952381
spec_casc_tok_lt,alpha0.2,False,True,,False,,612,,1.2380952380952381
spec_casc_opt_head,alphaneginf_beta0.15,False,False,,,,,,
spec_casc_opt_head,alpha0.05_beta0.15,False,True,,False,,612,,1.2380952380952381
