machine,dataset,n_runs,c0_ms,c1_ms_per_token,c1_over_c0,r2,mean_time_per_round_ms
"old box (H100 PCIe), seed 0",gsm8k,900,24.4476,1.74277,0.071286,0.0441961,32.4055
"old box (H100 PCIe), seed 0",humaneval,900,14.1144,3.0409,0.215447,0.447487,27.657
"old box (H100 PCIe), seed 0",mtbench,480,11.8683,3.23563,0.272627,0.393725,26.2701
"old box (H100 PCIe), seed 0",livecodebench,540,13.5492,2.88865,0.213197,0.424784,25.4714
"old box (H100 PCIe), seed 0",aime24,180,13.3207,2.53673,0.190436,0.872323,23.9827
"old box (H100 PCIe), seed 0",longbench_v2,900,276.517,-12.4884,-0.0451632,0.00436033,225.525
"Nibi (H100 SXM), seeds 1-2",gsm8k,1800,7.57233,0.0667927,0.00882063,0.00145845,7.87876
"Nibi (H100 SXM), seeds 1-2",humaneval,1800,7.43765,0.021605,0.00290481,0.00427846,7.53389
"Nibi (H100 SXM), seeds 1-2",mtbench,960,7.07653,0.0847633,0.0119781,0.13486,7.45481
"Nibi (H100 SXM), seeds 1-2",livecodebench,1080,7.37086,0.0159456,0.00216333,0.00877427,7.43677
"Nibi (H100 SXM), seeds 1-2",aime24,360,7.18945,0.0501914,0.00698125,0.0377804,7.39989
"Nibi (H100 SXM), seeds 1-2",longbench_v2,1200,11.459,-0.545933,-0.0476424,0.0519245,9.3699
